"OLST_attempt_id","RADAR_capture","MOCAP_Start_Time","MOCAP_End_Time","RADAR_Start_Frame","RADAR_End_Frame","Seconds_per_Frame","an","is_attempt_final","t_foot_up","t_stable","t_break","t_end","frame_foot_up","frame_stable","frame_break","frame_end","participant_id","label","movement_code","stance_leg","lifted_leg","stance_knee_vel_mean","stance_knee_vel_std","stance_knee_vel_max","lifted_knee_vel_mean","lifted_knee_vel_std","lifted_knee_vel_max","stance_knee_acc_mean","stance_knee_acc_std","stance_knee_acc_max","lifted_knee_acc_mean","lifted_knee_acc_std","lifted_knee_acc_max","com_disp_mean","com_disp_std","com_disp_max","com_range_x","com_range_y","com_vel_mean","com_vel_std","trunk_sway_x_std","trunk_sway_y_std","trunk_sway_x_range","trunk_sway_y_range","trunk_sway_vel_mean","trunk_sway_vel_std","doppler_centroid_mean","doppler_centroid_std","doppler_centroid_max","doppler_centroid_range","micro_vel_mean","micro_vel_std","micro_vel_max","micro_vel_energy","micro_acc_mean","micro_acc_std","micro_acc_max","amp_total_power_mean","amp_total_power_std","amp_total_power_range","amp_peak_power_mean","amp_peak_power_std","amp_variation_mean","amp_variation_std","amp_variation_max","COP_AP_range_mm","COP_AP_mean_mm","COP_AP_sd_mm","COP_ML_range_mm","COP_ML_mean_mm","COP_ML_sd_mm","COP_speed_mean_mm_s","COP_speed_sd_mm_s","COP_speed_max_mm_s","COP_speed_computed_mean","GRF_Z_mean_N","GRF_Z_sd_N","GRF_Z_cv_pct","GRF_Z_range_N","sway_path_length_mm","sway_path_per_second_mm_s","trial_duration_s"
"01_MNTRL_RR_V1_an1","01_MNTRL_RR_V1","8.47","30.2","226","821","0.0365","1","False","10.22","11.19","14.28","15.05","273","300","385","406","1","STABLE","MNTRL","L","R","0.265653","0.168876","1.04017","0.743705","0.814087","4.07922","0.145319","0.126338","0.81007","0.161764","0.137574","0.858672","8.86643","2.97125","13.537","18.4183","18.7059","0.219132","0.163049","4.45507","7.49902","14.5887","23.2713","0.192089","0.10792","-0.00576239","0.129509","0.348095","0.622754","0.000674627","0.000448728","0.0021756","0.000000656479","0.0162784","0.0119984","0.0472685","96434.9","4482.32","20241.6","96.7762","3.54586","3461.28","3395.81","18159.3","39.1006","56.0218","7.63983","30.8088","89.4533","9.0036","489.247","268.991","1953.93","489.255","565.499","10.7127","1.89438","69.2759","1511.69","489.221","3.09"
"01_MNTRL_RR_V1_an2","01_MNTRL_RR_V1","8.47","30.2","226","821","0.0365","2","False","18.25","19.05","22.18","22.83","493","515","601","619","1","STABLE","MNTRL","L","R","0.256186","0.212794","1.4051","0.848065","0.721073","3.72671","0.162645","0.199643","1.59824","0.169773","0.129746","1.00937","7.05505","2.93121","12.3018","19.1968","12.5117","0.182883","0.163157","7.85384","4.1841","21.146","18.9447","0.19805","0.129916","-0.166386","0.0829439","0.380692","0.423266","0.00104603","0.000505943","0.00237932","0.00000135016","0.0168685","0.0117013","0.0587786","89549","2764.65","13658.6","93.3523","4.245","2215.54","1588.47","8330.52","37.0946","44.7627","8.45616","29.2881","96.719","7.39186","484.862","260.496","1742.25","484.897","565.468","9.40551","1.66331","65.0034","1517.54","484.837","3.13"
"01_MNTRL_RR_V1_an3","01_MNTRL_RR_V1","8.47","30.2","226","821","0.0365","3","True","26.24","27.03",NULL,"30.2","712","734",NULL,"821","1","STABLE","MNTRL","L","R","0.176079","0.105492","0.590605","0.674461","0.839178","3.448","0.101381","0.0592321","0.418141","0.137755","0.121919","0.708708","5.73573","3.58332","15.7826","19.1374","5.97928","0.164565","0.11754","5.30307","2.86852","16.1063","11.0597","0.132997","0.0814842","-0.178159","0.0923946","0.44613","0.477221","0.00111862","0.000567476","0.00278831","0.00000157334","0.0169954","0.0149205","0.0817158","89571.4","3570.53","14544.7","94.0537","5.08994","2348.15","1983.89","9886.83","21.4853","53.2417","4.60018","17.2641","97.4492","4.06056","497.947","267.54","1931.21","497.869","566.61","6.47195","1.14222","42.1143","1578.14","497.836","3.17"
"01_MNTRL_RR_V2_an1","01_MNTRL_RR_V2","8.52","30.2","225","816","0.03664","1","False","10.48","11.05","14.27","15.05","278","294","382","403","1","STABLE","MNTRL","L","R","0.252568","0.15369","0.830591","0.806258","1.08367","5.91475","0.0942612","0.0485762","0.287402","0.163912","0.14712","0.912744","5.96172","3.24229","22.4663","9.62733","23.6106","0.228166","0.209282","5.36144","3.56767","25.9593","20.1797","0.182701","0.157648","-0.0129037","0.172646","0.405823","0.778655","0.000889643","0.000615922","0.00253639","0.00000117082","0.0177809","0.0127092","0.0570963","96645.2","4304.84","20379.4","96.1337","3.64214","3445.38","3138.83","16647.8","30.1257","-6.66855","6.89454","25.5626","37.5469","5.71961","480.744","269.706","1736.93","480.821","564.254","12.6024","2.23346","93.996","1548.19","480.804","3.22"
"01_MNTRL_RR_V2_an2","01_MNTRL_RR_V2","8.52","30.2","225","816","0.03664","2","False","18.41","19.07","22.17","22.86","495","513","597","616","1","STABLE","MNTRL","L","R","0.173592","0.0916576","0.498804","0.599968","0.834784","4.04179","0.103297","0.055749","0.30422","0.133007","0.130517","0.737783","4.98288","1.55466","9.82869","13.2585","7.85456","0.139556","0.0912306","5.69558","1.64849","17.1177","7.30767","0.14133","0.06623","-0.199739","0.0944165","0.496585","0.518683","0.00125551","0.000574767","0.00310366","0.00000190665","0.017655","0.013914","0.0688914","90091.9","3044.92","14831.1","95.1372","4.05649","1924.04","1434.26","6434.35","27.7294","0.71041","7.26042","15.946","44.443","3.59112","479.844","261.257","1750.01","479.935","565.149","6.92421","1.2252","43.9453","1487.73","479.914","3.1"
"01_MNTRL_RR_V2_an3","01_MNTRL_RR_V2","8.52","30.2","225","816","0.03664","3","True","26.46","27.06",NULL,"30.2","714","731",NULL,"816","1","STABLE","MNTRL","L","R","0.268117","0.194309","1.02176","0.800825","1.05966","4.92183","0.142107","0.155788","1.41296","0.14224","0.123137","0.696917","8.5435","2.87623","17.5763","20.8484","18.3668","0.195355","0.168945","10.0638","3.2101","32.1793","19.0883","0.227467","0.176802","-0.190194","0.0909085","0.40208","0.438111","0.00119512","0.000554574","0.002513","0.00000173587","0.0180701","0.0143984","0.0614257","90729.7","3408.51","17752.7","94.9709","5.61914","2322.92","1679.27","6883.2","35.4576","-3.71819","10.8905","23.9274","51.2679","4.89691","477.114","256.834","1594.19","477.23","565.373","9.74064","1.72287","67.1396","1498.39","477.195","3.14"
"01_MNTRL_RR_V3_an1","01_MNTRL_RR_V3","7.62","30.5","200","826","0.03651","1","False","10.66","11.19","14.41","15.16","283","297","385","406","1","STABLE","MNTRL","L","R","0.27128","0.163658","1.27953","0.712344","0.734147","3.89393","0.113401","0.0831337","0.711028","0.147295","0.128961","0.732883","10.2419","4.19996","17.6431","23.3613","21.5461","0.262348","0.198988","7.42964","5.15731","24.064","19.302","0.257069","0.167629","-0.0150997","0.193367","0.472924","0.772889","0.00102291","0.000650503","0.00295578","0.00000146949","0.0155594","0.0108929","0.0484635","95583.2","5591.73","20976.3","95.1688","4.66606","2655.79","2338.69","12154.5","46.3186","-4.71832","12.6409","36.573","28.0743","9.35703","471.534","255.777","1761.76","471.6","564.703","7.70759","1.36489","40.8936","1518.5","471.584","3.22"
"01_MNTRL_RR_V3_an2","01_MNTRL_RR_V3","7.62","30.5","200","826","0.03651","2","False","18.25","18.9","22.09","22.83","491","508","596","616","1","STABLE","MNTRL","L","R","0.240057","0.131056","0.966233","0.584705","0.744285","4.02312","0.119632","0.124307","0.817574","0.120761","0.107767","0.753194","9.7535","3.09092","13.2597","13.8513","25.5506","0.25528","0.164247","5.39052","7.76573","19.2597","22.0577","0.239527","0.118462","-0.162904","0.120249","0.409516","0.524379","0.00109068","0.000641786","0.00255947","0.00000160146","0.0213266","0.0160205","0.0657857","91526.9","3889.08","22569.3","95.577","3.68949","2461.62","1937.6","8190.58","36.1912","3.05308","8.76414","34.3325","33.5386","10.3841","481.865","266.816","1792.36","481.864","564.927","7.81557","1.38346","54.3222","1537.08","481.842","3.19"
"01_MNTRL_RR_V3_an3","01_MNTRL_RR_V3","7.62","30.5","200","826","0.03651","3","True","26.35","27.12",NULL,"30.5","713","734",NULL,"826","1","STABLE","MNTRL","L","R","0.238502","0.177027","1.05992","0.650846","0.878445","4.34644","0.145349","0.185225","1.37701","0.119507","0.105002","0.658791","7.29654","4.55709","17.2458","17.2336","29.3807","0.18045","0.0990249","6.34745","5.65867","20.9433","24.998","0.151195","0.0710891","-0.154847","0.117137","0.374242","0.575862","0.00104711","0.000613315","0.00233901","0.0000014726","0.0174833","0.01209","0.0554826","91188","4259.5","24230.8","93.9378","4.67228","2577.66","2388.7","11432.2","28.3513","-11.89","8.04979","26.3046","37.6052","6.93359","470.357","258.134","1571.79","470.462","565.34","6.90758","1.22184","49.7437","1590.03","470.422","3.38"
"01_MNTRR_RR_V1_an1","01_MNTRR_RR_V1","7.61","30.23","202","823","0.03638","1","False","10.07","10.97","14.09","14.99","269","294","380","404","1","STABLE","MNTRR","R","L","0.217282","0.140098","0.683106","0.713805","0.846941","4.6411","0.0910674","0.0465029","0.272619","0.167879","0.154563","0.907228","8.92856","3.75525","14.5725","13.2747","25.6227","0.213614","0.134145","1.38487","7.9283","6.34067","25.59","0.17452","0.0946313","0.0302729","0.174091","0.461268","0.803875","0.000869543","0.000680876","0.00288293","0.0000012197","0.0183715","0.0131113","0.0596622","98646.5","5509.04","33712.5","100.48","5.72333","2997.93","3846.01","28611.8","25.6103","48.0525","5.85296","34.244","-65.5921","9.30566","473.163","259.369","1622.21","473.164","571.02","5.02583","0.88015","28.3813","1476.38","473.199","3.12"
"01_MNTRR_RR_V1_an2","01_MNTRR_RR_V1","7.61","30.23","202","823","0.03638","2","False","18.33","19.07","22.03","23.02","496","516","598","625","1","STABLE","MNTRR","R","L","0.143506","0.0936195","0.531198","0.461422","0.614606","3.41696","0.0904707","0.0553058","0.299663","0.139808","0.127772","0.896757","3.72289","1.37184","8.58566","6.7805","9.42333","0.115898","0.101683","3.00972","1.84746","12.3523","9.264","0.110355","0.0926428","-0.150755","0.0962497","0.377426","0.450053","0.000965703","0.000563092","0.00235891","0.00000124965","0.016063","0.0130922","0.0597371","91413.4","3799.44","18024.3","93.2597","3.59757","2088.62","1736.29","9398.99","11.1441","31.8506","2.34632","18.5284","-68.4567","4.31266","475.672","262.57","1816.02","475.657","571.38","3.88304","0.679589","20.4468","1407.86","475.629","2.96"
"01_MNTRR_RR_V1_an3","01_MNTRR_RR_V1","7.61","30.23","202","823","0.03638","3","True","26.07","26.72",NULL,"30.23","709","727",NULL,"823","1","STABLE","MNTRR","R","L","0.152171","0.11387","0.671831","0.492456","0.84254","4.39756","0.0813247","0.042082","0.23775","0.135002","0.121516","1.04231","6.47811","2.27918","15.2965","16.2792","19.4474","0.167163","0.134078","5.30296","3.61949","18.441","20.4907","0.161363","0.109717","-0.177354","0.0943","0.478321","0.520361","0.00112154","0.000564098","0.00298951","0.00000157605","0.0158595","0.0121738","0.0504306","90450.4","3809.85","19079.3","92.6245","3.84954","2136.6","1755.99","8358.31","28.1468","33.6003","6.66517","19.688","-59.3546","4.84315","458.651","255.59","1555.82","458.66","571.612","6.96086","1.21776","51.5747","1609.89","458.659","3.51"
"01_MNTRR_RR_V2_an1","01_MNTRR_RR_V2","7.65","30.25","200","819","0.0365","1","False","10.68","11.29","14.4","15.18","283","299","384","406","1","STABLE","MNTRR","R","L","0.162577","0.0929031","0.434568","0.561185","1.0232","5.006","0.0926301","0.0500467","0.349824","0.145421","0.151168","1.55857","4.60658","2.48433","13.8865","10.074","13.4879","0.137087","0.125181","2.85582","5.77753","11.7387","19.8207","0.12671","0.0514425","-0.025166","0.181816","0.466609","0.736082","0.000952948","0.000638685","0.00291631","0.00000131603","0.0169098","0.0120171","0.0530488","95200.9","5718.24","25428.6","95.4677","4.99865","2395.08","1800.35","6836.79","14.123","-3.40613","3.44765","19.6528","-66.2021","4.29605","469.182","252.989","1576.15","469.08","570.945","6.59224","1.15462","40.8936","1458.75","469.053","3.11"
"01_MNTRR_RR_V2_an2","01_MNTRR_RR_V2","7.65","30.25","200","819","0.0365","2","False","18.65","19.28","22.37","23.35","501","518","603","630","1","STABLE","MNTRR","R","L","0.197776","0.135963","0.774861","0.616317","0.851081","4.07753","0.104154","0.0619218","0.432414","0.166633","0.139996","0.940058","6.69786","2.54523","12.8339","13.8882","13.4066","0.177112","0.14462","6.68728","4.23887","23.2913","14.718","0.208042","0.134341","-0.144212","0.102549","0.334032","0.532194","0.00094964","0.000566889","0.0020877","0.00000122318","0.018587","0.0143185","0.0839794","92310.9","3874.24","22087.5","95.092","3.37737","2239.77","1513.06","7205","31.6686","-14.3808","9.16268","27.9595","-64.0628","7.68516","466.88","256.318","1474.8","466.849","571.529","6.35861","1.11256","38.147","1442.69","466.89","3.09"
"01_MNTRR_RR_V2_an3","01_MNTRR_RR_V2","7.65","30.25","200","819","0.0365","3","True","26.66","27.19",NULL,"30.25","720","735",NULL,"819","1","STABLE","MNTRR","R","L","0.253509","0.174016","1.17563","0.80613","0.840706","4.0099","0.11","0.0717337","0.647464","0.211008","0.182344","1.17721","13.3287","6.77819","26.2897","25.0232","36.5783","0.260245","0.133284","8.92914","11.5741","25.0777","35.6927","0.25694","0.130736","-0.129116","0.114575","0.342155","0.593488","0.000924255","0.00055655","0.00213847","0.000001164","0.0169134","0.0123273","0.0485336","91283.5","4726.18","22016.9","92.9079","3.15248","2052.82","1900.4","8387.07","38.7197","-11.1393","11.1213","44.0043","-64.9427","14.1126","468.583","256.014","1629.79","468.543","571.52","8.53262","1.49297","62.2568","1433.63","468.506","3.06"
"01_MNTRR_RR_V3_an1","01_MNTRR_RR_V3","8.89","30","236","814","0.0365","1","False","10.4","11.25","14.38","15.23","277","300","386","409","1","STABLE","MNTRR","R","L","0.185193","0.133156","0.679096","0.555845","0.817306","4.55595","0.0920241","0.0509015","0.422214","0.152418","0.140032","0.926746","5.60518","1.88902","12.2509","13.3767","12.9484","0.175931","0.153827","4.80599","4.1865","18.1167","14.4563","0.168914","0.103787","-0.023675","0.193153","0.442146","0.882255","0.000915704","0.00080045","0.00276341","0.00000147924","0.0212056","0.0145927","0.05867","99831.4","5278","25266.1","100.07","6.73114","4066.75","3952.63","21525.7","18.6734","70.3999","5.07229","27.6786","-111.128","7.03142","490.85","264.396","1787.82","490.668","570.108","6.01415","1.05491","36.0107","1535.84","490.685","3.13"
"01_MNTRR_RR_V3_an2","01_MNTRR_RR_V3","8.89","30","236","814","0.0365","2","False","18.38","19.16","22.11","23.12","496","517","598","625","1","STABLE","MNTRR","R","L","0.174453","0.13128","0.637518","0.528143","0.883261","3.81883","0.0922822","0.0537111","0.363728","0.137712","0.123911","0.731027","4.00672","1.97173","12.9176","6.34394","14.9499","0.128261","0.140483","3.05573","2.76501","10.8493","14.315","0.109421","0.0760537","-0.202375","0.100101","0.467562","0.475193","0.00126601","0.000623273","0.00292226","0.00000199124","0.0209074","0.0136148","0.0813687","89777.9","3191.56","15995.7","92.7849","4.90222","2112.01","1533.51","8321.56","17.2969","62.7601","4.14462","12.8399","-107.581","3.0147","481.449","263.885","1742.65","481.578","571.023","6.1341","1.07423","39.3677","1420.57","481.549","2.95"
"01_MNTRR_RR_V3_an3","01_MNTRR_RR_V3","8.89","30","236","814","0.0365","3","True","26.2","27.09",NULL,"30","710","734",NULL,"814","1","STABLE","MNTRR","R","L","0.190808","0.149575","0.699203","0.552289","0.831529","3.76623","0.0941816","0.0629942","0.436754","0.132859","0.128932","0.9122","7.6474","2.67079","13.2684","18.8721","16.4042","0.207782","0.12008","6.62995","5.22308","24.3107","14.427","0.185757","0.120246","-0.211521","0.088625","0.407911","0.404765","0.001322","0.000553906","0.00254944","0.00000205451","0.0152609","0.0125986","0.0691939","91066.3","3763.62","18043.1","97.0153","4.30423","2486.59","1895.98","7197.32","26.548","58.8203","7.18472","23.4876","-118.235","6.86383","478.311","260.72","1829.95","478.205","570.866","5.46127","0.956665","37.8418","1391.56","478.198","2.91"
"02_MNTRL_RR_V1_an1","02_MNTRL_RR_V1","7.54","28.65","291","845","0.03804","1","False","11.07","11.68","15.17","15.73","383","399","491","506","2","STABLE","MNTRL","L","R","0.363471","0.238128","1.40168","0.936652","1.16279","5.19867","0.139812","0.0794631","0.495929","0.17678","0.153252","0.94431","11.7548","3.24606","19.8885","22.0467","23.8584","0.306118","0.130165","9.30517","5.49962","28.7143","18.3293","0.272682","0.12851","-0.184488","0.133734","0.49019","0.599027","0.00122764","0.000721828","0.00306369","0.00000202815","0.0148978","0.0104782","0.0436577","95337.1","4889.96","23396.5","102.038","2.4586","4062.54","3902.37","16751.8","58.143","-72.3408","15.4594","42.1623","81.6918","11.0413","458.941","250.73","1864.25","458.894","626.118","13.1179","2.09512","85.4511","1601.61","458.914","3.49"
"02_MNTRL_RR_V1_an2","02_MNTRL_RR_V1","7.54","28.65","291","845","0.03804","2","False","18.87","19.51","23.09","23.66","588","605","699","714","2","STABLE","MNTRL","L","R","0.303377","0.246999","1.32304","0.719625","1.09404","5.80343","0.13932","0.126797","1.37683","0.162866","0.163205","1.10168","7.29538","5.14853","26.6788","15.6789","32.4788","0.255418","0.212536","4.23926","7.25075","18.382","36.1927","0.233825","0.182062","-0.193305","0.111711","0.494091","0.579586","0.00122296","0.000671926","0.00308807","0.00000194712","0.0177255","0.0134232","0.0650671","91757.1","3966.55","19111.7","96.3922","4.58075","2473.18","1785.92","8920.58","30.8223","-74.5978","7.08211","37.0935","67.7576","6.81982","453.816","243.966","1577.85","453.852","625.885","17.889","2.85819","123.903","1624.66","453.816","3.58"
"02_MNTRL_RR_V1_an3","02_MNTRL_RR_V1","7.54","28.65","291","845","0.03804","3","True","26.88","27.52",NULL,"28.65","799","816",NULL,"845","2","STABLE","MNTRL","L","R","0.437722","0.190926","0.849974","1.6031","1.4109","5.59067","0.161321","0.0847934","0.363463","0.318744","0.281697","1.65538","8.0197","3.50568","16.4798","18.3496","20.4258","0.414718","0.172074","3.70402","3.45245","13.443","14.5667","0.313157","0.14662","-0.180724","0.0996101","0.403023","0.437964","0.00114408","0.000595386","0.0025189","0.00000166341","0.0191158","0.0111823","0.0447393","88777.8","2760.5","14340","94.9472","3.97812","2528.55","1978.91","7890.12","29.463","-69.0457","6.12499","26.7348","71.9636","7.89085","455.494","250.595","1524.93","455.372","624.091","26.6465","4.26965","130.312","514.692","455.48","1.13"
"02_MNTRL_RR_V2_an1","02_MNTRL_RR_V2","7.66","29.05","193","756","0.03795","1","False","10.9","11.49","15.39","16.12","278","293","396","415","2","STABLE","MNTRL","L","R","0.306615","0.271039","1.65871","0.757174","0.848038","4.05009","0.124515","0.0852782","0.634162","0.173623","0.158134","0.95191","7.86313","4.7755","19.9746","9.37978","28.6505","0.182668","0.124562","4.39438","5.12332","21.949","21.1513","0.167601","0.112607","-0.0536296","0.189793","0.579745","1.03527","0.00101739","0.000695943","0.00362341","0.00000151943","0.0177762","0.0146377","0.0694212","91489","5352.02","24144.9","91.0711","4.06046","2154.9","1741.3","7923.82","21.8297","-28.4456","4.73612","38.8413","53.6452","9.50854","432.544","234.787","1446.81","432.579","627.484","11.1299","1.77374","79.3476","1687.02","432.57","3.9"
"02_MNTRL_RR_V2_an2","02_MNTRL_RR_V2","7.66","29.05","193","756","0.03795","2","False","19.21","19.83","23.04","23.69","497","513","598","615","2","STABLE","MNTRL","L","R","0.309561","0.242544","1.41001","1.24335","1.27745","6.5696","0.152986","0.116168","0.740617","0.219044","0.196481","1.0265","6.30436","3.24505","16.1658","13.9199","18.2","0.234447","0.161824","5.74505","3.30164","22.4007","14.4737","0.25023","0.129999","-0.142091","0.151318","0.368198","0.719976","0.0011625","0.000575914","0.00230124","0.00000168309","0.0177229","0.0148285","0.0811392","88655","4622.8","28565","91.6108","4.32028","2031.04","1821.71","8425.66","45.9209","-45.0778","11.0344","26.8812","62.4872","6.65057","433.965","230.861","1637.84","434.026","626.432","15.4079","2.45963","126.04","1393.15","434.003","3.21"
"02_MNTRL_RR_V2_an3","02_MNTRL_RR_V2","7.66","29.05","193","756","0.03795","3","True","26.84","27.41",NULL,"29.05","698","713",NULL,"756","2","STABLE","MNTRL","L","R","0.447913","0.316307","1.81469","1.19346","0.850031","3.77541","0.15637","0.096887","0.590333","0.251547","0.161733","0.904353","8.74838","2.92331","15.5118","17.0769","19.1173","0.376033","0.1658","3.03235","5.80842","11.8923","22.671","0.316702","0.159469","-0.172319","0.106457","0.409149","0.457906","0.00110339","0.000620598","0.00255718","0.00000160261","0.0213651","0.0151254","0.06004","89254.5","2796.61","12319.9","94.7229","3.87879","1909.47","1951.66","10700.5","42.5217","-31.7717","9.89212","45.3924","62.1671","15.5991","456.094","256.003","1566.35","456.088","625.168","22.8898","3.66138","121.462","747.888","456.03","1.64"
"02_MNTRL_RR_V3_an1","02_MNTRL_RR_V3","7.58","29.2","192","760","0.03803","1","False","10.94","11.53","14.85","15.46","280","295","383","399","2","STABLE","MNTRL","L","R","0.307466","0.231752","1.6156","0.751805","0.941079","5.12761","0.159607","0.16622","1.40792","0.168984","0.141651","0.724494","8.26992","2.68485","15.9165","21.3801","22.7196","0.241475","0.151065","6.51272","5.02359","26.5863","25.1337","0.240752","0.152666","-0.0213774","0.191787","0.465179","0.876079","0.0010137","0.00065351","0.00290737","0.00000145465","0.0173933","0.0131298","0.0728664","93902.2","4713.42","19852.5","93.2803","3.95073","2337.55","1882.08","8305.48","47.5411","-79.819","11.876","33.1305","17.9982","8.23285","440.308","241.042","1663.68","440.334","626.692","11.3272","1.80745","68.6655","1461.79","440.297","3.32"
"02_MNTRL_RR_V3_an2","02_MNTRL_RR_V3","7.58","29.2","192","760","0.03803","2","False","18.96","19.48","23.01","23.62","491","504","597","613","2","STABLE","MNTRL","L","R","0.354573","0.277842","1.72393","0.900245","1.25419","5.7647","0.126432","0.079162","0.58695","0.186627","0.176433","0.99193","8.43123","3.99552","23.4776","15.0875","31.7193","0.269864","0.209726","6.92409","6.67098","24.2933","26.788","0.254091","0.145516","-0.145623","0.134332","0.414961","0.659981","0.00106653","0.000629102","0.00259351","0.00000153325","0.0192003","0.0159961","0.0759225","88672.1","4391.21","20501.6","90.3845","4.24973","2623.1","1866.99","7214.08","43.3378","-78.1174","8.84846","39.2931","6.98031","7.69603","441.666","242.568","1569.86","441.65","625.928","17.7104","2.82946","104.372","1558.91","441.618","3.53"
"02_MNTRL_RR_V3_an3","02_MNTRL_RR_V3","7.58","29.2","192","760","0.03803","3","True","27.15","27.66",NULL,"29.2","706","720",NULL,"760","2","STABLE","MNTRL","L","R","0.37732","0.250484","1.18214","1.22484","1.23657","6.02411","0.175459","0.149948","0.966265","0.262525","0.224248","1.24184","8.88657","4.05685","17.7117","16.2561","26.5404","0.309505","0.203921","4.85354","5.11171","14.9177","19.798","0.24948","0.175549","-0.177226","0.0890444","0.351872","0.41794","0.00112781","0.000514485","0.0021992","0.00000153664","0.0167099","0.0108968","0.0499708","90416.6","2364.88","9215.8","96.2867","2.8476","2082.69","1916.66","8729.75","30.1625","-82.5046","8.95902","29.8517","13.2198","8.07957","440.335","241.973","1685.69","440.467","623.521","19.7291","3.16415","96.7417","678.373","440.502","1.54"
"02_MNTRR_RR_V1_an1","02_MNTRR_RR_V1","7.6","29","190","755","0.03784","1","False","10.73","11.58","14.71","15.34","272","295","377","394","2","STABLE","MNTRR","R","L","0.315381","0.22146","1.13601","0.959494","0.786602","3.19562","0.137939","0.0808459","0.511287","0.2135","0.176578","1.335","7.80747","3.19494","17.203","10.5452","23.6717","0.210641","0.118149","6.93239","5.56748","24.4487","22.3503","0.165461","0.0940063","-0.0201934","0.169517","0.428103","0.846465","0.000849288","0.000645865","0.00267564","0.00000113843","0.0187101","0.0141042","0.060088","94100.1","6087.83","22517","94.3397","3.78686","2114.52","1769.48","8729.34","25.8286","-88.3106","5.88261","27.9106","-56.5947","7.37498","449.91","246.176","1885.44","449.98","635.042","15.7035","2.47284","90.0288","1408.33","449.947","3.13"
"02_MNTRR_RR_V1_an2","02_MNTRR_RR_V1","7.6","29","190","755","0.03784","2","False","18.44","19.23","22.49","23.15","476","497","583","600","2","STABLE","MNTRR","R","L","0.438281","0.280753","1.59031","1.19229","0.899966","3.24764","0.168387","0.105528","0.629101","0.214057","0.167853","0.867768","9.55557","3.85501","19.8893","16.1601","23.5433","0.231928","0.137951","11.1758","5.55264","32.7853","27.239","0.22903","0.142503","-0.111006","0.157659","0.454687","0.794965","0.0010432","0.000603342","0.0028418","0.00000145229","0.0179841","0.0140278","0.0645023","90556.9","5137.81","25098.5","94.1008","4.38405","2280.77","1891.98","9725.11","38.386","-92.8356","9.34017","26.6771","-59.0785","6.92306","441.296","240.117","1570.85","441.307","635.026","11.6536","1.83514","80.8735","1438.64","441.301","3.26"
"02_MNTRR_RR_V1_an3","02_MNTRR_RR_V1","7.6","29","190","755","0.03784","3","True","26.37","27.12",NULL,"29","685","705",NULL,"755","2","STABLE","MNTRR","R","L","0.386852","0.178996","0.968418","1.67357","1.21907","5.04623","0.16644","0.0942253","0.533954","0.260611","0.182687","1.00409","9.36198","3.62888","16.9844","13.4543","19.4833","0.283204","0.191589","3.40575","2.9097","14.168","9.75567","0.189985","0.109253","-0.177551","0.0928943","0.383175","0.3838","0.00110985","0.000580297","0.00239484","0.00000156851","0.0180787","0.0116968","0.0502666","89788.7","2301.64","9203.56","96.1046","3.9138","1968.32","1369.4","6611.88","34.3552","-67.71","8.06764","25.9626","-60.2065","7.36484","456.936","246.085","1464.11","456.898","632.272","21.8833","3.46106","121.767","858.929","456.877","1.88"
"02_MNTRR_RR_V2_an1","02_MNTRR_RR_V2","7.61","29.25","194","768","0.03766","1","False","10.84","11.55","15.11","15.63","279","298","393","406","2","STABLE","MNTRR","R","L","0.7228","0.504933","2.69312","1.11173","0.969391","4.08391","0.21637","0.140814","1.27161","0.21553","0.170572","1.08237","22.1575","8.30534","39.4234","30.3362","56.3863","0.504906","0.243417","6.03897","13.5612","20.5977","51.5703","0.367357","0.192208","0.00469338","0.172649","0.383034","0.763258","0.000877496","0.000628667","0.00239396","0.00000116522","0.0159798","0.0135897","0.0641698","95964.2","4261.38","18523.7","98.3135","3.05165","2128.43","1710.24","9123.16","68.4941","-37.6348","16.7031","52.8642","-59.9413","14.6952","440.438","251.543","2190.9","440.469","634.839","19.5596","3.08104","152.896","1568.13","440.486","3.56"
"02_MNTRR_RR_V2_an2","02_MNTRR_RR_V2","7.61","29.25","194","768","0.03766","2","False","18.7","19.58","22.9","23.6","488","511","599","618","2","STABLE","MNTRR","R","L","0.32736","0.236054","1.25283","1.01397","0.762691","3.11339","0.143703","0.103896","0.738419","0.203424","0.174957","1.10243","8.07452","3.59408","19.8676","12.0007","25.6355","0.201486","0.106743","6.87538","5.17335","29.3753","21.1957","0.209753","0.12108","-0.133336","0.15219","0.416569","0.696542","0.00111419","0.000598173","0.00260355","0.00000159923","0.0188017","0.0136772","0.059976","89331.4","5439.83","26164.8","90.4845","4.30285","2685.54","2149.36","9053.03","29.6061","-54.1725","7.72267","30.9319","-56.8602","7.34712","430.676","235.794","1491.12","430.703","634.433","10.7556","1.69531","70.1914","1429.9","430.692","3.32"
"02_MNTRR_RR_V2_an3","02_MNTRR_RR_V2","7.61","29.25","194","768","0.03766","3","True","26.57","27.17",NULL,"29.25","697","713",NULL,"768","2","STABLE","MNTRR","R","L","0.614172","0.391242","2.03333","1.37147","0.79691","3.85129","0.24845","0.163578","0.936042","0.215493","0.126019","0.673809","10.5359","3.16053","18.6232","12.9279","19.1489","0.269005","0.139923","4.514","4.97739","21.3293","18.6337","0.319724","0.16851","-0.180585","0.0869269","0.389775","0.440934","0.00114008","0.000518902","0.00243609","0.00000156904","0.0176875","0.0127312","0.0554897","88652.1","3341.11","13622.1","93.3408","5.84262","2109.41","1522.03","6252.63","42.5317","-46.9432","10.0569","51.664","-57.8693","14.9206","449.59","240.08","1533.08","449.573","634.678","18.507","2.91597","110.781","935.182","449.607","2.08"
"02_MNTRR_RR_V3_an1","02_MNTRR_RR_V3","7.54","29.04","191","757","0.03797","1","False","11.01","11.61","14.73","15.41","282","298","380","398","2","STABLE","MNTRR","R","L","0.398759","0.342456","2.02423","1.36985","1.36565","5.43253","0.155206","0.107535","0.696081","0.218282","0.174112","1.15878","11.1321","3.92885","20.5201","19.7398","15.551","0.260672","0.194676","8.5281","2.48429","34.4867","13.607","0.208671","0.14496","0.0445945","0.216438","0.539782","0.919941","0.00117126","0.000731937","0.00337364","0.00000190759","0.0166329","0.0111347","0.0481336","94896.6","7134.38","26226","93.3632","3.27212","2309.99","1911.08","11886.5","41.1948","-31.9268","10.9555","32.9161","-38.1411","8.19523","433.977","237.048","1569.97","434.003","634.431","15.75","2.48254","104.067","1354.09","434.004","3.12"
"02_MNTRR_RR_V3_an2","02_MNTRR_RR_V3","7.54","29.04","191","757","0.03797","2","False","18.49","19.02","22.69","23.33","479","493","590","606","2","STABLE","MNTRR","R","L","0.431859","0.343532","1.8918","0.913234","1.04122","4.46116","0.171574","0.133383","0.753837","0.183991","0.171497","1.06737","7.95649","4.93947","28.8566","16.609","30.7175","0.226841","0.17156","4.34324","4.86867","21.6803","25.068","0.178864","0.161087","-0.129186","0.123822","0.342676","0.576127","0.0010079","0.000484709","0.00214172","0.00000125081","0.0141827","0.00999286","0.0488663","90719.2","4124.94","21364.1","92.2397","4.7585","2879.78","2004.69","10858.9","42.7572","-44.845","8.09224","24.9216","-33.8613","5.49464","428.749","231.158","1609.54","428.779","635.68","13.5351","2.12924","120.852","1573.57","428.766","3.67"
"02_MNTRR_RR_V3_an3","02_MNTRR_RR_V3","7.54","29.04","191","757","0.03797","3","True","26.54","27.07",NULL,"29.04","691","705",NULL,"757","2","STABLE","MNTRR","R","L","0.449215","0.425691","2.53357","1.28154","1.41456","7.23277","0.193129","0.173674","1.16274","0.237555","0.214047","1.39346","10.643","3.76692","19.2324","15.7273","29.5139","0.28441","0.153702","5.21197","8.99676","16.649","24.9","0.311396","0.109816","-0.205163","0.0926481","0.436449","0.429345","0.00128227","0.000579051","0.00272781","0.00000197951","0.0145658","0.0128896","0.0482545","86817.9","2417.98","9607.33","89.7868","4.36784","1983.14","1573.98","7151.69","48.6914","-29.9653","10.8986","36.7225","-42.0618","12.4337","437.255","236.61","1911.21","437.275","633.056","19.1387","3.02322","122.683","861.413","437.266","1.97"
"03_MNTRL_RR_V1_an1","03_MNTRL_RR_V1","7.89","29.25","201","766","0.03777","1","False","10.4","10.99","14.3","14.89","267","283","370","386","3","STABLE","MNTRL","L","R","0.48985","0.3367","2.13825","0.748774","0.641894","3.48889","0.174589","0.121418","1.15455","0.204916","0.172617","1.56323","7.23537","2.69954","15.5838","13.3489","19.9039","0.265828","0.130175","6.53567","7.90337","20.0007","30.0483","0.226479","0.131388","-0.0466733","0.149005","0.411653","0.793477","0.000760438","0.000611648","0.00257283","0.000000952379","0.0158975","0.0120327","0.0518836","97033.5","4932.26","25055.2","98.2059","4.73913","3448.45","3153.98","13195.2","45.6195","-54.982","10.5761","30.403","42.2052","7.42236","379.026","209.655","1437.06","379.133","748.492","20.5463","2.74503","101.015","1254.77","379.084","3.31"
"03_MNTRL_RR_V1_an2","03_MNTRL_RR_V1","7.89","29.25","201","766","0.03777","2","False","18.2","18.69","22.24","22.75","473","486","580","594","3","STABLE","MNTRL","L","R","0.826468","0.647372","3.91412","0.91466","0.61939","2.98264","0.262896","0.229837","1.78022","0.211424","0.141578","0.846223","18.3667","4.54787","26.9323","42.9716","44.1732","0.426735","0.251797","11.3691","12.2136","46.9817","40.4443","0.381573","0.266417","-0.168086","0.141929","0.517864","0.861577","0.00122233","0.000629608","0.00323665","0.0000018905","0.0192476","0.0146533","0.0755679","89291","4313.56","23105.9","92.5185","3.86115","2407.97","1736.69","7555.14","153.784","-56.9697","29.1174","114.635","61.1302","24.7468","436.504","272.193","3102.88","436.563","749.174","28.2279","3.76787","277.715","1549.48","436.473","3.55"
"03_MNTRL_RR_V1_an3","03_MNTRL_RR_V1","7.89","29.25","201","766","0.03777","3","True","26.16","26.72",NULL,"29.25","684","699",NULL,"766","3","STABLE","MNTRL","L","R","0.586822","0.470311","2.54642","0.719277","0.527954","2.67271","0.187223","0.133488","1.02977","0.18211","0.136303","1.08556","9.88412","3.7566","23.5465","18.7479","23.8128","0.296324","0.164523","4.99284","4.16768","13.6757","20.5037","0.174103","0.12929","-0.189793","0.110928","0.439886","0.527867","0.00120955","0.000651717","0.00274929","0.00000188775","0.019817","0.0141383","0.0609459","89185.9","2977.2","13082.4","93.354","4.29619","2850.95","2186.9","10379.6","39.2135","-64.3121","9.5916","26.8309","47.8057","6.20803","391.238","206.574","1353.6","391.302","748.256","21.1832","2.83101","110.476","989.836","391.24","2.53"
"03_MNTRL_RR_V2_an1","03_MNTRL_RR_V2","7.78","29.35","198","772","0.03755","1","False","10.6","11.23","14.61","15.15","273","289","379","394","3","STABLE","MNTRL","L","R","1.00455","1.05923","5.54789","1.28164","1.16889","4.3268","0.279271","0.266659","2.05778","0.24225","0.187643","0.868131","16.8809","6.47985","31.6334","29.3088","39.1601","0.478325","0.435375","8.42275","12.3214","29.694","36.021","0.337228","0.306183","-0.0280202","0.147263","0.308184","0.548329","0.000801303","0.000485497","0.00192615","0.000000877795","0.0120021","0.00876452","0.0401476","96825.5","5002.92","19381.1","98.0432","3.41294","2267.38","1736.34","10519.9","158.748","-46.6809","26.5305","98.4663","73.5968","20.3985","443.273","314.302","3215.22","443.223","748.817","61.5041","8.2135","514.84","1498.18","443.25","3.38"
"03_MNTRL_RR_V2_an2","03_MNTRL_RR_V2","7.78","29.35","198","772","0.03755","2","False","18.29","18.88","22.51","23.16","477","493","590","607","3","STABLE","MNTRL","L","R","0.369604","0.271512","1.19367","0.541061","0.605062","2.62695","0.14599","0.0805276","0.473313","0.148818","0.142381","0.871191","5.37553","3.6685","19.7419","7.90456","26.2527","0.201858","0.140111","6.30909","6.09253","20.656","31.281","0.199805","0.14302","-0.152105","0.159928","0.465715","0.797356","0.00122486","0.000634472","0.00291072","0.00000190285","0.0188466","0.0140739","0.0660383","91174.7","4170.16","20488.2","92.2494","4.72057","2871.03","1935.64","7858","39.6078","-40.068","8.10622","31.9018","36.217","8.38748","373.562","201.84","1573.66","373.464","748.986","11.5217","1.5383","65.3086","1355.65","373.458","3.63"
"03_MNTRL_RR_V2_an3","03_MNTRL_RR_V2","7.78","29.35","198","772","0.03755","3","True","26.18","26.84",NULL,"29.35","687","705",NULL,"772","3","STABLE","MNTRL","L","R","0.431102","0.321754","2.50536","0.619027","0.339708","2.09919","0.155656","0.0998272","0.853884","0.160067","0.125475","1.02992","7.35569","4.25562","19.831","20.3795","10.5294","0.191761","0.113266","5.61025","1.91965","22.796","9.384","0.138376","0.0909001","-0.197026","0.0852431","0.398735","0.418896","0.00123592","0.000522231","0.00249209","0.00000180022","0.0162209","0.0122207","0.0496417","89376.8","2704.54","13116.6","93.9061","4.14869","2101.49","1550.2","6588.97","26.9007","-18.8917","7.6174","18.7768","42.3748","4.93493","372.78","202.536","1670.8","372.807","750.052","12.2451","1.63256","52.1851","935.678","372.78","2.51"
"03_MNTRL_RR_V3_an1","03_MNTRL_RR_V3","7.69","29.35","195","771","0.03759","1","False","10.44","11.05","14.48","15.16","268","284","375","393","3","STABLE","MNTRL","L","R","0.435773","0.362053","2.25839","0.473029","0.303637","2.13373","0.204888","0.189752","1.42341","0.15086","0.112208","0.889477","9.93637","3.08703","15.6671","21.7185","20.3676","0.19646","0.115764","5.56728","6.80187","17.5553","21.1843","0.172801","0.118896","-0.00478656","0.183427","0.440029","0.840489","0.000963384","0.000622147","0.00275018","0.00000131517","0.0171174","0.0119981","0.0533982","96643.1","6654.92","26110.5","96.6251","5.09297","2550.38","2184.03","9852.67","47.1944","-33.9233","10.8491","37.8794","44.7865","10.6226","379.857","207.743","1422.93","379.947","748.322","12.4477","1.66342","72.9389","1303.04","379.896","3.43"
"03_MNTRL_RR_V3_an2","03_MNTRL_RR_V3","7.69","29.35","195","771","0.03759","2","False","18.34","18.98","22.68","23.36","478","495","593","611","3","STABLE","MNTRL","L","R","0.346914","0.254088","1.50556","0.422326","0.326026","2.10468","0.188388","0.172311","1.18042","0.124971","0.0819715","0.516262","5.92817","4.30243","22.6005","11.5266","26.8229","0.179621","0.0996151","3.97179","4.14243","13.1517","20.2583","0.156333","0.0764962","-0.136241","0.129658","0.38433","0.647196","0.00105388","0.000520667","0.00240206","0.00000138175","0.0177013","0.0133708","0.061755","90929.6","4116.28","22180.3","94.0038","4.01464","2201.08","1723.07","8195.2","23.0339","-24.0758","5.4062","33.913","40.7656","8.2717","372.922","200.557","1447.38","372.976","748.432","10.0282","1.33989","67.75","1379.89","372.943","3.7"
"03_MNTRL_RR_V3_an3","03_MNTRL_RR_V3","7.69","29.35","195","771","0.03759","3","True","26.22","26.78",NULL,"29.35","687","702",NULL,"771","3","STABLE","MNTRL","L","R","0.372051","0.355723","1.864","0.586387","0.642906","3.33515","0.145126","0.118011","0.71112","0.163372","0.139587","1.01871","4.6496","2.67825","14.8196","12.5245","16.4186","0.193145","0.156605","3.9503","3.40596","15.657","14.6223","0.170725","0.132262","-0.172375","0.0957663","0.362341","0.44765","0.00109258","0.000570257","0.00226463","0.00000151892","0.021387","0.0134368","0.0544904","87406.5","3185.74","14414.9","91.1672","4.56998","2761.98","2329.92","9493.2","28.7797","-35.3625","7.01893","34.9836","40.6589","8.42936","370.695","201.801","1177.67","370.659","748.623","13.5933","1.81578","87.5864","952.552","370.643","2.57"
"03_MNTRR_RR_V1_an1","03_MNTRR_RR_V1","7.7","29.35","198","773","0.03763","1","False","10.26","10.85","14.2","14.87","266","281","370","388","3","STABLE","MNTRR","R","L","0.299617","0.223983","1.26921","0.311295","0.242873","1.47205","0.158249","0.144346","1.0718","0.116353","0.0791321","0.634477","12.0252","6.35035","32.9844","20.5672","40.4898","0.204609","0.111331","7.86758","13.8296","30.1443","43.1013","0.235697","0.142716","0.00971624","0.156246","0.318005","0.628503","0.000812356","0.000545337","0.00198753","0.000000957315","0.0170404","0.0138035","0.0833834","97687.2","6161.39","29388.2","97.1148","6.48966","3515.12","4087.44","19242","44.4924","-64.7569","9.74839","43.7443","-24.4392","13.0082","366.263","204.177","1363.38","366.268","754.626","6.65312","0.881645","48.2178","1226.97","366.261","3.35"
"03_MNTRR_RR_V1_an2","03_MNTRR_RR_V1","7.7","29.35","198","773","0.03763","2","False","17.98","18.58","22.37","23.03","471","487","587","605","3","STABLE","MNTRR","R","L","0.375922","0.237928","1.49059","0.555201","0.487353","2.08187","0.15394","0.124661","0.875524","0.159285","0.148439","1.16828","11.9348","5.66455","30.288","28.6077","43.5253","0.220594","0.119527","11.3999","13.481","39.0333","51.9943","0.261944","0.1158","-0.159944","0.147733","0.498171","0.7707","0.00118661","0.000666174","0.00311357","0.00000185183","0.0190631","0.015129","0.0635825","89088.1","4492.24","20841.7","90.1682","4.62592","2551.26","1713.51","7963.22","50.1867","-49.792","10.0095","37.5682","-24.9466","10.5852","361.624","198.601","1351.65","361.72","753.799","10.4037","1.38017","64.0879","1370.78","361.683","3.79"
"03_MNTRR_RR_V1_an3","03_MNTRR_RR_V1","7.7","29.35","198","773","0.03763","3","True","26","26.71",NULL,"29.35","684","703",NULL,"773","3","STABLE","MNTRR","R","L","0.285924","0.191686","1.10149","0.391236","0.457341","2.52155","0.129201","0.0681763","0.380753","0.130429","0.0916059","0.72481","6.34151","2.08862","11.0533","15.495","17.3399","0.190393","0.0958891","4.59984","6.00382","20.5247","21.4853","0.164397","0.0896647","-0.195702","0.102784","0.498313","0.536557","0.00122987","0.000629415","0.00311446","0.00000190875","0.0216552","0.0173827","0.068304","88914.4","3470.32","15059.1","92.955","6.34861","2071.21","1460.38","6203.26","30.4654","-59.6856","5.7079","29.7214","-42.3908","8.26141","355.31","199.725","1440.16","355.259","754.955","11.1882","1.48197","54.3213","937.815","355.233","2.64"
"03_MNTRR_RR_V2_an1","03_MNTRR_RR_V2","7.73","29.35","197","769","0.03774","1","False","10.32","11.08","14.45","15.04","265","285","375","390","3","STABLE","MNTRR","R","L","0.386485","0.265959","1.73845","1.14731","1.0682","5.21637","0.182729","0.144593","0.931749","0.230512","0.154213","0.990606","14.1455","3.31339","20.5447","24.9401","28.0419","0.252","0.155407","4.25847","10.5256","15.5827","28.837","0.228385","0.148219","0.00385558","0.199147","0.557212","0.963043","0.000987279","0.000758331","0.00348258","0.00000154979","0.0188891","0.0161551","0.0998477","97858.1","7194.79","42606.4","98.7304","9.15889","4030.28","4442.11","19724.8","40.7132","-36.6599","10.8239","39.6408","-41.8723","11.7726","373.408","204.866","1337.21","373.488","753.818","16.3093","2.16356","92.7753","1258.64","373.483","3.37"
"03_MNTRR_RR_V2_an2","03_MNTRR_RR_V2","7.73","29.35","197","769","0.03774","2","False","18.24","18.89","22.41","23.02","475","492","585","602","3","STABLE","MNTRR","R","L","0.443366","0.297719","1.76847","0.842958","0.788347","4.63917","0.19314","0.166641","1.32511","0.212482","0.171854","1.24984","9.55615","4.19036","24.5787","22.6638","34.3783","0.274632","0.148826","10.133","8.32411","33.4457","39.643","0.286759","0.157297","-0.140734","0.173825","0.433597","0.781702","0.00127858","0.000564976","0.00270998","0.00000195395","0.0181718","0.013772","0.0535787","90448.1","4977.36","24914.1","92.135","4.92437","2181.4","1838.29","8070.98","44.9613","-56.2221","11.2943","31.8617","-9.45603","7.4009","367.414","201.534","1488.72","367.421","752.821","13.652","1.81344","67.1406","1293.39","367.44","3.52"
"03_MNTRR_RR_V2_an3","03_MNTRR_RR_V2","7.73","29.35","197","769","0.03774","3","True","26.13","26.73",NULL,"29.35","684","700",NULL,"769","3","STABLE","MNTRR","R","L","0.304827","0.171246","1.11574","0.648479","0.625214","2.96199","0.126059","0.0712359","0.508693","0.259109","0.289854","1.61843","11.6406","7.06509","27.967","13.1634","46.7873","0.232405","0.0934147","5.76278","14.0882","22.8577","53.3713","0.259339","0.129583","-0.193617","0.0954417","0.430189","0.609131","0.00124206","0.000526752","0.00268868","0.00000182019","0.0154398","0.0135064","0.0843653","89038.1","3332.2","16524.5","91.6855","4.99227","2461.8","1723.1","7537.37","29.5326","-50.7054","6.74482","37.8309","-34.9671","11.3036","358.768","194.399","1322.18","358.776","753.265","11.4327","1.51775","58.2895","940.017","358.785","2.62"
"03_MNTRR_RR_V3_an1","03_MNTRR_RR_V3","7.72","29.45","197","775","0.03755","1","False","10.15","10.85","14.4","15.12","261","280","374","394","3","STABLE","MNTRR","R","L","0.29248","0.190553","1.33449","0.48022","0.377403","1.97152","0.178189","0.1812","1.16734","0.163087","0.149114","1.541","10.0295","3.04018","18.2091","18.6507","24.1302","0.142978","0.0599062","7.23503","6.76819","18.7487","19.3987","0.145208","0.0760071","-0.0221243","0.146759","0.349479","0.657939","0.000784233","0.000495416","0.00218425","0.000000860458","0.0171602","0.0123179","0.0606693","98464.6","5363.93","27462.9","100.861","5.69165","3275.84","3584.3","17439.1","35.0521","-57.6959","9.01709","42.4085","-29.3002","10.5058","376.152","204.328","1361.47","376.233","754.2","9.66948","1.28208","59.2041","1335.54","376.208","3.55"
"03_MNTRR_RR_V3_an2","03_MNTRR_RR_V3","7.72","29.45","197","775","0.03755","2","False","18.05","18.8","22.47","23.33","472","492","589","612","3","STABLE","MNTRR","R","L","0.34166","0.266887","2.19922","0.458982","0.377092","1.8494","0.142711","0.132694","1.12794","0.151621","0.113672","0.966783","9.28185","4.31315","21.886","18.0388","30.5399","0.156628","0.074561","8.7804","8.28702","27.0523","31.608","0.169839","0.0851444","-0.0976478","0.140468","0.435298","0.721509","0.000877216","0.000611321","0.00272061","0.00000114322","0.0188377","0.0145277","0.0579616","90466","4308.03","19064.1","91.0714","5.49537","2338.09","2061.65","9376.79","29.7133","-65.0693","6.72011","38.5402","-26.4567","10.2003","373.023","204.677","1339.79","373.029","754.325","8.17399","1.08362","49.7437","1369.01","373.026","3.67"
"03_MNTRR_RR_V3_an3","03_MNTRR_RR_V3","7.72","29.45","197","775","0.03755","3","True","26.14","26.77",NULL,"29.45","687","704",NULL,"775","3","STABLE","MNTRR","R","L","0.360215","0.276216","1.34769","0.540538","0.408511","2.19889","0.134749","0.0971539","0.876076","0.166829","0.157507","1.5862","6.9346","1.9324","11.025","9.88011","18.8381","0.166567","0.0878088","4.50472","6.23059","14.9987","19.4353","0.168738","0.0806647","-0.23613","0.0853039","0.456523","0.454089","0.00147581","0.000533149","0.00285327","0.00000246227","0.0162556","0.0112241","0.0481214","89102.9","3128.13","13514.1","94.0352","5.15132","1946.03","1518.39","6732.47","27.0108","-68.5801","6.17101","33.1246","-45.1939","9.55078","375.835","212.536","1314.87","375.93","754.086","11.8657","1.57352","65.9189","1007.46","375.917","2.68"
"04_MNTRL_RR_V1_an1","04_MNTRL_RR_V1","7.56","29.15","188","762","0.03759","1","False","9.98","10.85","14.13","14.95","252","275","362","384","4","STABLE","MNTRL","L","R","0.263484","0.167107","0.815132","0.502472","0.527016","2.92589","0.125063","0.0701347","0.487685","0.13048","0.0976811","0.705223","3.82203","1.7761","7.68888","9.29844","9.72872","0.109774","0.046948","3.43328","2.52737","9.82","8.203","0.0832813","0.0482157","-0.0168187","0.197343","0.502987","0.845194","0.00103999","0.000671362","0.00314367","0.00000153231","0.0141947","0.0122871","0.054794","95988.6","5113.22","21318.7","93.1663","4.38943","3011.66","2267.14","11621.5","22.2374","-77.5858","4.65925","28.7347","97.9566","6.25112","374.808","202.727","1219.97","374.811","770.404","11.0051","1.42848","79.0424","1229.35","374.803","3.28"
"04_MNTRL_RR_V1_an2","04_MNTRL_RR_V1","7.56","29.15","188","762","0.03759","2","False","17.92","18.51","22.14","22.88","463","479","575","595","4","STABLE","MNTRL","L","R","0.197774","0.121077","0.686077","0.546436","0.609789","3.52496","0.101896","0.0579932","0.376448","0.142198","0.113139","0.647307","5.86491","2.21656","12.4666","14.8114","15.9978","0.147133","0.0809671","6.15008","2.55081","19.0533","13.839","0.153651","0.110036","-0.174021","0.0970174","0.367554","0.472925","0.00111634","0.000551734","0.00229721","0.00000155062","0.0162281","0.0133308","0.0594058","90740.5","3179.84","15408.5","94.1486","3.72047","2064.53","1648.43","7753.9","29.9172","-88.0312","6.39309","27.5118","98.4637","6.24652","374.323","202.439","1288.62","374.352","770.385","11.2323","1.45801","67.75","1358.93","374.361","3.63"
"04_MNTRL_RR_V1_an3","04_MNTRL_RR_V1","7.56","29.15","188","762","0.03759","3","True","25.96","26.99",NULL,"29.15","677","704",NULL,"762","4","STABLE","MNTRL","L","R","0.218368","0.113148","0.669189","0.416553","0.26717","1.39489","0.102803","0.0583149","0.32666","0.127911","0.0752086","0.370394","5.18828","3.49747","12.7838","10.2969","21.5893","0.137218","0.0476567","2.12543","3.09776","7.24067","14.5667","0.113178","0.0521206","-0.199444","0.0933796","0.436855","0.501071","0.00126013","0.000553636","0.00273035","0.00000189443","0.01705","0.0109629","0.0453747","88293.3","2727.19","13374.4","92.3376","4.13205","2072.48","1532.82","6802.79","20.9384","-84.566","4.91286","22.5182","103.03","5.71792","377.074","203.33","1301.58","377.203","771.409","8.35476","1.08305","43.6411","814.742","377.195","2.16"
"04_MNTRL_RR_V2_an1","04_MNTRL_RR_V2","7.64","29","191","755","0.03784","1","False","10.04","10.98","14.42","14.98","254","279","370","384","4","STABLE","MNTRL","L","R","0.258109","0.167555","0.919102","0.685217","0.704257","3.44321","0.119003","0.0649424","0.402062","0.168374","0.120144","0.762043","6.27965","1.37851","11.2994","9.47189","16.8239","0.160414","0.0842327","4.76889","6.67735","16.341","20.8837","0.153694","0.0897818","-0.0599305","0.161445","0.423029","0.667925","0.000870855","0.0006325","0.00264393","0.00000115844","0.0166275","0.0129257","0.0587557","92948.1","4730.01","20654.1","90.3515","5.38672","2554.2","1726.1","6247.13","26.0302","-10.2499","6.60315","29.5276","76.2093","7.49094","365.408","200.416","1305.94","365.48","770.788","12.9426","1.67914","69.581","1257.19","365.463","3.44"
"04_MNTRL_RR_V2_an2","04_MNTRL_RR_V2","7.64","29","191","755","0.03784","2","False","18.19","19.04","22.39","22.91","469","493","580","594","4","STABLE","MNTRL","L","R","0.245085","0.164295","1.04121","0.619096","0.397293","1.8276","0.119815","0.0735655","0.491746","0.153554","0.102431","0.752033","5.55456","2.28452","9.64015","7.61711","16.382","0.154516","0.0872664","3.49938","4.41386","12.4553","13.8713","0.123082","0.0824808","-0.147009","0.117324","0.434636","0.633352","0.00101979","0.000584741","0.00271647","0.00000138189","0.0164579","0.0121167","0.0525393","90752.7","4877.92","28684.1","92.9264","3.89933","2610.85","2105.65","9812.67","30.8437","-21.8845","6.16054","35.9705","81.5224","8.68319","367.196","197.113","1284.88","367.242","770.998","15.8507","2.05586","128.786","1230.16","367.213","3.35"
"04_MNTRL_RR_V2_an3","04_MNTRL_RR_V2","7.64","29","191","755","0.03784","3","True","26.28","27.38",NULL,"29","683","712",NULL,"755","4","STABLE","MNTRL","L","R","0.309745","0.186488","0.79539","0.932547","0.554677","2.20193","0.122227","0.0704869","0.445161","0.241922","0.225782","1.12964","3.84303","1.94071","7.67284","6.26644","9.22528","0.124015","0.0579368","7.12976","6.33529","19.6893","16.0423","0.180471","0.0995655","-0.19088","0.0862139","0.367792","0.347532","0.001193","0.000538837","0.0022987","0.00000171359","0.0181832","0.00988983","0.0396989","88305.1","3227.2","12225.1","92.9859","4.67379","2711.07","2029.37","9146.63","18.2965","-24.7006","4.89851","25.7624","75.9384","7.35829","368.727","196.992","1244.54","368.437","771.678","13.8259","1.79167","63.7827","596.859","368.432","1.62"
"04_MNTRL_RR_V3_an1","04_MNTRL_RR_V3","7.77","29.45","192","765","0.03778","1","False","10.23","10.94","14.43","14.96","257","275","368","382","4","STABLE","MNTRL","L","R","0.290039","0.242525","1.44506","0.772169","0.984862","3.75152","0.12082","0.0656112","0.499276","0.225301","0.231644","1.71961","5.09011","2.17379","12.5228","7.48194","17.633","0.150031","0.0988428","2.57311","5.07107","12.7297","17.1223","0.127958","0.0818767","-0.0166032","0.175048","0.419404","0.766183","0.000912501","0.000612421","0.00262127","0.00000120772","0.0166965","0.0131442","0.0581425","94242.4","4439.46","21235.3","91.9931","4.26277","2575.97","2378.07","12462.3","22.728","-36.2877","4.14264","24.8396","71.0054","6.78298","360.715","195.859","1243.83","360.77","771.276","14.1384","1.83311","99.4892","1259.03","360.753","3.49"
"04_MNTRL_RR_V3_an2","04_MNTRL_RR_V3","7.77","29.45","192","765","0.03778","2","False","18.21","18.96","22.39","22.9","468","488","579","592","4","STABLE","MNTRL","L","R","0.244495","0.190409","0.97238","0.536657","0.591449","2.4564","0.110751","0.0651618","0.373455","0.144973","0.124006","0.724169","5.94276","1.97116","9.06477","13.286","12.0833","0.126237","0.0720542","6.38846","3.94398","19.485","12.7237","0.110305","0.0571129","-0.141452","0.119514","0.398169","0.618328","0.000978259","0.000618503","0.00248856","0.00000133954","0.0166381","0.0139079","0.0614703","89522.7","5054.01","26491.4","91.1752","4.7658","2196.39","1603.57","7380.11","24.0796","-44.3059","5.41148","29.8642","77.9804","8.14862","359.843","197.262","1421.85","359.934","771.223","10.2131","1.32427","79.3467","1234.42","359.889","3.43"
"04_MNTRL_RR_V3_an3","04_MNTRL_RR_V3","7.77","29.45","192","765","0.03778","3","True","26.18","27.18",NULL,"29.45","679","705",NULL,"765","4","STABLE","MNTRL","L","R","0.262606","0.128888","0.645397","0.849198","0.606253","2.30548","0.11681","0.0635598","0.393195","0.259744","0.255883","1.53102","5.14527","2.25562","8.85879","13.4962","9.75678","0.177444","0.0689987","2.02036","6.39138","7.41267","18.187","0.173552","0.102556","-0.184553","0.0837387","0.327268","0.342453","0.00115743","0.00051452","0.00204543","0.00000160437","0.0153641","0.0110721","0.0482885","87733.3","2659.72","13134.7","90.9032","3.921","2239.65","1847.48","8583.75","28.6027","-48.8115","7.51196","29.7457","72.1295","10.0347","368.995","202.202","1275.72","369.066","770.771","13.6926","1.77648","88.1968","837.708","369.034","2.27"
"04_MNTRR_RR_V1_an1","04_MNTRR_RR_V1","7.64","29.1","188","754","0.0379","1","False","9.93","10.96","14.22","14.89","248","275","361","379","4","STABLE","MNTRR","R","L","0.218775","0.170466","1.18801","0.603572","0.519379","2.26386","0.118482","0.0955281","0.981168","0.143046","0.0968439","0.811904","6.71559","3.0957","12.5528","17.3681","16.2523","0.137154","0.0715868","5.42067","5.37623","21.6583","16.3143","0.124214","0.0649793","-0.0407305","0.191829","0.434803","0.802364","0.00104821","0.000635208","0.00271752","0.00000150223","0.0151745","0.0116854","0.0575901","96515.4","3987.3","22371.2","95.3529","5.40477","2736.5","2518.09","12988.4","35.2438","0.789679","6.8542","37.0987","-73.3706","8.77274","352.301","189.73","1243.72","352.33","774.34","8.27858","1.06911","52.186","1148.68","352.355","3.26"
"04_MNTRR_RR_V1_an2","04_MNTRR_RR_V1","7.64","29.1","188","754","0.0379","2","False","18","18.96","22.39","23.14","461","486","577","596","4","STABLE","MNTRR","R","L","0.334262","0.28646","1.45261","0.576122","0.515974","2.25089","0.155705","0.144327","1.11404","0.153283","0.137442","1.0218","8.09914","4.25428","14.4953","12.3621","23.4958","0.16023","0.105167","4.61332","8.12087","15.184","23.0833","0.154958","0.105247","-0.166025","0.128654","0.415861","0.650902","0.00115905","0.000616344","0.00259913","0.00000172328","0.018236","0.0130269","0.0491282","89599.5","4560.85","22057.6","90.8231","4.86231","2722.03","1459.73","7113.53","36.7888","-16.7214","8.0164","40.2219","-75.6717","12.2252","351.564","195.456","1317.67","351.534","774.212","8.58873","1.10935","61.3413","1205.83","351.554","3.43"
"04_MNTRR_RR_V1_an3","04_MNTRR_RR_V1","7.64","29.1","188","754","0.0379","3","True","26.06","26.78",NULL,"29.1","673","692",NULL,"754","4","STABLE","MNTRR","R","L","0.446711","0.408202","1.78784","0.69629","0.412957","2.43847","0.170054","0.136819","1.12823","0.177028","0.123692","0.900658","10.2077","3.9992","16.6065","24.3147","21.1195","0.200592","0.0958359","10.0204","8.31062","32.8817","23.693","0.193272","0.104698","-0.203531","0.0915795","0.436705","0.493087","0.00128325","0.000546831","0.00272941","0.00000194577","0.0162853","0.0117037","0.0483296","87535.6","2982.76","15261.7","90.0566","4.19526","2421.14","1857.53","8167.41","34.1042","-21.1877","9.63654","30.8803","-81.462","11.3056","355.418","198.81","1428.28","355.461","773.724","12.9288","1.67098","64.6982","824.748","355.495","2.32"
"04_MNTRR_RR_V2_an1","04_MNTRR_RR_V2","7.66","29.1","189","757","0.03772","1","False","10.16","11.28","14.54","15.14","255","284","371","387","4","STABLE","MNTRR","R","L","0.159718","0.119713","0.917757","0.577392","0.486704","2.53508","0.107498","0.0766555","0.600344","0.185622","0.174021","1.12809","5.52632","2.55529","12.9402","14.3944","16.5652","0.129378","0.0652472","6.51355","4.42079","21.4997","18.7787","0.134356","0.0699472","-0.0145457","0.183363","0.510993","0.843264","0.000930648","0.000674921","0.00319371","0.00000132163","0.0157825","0.0106585","0.0492641","94297.1","4413.5","18215.1","94.4935","3.78653","2203.78","1659.64","6735.03","25.7885","-14.2006","5.78691","27.4395","-70.1273","5.58822","346.348","189.096","1322.7","346.381","774.739","8.15837","1.05305","53.1015","1129.14","346.361","3.26"
"04_MNTRR_RR_V2_an2","04_MNTRR_RR_V2","7.66","29.1","189","757","0.03772","2","False","18.16","19.34","22.42","23.02","467","498","580","596","4","STABLE","MNTRR","R","L","0.262326","0.224265","1.82246","0.62637","0.571458","2.71278","0.133493","0.100731","1.14701","0.15993","0.131602","0.851853","5.45436","2.69576","10.3178","16.8878","13.6647","0.134705","0.0896922","8.12744","4.02737","26.525","14.3433","0.14844","0.0680589","-0.19419","0.13766","0.499493","0.654367","0.00131224","0.000700938","0.00312183","0.00000221329","0.0208898","0.0174736","0.0823295","88336.8","5580.48","27311.2","88.9574","4.38473","2460.81","1613.77","6666.8","45.6014","-29.3813","8.61331","28.7331","-79.1898","7.8385","362.249","197.185","1304.5","362.257","775.138","9.99531","1.28949","72.3276","1115.61","362.212","3.08"
"04_MNTRR_RR_V2_an3","04_MNTRR_RR_V2","7.66","29.1","189","757","0.03772","3","True","26.07","26.91",NULL,"29.1","677","699",NULL,"757","4","STABLE","MNTRR","R","L","0.215726","0.136427","0.883691","0.559798","0.472434","1.84488","0.118573","0.0891596","0.822822","0.167047","0.143673","0.900608","4.35013","2.03797","8.60633","11.464","9.10611","0.147898","0.0589107","2.97998","2.29605","11.7017","7.79","0.119509","0.061914","-0.214306","0.0946353","0.381141","0.322689","0.00133941","0.000591471","0.00238213","0.00000214387","0.0208398","0.0134048","0.0520718","85945.2","2560.21","12788","87.6889","3.99272","2372.86","1603.36","6841.48","27.6546","-23.0263","6.34707","19.093","-73.5514","5.2345","365.867","199.006","1206.06","365.863","774.367","10.4547","1.3501","55.5429","801.168","365.83","2.19"
"04_MNTRR_RR_V3_an1","04_MNTRR_RR_V3","7.56","29.25","189","763","0.03774","1","False","9.81","10.68","14.28","14.98","248","271","367","385","4","STABLE","MNTRR","R","L","0.19592","0.154961","0.82976","0.760451","0.754854","2.79222","0.117584","0.0730666","0.447599","0.157019","0.137577","0.978242","7.42591","2.69057","12.9257","20.5347","12.2476","0.150926","0.0803983","8.71795","2.95034","22.999","13.71","0.129343","0.0674459","-0.0286878","0.124792","0.311566","0.62189","0.00064326","0.00047612","0.00194729","0.000000640474","0.0138195","0.010739","0.042023","93416.6","4704.98","25550","93.5676","6.04088","2749.66","2788.19","18140.5","40.2373","-23.188","10.3353","29.3488","-77.7315","5.29412","356.759","192.572","1203.47","356.786","774.687","11.6108","1.49877","90.6391","1284.31","356.752","3.6"
"04_MNTRR_RR_V3_an2","04_MNTRR_RR_V3","7.56","29.25","189","763","0.03774","2","False","18.03","18.79","22.5","23.14","466","486","584","601","4","STABLE","MNTRR","R","L","0.172656","0.119146","0.73237","0.567482","0.661582","2.60934","0.102328","0.0626521","0.406553","0.129789","0.124981","0.952436","5.54504","3.22868","10.2007","19.4783","6.75394","0.123581","0.0713619","5.52727","0.927744","19.5833","4.44733","0.102295","0.073333","-0.172296","0.123276","0.434747","0.592151","0.00116746","0.000624723","0.00271717","0.00000175323","0.0198725","0.0141152","0.0527973","87749.2","5010.16","24138.6","88.619","3.89903","2104.2","1605.31","9554.39","33.2254","-36.5407","9.38051","23.9247","-84.3862","4.50848","355.224","191.811","1359.49","355.31","774.876","8.38771","1.08246","62.8672","1318.08","355.278","3.71"
"04_MNTRR_RR_V3_an3","04_MNTRR_RR_V3","7.56","29.25","189","763","0.03774","3","True","26.02","26.84",NULL,"29.25","678","699",NULL,"763","4","STABLE","MNTRR","R","L","0.234699","0.128321","0.871483","0.87855","0.54852","2.12758","0.128797","0.106316","1.20982","0.188456","0.148663","1.06741","4.91447","1.20227","8.96729","12.0376","9.23083","0.174741","0.0827613","4.59052","2.47552","12.8643","7.714","0.138645","0.0778552","-0.20326","0.0919034","0.445879","0.530766","0.0012867","0.000536832","0.00278675","0.00000194378","0.0159934","0.0128403","0.0564147","86139.9","2167.9","11734.9","88.6992","4.08162","2205.66","1400.35","5410.7","30.5839","-31.4903","7.78798","32.7659","-79.123","7.98711","359.333","197.389","1456.11","359.479","774.304","15.3681","1.98476","89.7226","866.215","359.425","2.41"
"05_MNTRL_RR_V1_an1","05_MNTRL_RR_V1","7.6","28.75","191","746","0.03809","1","False","9.73","10.16","14","14.52","246","258","359","372","5","STABLE","MNTRL","L","R","0.362487","0.287709","1.55757","0.371903","0.416002","4.29048","0.180571","0.13114","0.939791","0.138073","0.122321","0.910553","6.02152","3.94533","22.2116","16.7355","22.6684","0.166313","0.115631","5.61699","4.45422","21.6873","19.0127","0.173225","0.126753","-0.00990614","0.171909","0.410107","0.730897","0.000902818","0.000585799","0.00256317","0.00000115824","0.0164764","0.0128388","0.0616436","95684.4","5193.03","24336.3","94.2924","4.05122","3055.23","2812.1","12072.8","30.7215","-93.8869","6.7028","28.5896","84.1075","6.03841","386.784","214.755","1831.76","386.78","756.617","15.2322","2.0132","137.332","1485.22","386.775","3.84"
"05_MNTRL_RR_V1_an2","05_MNTRL_RR_V1","7.6","28.75","191","746","0.03809","2","False","17.83","18.27","21.67","22.32","459","471","560","577","5","STABLE","MNTRL","L","R","0.626272","0.618545","3.43574","0.912166","1.02704","5.64666","0.24587","0.178499","1.26744","0.243079","0.192594","1.26201","8.81898","5.85617","19.8394","29.5996","24.6656","0.244537","0.204784","9.02119","1.52151","33.765","8.97567","0.196174","0.123417","-0.150252","0.127636","0.377116","0.686093","0.00110514","0.000544878","0.00235697","0.00000151823","0.0172071","0.0129437","0.0563002","89792.1","4390.46","23333.6","93.0188","4.16927","2132.64","1990.63","10012.5","94.2239","-92.0387","15.2753","44.9471","100.109","9.99545","414.025","243.879","1746.14","413.883","755.76","18.8006","2.48765","143.435","1407.21","413.884","3.4"
"05_MNTRL_RR_V1_an3","05_MNTRL_RR_V1","7.6","28.75","191","746","0.03809","3","True","25.68","26.18",NULL,"28.75","665","678",NULL,"746","5","STABLE","MNTRL","L","R","0.564917","0.577391","4.01007","0.784689","1.18378","5.91598","0.248177","0.209691","1.57092","0.188678","0.162431","1.15738","4.45606","3.27399","22.752","8.84022","24.0559","0.228793","0.24245","7.01638","4.58632","23.146","24.71","0.206832","0.220295","-0.209999","0.0942355","0.435621","0.396684","0.00131249","0.000588972","0.00272263","0.00000206952","0.0151731","0.0114877","0.0473147","88761.4","2803.63","12727.5","92.246","4.31168","2087.8","1842.44","8708.8","32.2338","-84.7966","6.73319","38.907","86.4796","9.07493","410.607","221.835","1391.79","410.548","754.831","18.4611","2.44573","103.151","1055.16","410.567","2.57"
"05_MNTRL_RR_V2_an1","05_MNTRL_RR_V2","7.62","29","192","754","0.03804","1","False","9.94","10.34","14.25","14.79","252","263","366","380","5","STABLE","MNTRL","L","R","0.69764","0.550257","3.80251","0.807208","0.662554","4.68829","0.233151","0.167572","1.30803","0.229","0.177118","1.20877","8.78055","4.55729","28.7947","16.796","33.9824","0.249325","0.156984","6.32886","8.58929","30.0463","42.282","0.238125","0.207824","0.00362327","0.138987","0.410572","0.712878","0.00068039","0.000540521","0.00256608","0.000000755093","0.0171181","0.0116523","0.0505963","95933.8","5628.57","29291.1","94.6235","5.76948","3845.53","4106.91","20952.7","44.0662","-129.74","8.92169","50.4338","75.5956","12.0456","410.716","222.636","1538.86","410.718","755.29","18.6972","2.4755","140.078","1605.77","410.682","3.91"
"05_MNTRL_RR_V2_an2","05_MNTRL_RR_V2","7.62","29","192","754","0.03804","2","False","18.09","18.61","22.23","22.73","467","480","576","589","5","STABLE","MNTRL","L","R","0.581536","0.561572","3.49725","0.830582","1.03151","5.74271","0.230767","0.175686","1.4455","0.202427","0.183197","1.33518","11.7","6.55666","23.39","38.1616","21.1772","0.271225","0.229774","13.525","5.91563","40.8263","24.5733","0.275042","0.234102","-0.119678","0.133462","0.391299","0.622684","0.000979816","0.000543359","0.00244562","0.00000125528","0.0172131","0.0149114","0.078348","90734.1","4881.62","26275.4","94.3053","3.48187","2670.27","1988.39","10824.2","62.3381","-114.887","15.654","37.5264","76.7398","9.25417","397.795","222.879","1265.05","397.732","754.428","17.5721","2.3292","115.969","1439.64","397.69","3.62"
"05_MNTRL_RR_V2_an3","05_MNTRL_RR_V2","7.62","29","192","754","0.03804","3","True","26.1","26.63",NULL,"29","677","691",NULL,"754","5","STABLE","MNTRL","L","R","0.504553","0.362489","1.66192","0.893416","0.834771","3.76937","0.197433","0.126847","0.641477","0.211662","0.158129","0.756832","13.9858","8.35303","42.0053","30.8012","54.2872","0.335933","0.239248","4.15158","9.3581","13.52","41.2677","0.255137","0.186156","-0.214317","0.0880652","0.418652","0.441023","0.00134385","0.000539652","0.00261658","0.00000209716","0.0154144","0.00992781","0.039138","87154.4","2737.72","11134.4","91.2487","4.25377","2368.13","1764.65","8252.12","25.3957","-125.764","6.01332","35.6445","84.3214","9.18725","398.444","212.644","1284.45","398.333","755.035","12.014","1.59118","75.3794","944","398.312","2.37"
"05_MNTRL_RR_V3_an1","05_MNTRL_RR_V3","7.63","29.2","195","765","0.03784","1","False","10","10.44","14.14","14.61","257","269","367","379","5","STABLE","MNTRL","L","R","0.548474","0.538088","4.30511","0.513673","0.468528","2.97953","0.203841","0.18237","1.56697","0.156547","0.126029","0.911053","8.20173","3.5625","21.9013","12.7756","28.5012","0.224244","0.199951","5.00311","5.46634","21.0117","22.9187","0.189665","0.182531","0.0050479","0.162753","0.386905","0.693216","0.000854403","0.000552898","0.00241816","0.0000010357","0.0157477","0.0118687","0.0541328","96574.9","6155.32","44392.4","95.7227","6.02946","4049.67","4539.34","28999","36.3577","-180.643","7.79126","35.5783","37.6996","7.73519","407.486","229.698","1597.12","407.563","756.862","20.0691","2.65162","256.658","1507.91","407.544","3.7"
"05_MNTRL_RR_V3_an2","05_MNTRL_RR_V3","7.63","29.2","195","765","0.03784","2","False","17.93","18.36","22.02","22.47","467","478","575","587","5","STABLE","MNTRL","L","R","0.347696","0.32764","2.22298","0.583157","0.627711","3.82421","0.16789","0.163866","1.27804","0.15306","0.127535","0.746333","6.33624","4.84705","31.8018","10.422","35.3678","0.215987","0.228678","3.90483","6.79519","16.657","31.687","0.194296","0.190043","-0.134274","0.164087","0.501567","0.902594","0.00114942","0.000659436","0.00313479","0.00000175602","0.0205892","0.0157107","0.0739852","91290.5","5258.9","30959.4","93.0281","4.2683","2130.93","1927.97","11293.1","26.7696","-164.875","5.09548","25.5328","41.4659","5.41579","400.067","229.023","1513.01","400.144","756.41","16.4848","2.17935","155.031","1464.36","400.098","3.66"
"05_MNTRL_RR_V3_an3","05_MNTRL_RR_V3","7.63","29.2","195","765","0.03784","3","True","26.02","26.45",NULL,"29.2","680","692",NULL,"765","5","STABLE","MNTRL","L","R","0.467644","0.513374","2.93197","0.554291","0.692277","4.40124","0.209978","0.179994","1.04163","0.162893","0.135206","0.856433","4.87703","4.84334","28.6933","5.54456","30.2509","0.186192","0.234576","3.83431","2.80906","16.657","16.7083","0.171032","0.195294","-0.208097","0.0824716","0.363219","0.334696","0.0013006","0.000515447","0.00227012","0.00000195726","0.0177345","0.011256","0.0482861","87864.4","3073.77","15263","91.4284","4.34579","2472.12","2040.78","8695.19","20.8092","-166.588","4.57612","35.4859","42.4617","6.83668","407.614","226.761","1467.76","407.719","754.632","18.2626","2.42007","139.467","1121.2","407.707","2.75"
"05_MNTRR_RR_V1_an1","05_MNTRR_RR_V1","7.57","29","193","756","0.03804","1","False","9.68","10.1","13.87","14.4","248","259","358","372","5","STABLE","MNTRR","R","L","0.68993","0.71228","4.35334","0.678351","0.52151","3.51884","0.272971","0.307334","2.02463","0.176841","0.141311","0.990419","13.6997","8.65853","52.9895","36.306","57.8036","0.409998","0.449163","5.65636","10.3327","19.379","61.384","0.349879","0.359216","0.062747","0.164822","0.445874","0.783845","0.000892979","0.000646195","0.00278672","0.00000121498","0.0160666","0.0123315","0.0539335","98890.3","5256.78","27654.1","97.509","3.6248","3858.22","4120.06","18946.3","73.9084","-142.281","14.8353","53.0054","-23.4637","11.0721","405.421","256.743","3589.03","405.51","761.613","45.6647","5.99579","516.061","1528.48","405.434","3.77"
"05_MNTRR_RR_V1_an2","05_MNTRR_RR_V1","7.57","29","193","756","0.03804","2","False","17.73","18.11","21.92","22.45","460","470","570","584","5","STABLE","MNTRR","R","L","0.52509","0.567195","4.58965","0.663896","0.626383","5.45735","0.194838","0.177379","1.64899","0.173871","0.125539","0.933095","10.3851","6.24329","35.2322","30.7716","44.9101","0.277831","0.277184","9.76831","10.5423","41.1567","56.0773","0.262653","0.286818","-0.166418","0.122953","0.420576","0.742627","0.00116805","0.000554993","0.0026286","0.00000167236","0.0167525","0.0140547","0.0610866","89687.2","5239.46","24799.2","91.2135","5.0159","2909.17","2081.86","7881.99","40.8074","-150.837","9.49876","42.1435","-26.9165","8.51137","384.636","218.445","1696.68","384.607","762.175","23.8786","3.13295","195.01","1465.16","384.557","3.81"
"05_MNTRR_RR_V1_an3","05_MNTRR_RR_V1","7.57","29","193","756","0.03804","3","True","25.75","26.17",NULL,"29","670","681",NULL,"756","5","STABLE","MNTRR","R","L","0.434029","0.516504","3.11141","0.486503","0.467366","4.25215","0.191842","0.177316","1.2359","0.160235","0.142134","0.896461","7.73105","6.44495","30.0467","12.505","39.7551","0.229048","0.174438","2.22884","8.97732","10.202","39.2873","0.213214","0.169865","-0.191675","0.0929176","0.368451","0.380398","0.00119993","0.000576664","0.00230282","0.00000177238","0.0162286","0.0117428","0.0479744","88963.7","2579.42","11462.2","93.9914","4.0783","2690.87","1612.5","7073.22","32.9217","-168.884","7.85941","32.6708","-31.5608","7.89073","397.025","220.253","1538.19","397.121","761.093","15.556","2.04391","98.2676","1123.69","397.064","2.83"
"05_MNTRR_RR_V2_an1","05_MNTRR_RR_V2","7.58","29.05","194","760","0.03792","1","False","10.05","10.49","14.14","14.63","259","270","366","379","5","STABLE","MNTRR","R","L","0.503827","0.428886","2.93954","0.807811","0.862086","6.7086","0.18192","0.152669","1.24603","0.208003","0.168456","1.24887","7.81582","4.83096","31.2383","10.3482","37.5198","0.223867","0.194164","5.01651","6.46696","17.3533","33.941","0.240041","0.204643","0.0490137","0.13357","0.442744","0.693157","0.000701138","0.00054695","0.00276715","0.000000790749","0.0164796","0.0129279","0.0576249","97106.6","3979.72","20871.6","95.9055","5.55998","3126.15","3129.45","13411.6","47.7672","-107.3","9.48906","32.9262","-77.5386","8.34519","405.015","222.72","1499.04","405.017","760.841","16.4651","2.16407","113.527","1478.26","405.002","3.65"
"05_MNTRR_RR_V2_an2","05_MNTRR_RR_V2","7.58","29.05","194","760","0.03792","2","False","17.95","18.34","22.06","22.57","467","477","575","589","5","STABLE","MNTRR","R","L","0.423763","0.369354","2.07804","0.602778","0.549069","3.80825","0.169795","0.133113","0.804593","0.175006","0.128887","0.882275","7.00142","4.02393","27.0075","17.657","33.0112","0.227416","0.219331","6.10335","9.01346","23.3023","46.5263","0.221487","0.23248","-0.14291","0.153774","0.416891","0.797974","0.00116233","0.000608662","0.00260557","0.00000172147","0.0201507","0.0158982","0.0837056","90346.4","4044.66","24755.1","93.2104","3.31061","2332.54","2069.48","10503.3","31.9811","-93.5379","7.62347","28.2024","-78.5543","7.86821","388.019","212.459","1899.17","388.009","759.653","18.7238","2.46478","159.914","1443.39","388.009","3.72"
"05_MNTRR_RR_V2_an3","05_MNTRR_RR_V2","7.58","29.05","194","760","0.03792","3","True","25.99","26.39",NULL,"29.05","679","690",NULL,"760","5","STABLE","MNTRR","R","L","0.70118","0.577468","3.22997","0.760383","0.534258","3.04917","0.224057","0.178642","0.942102","0.21351","0.14526","0.834792","11.6941","8.49279","42.896","4.19728","57.6197","0.338311","0.27569","7.68121","14.7126","27.2357","64.7193","0.332113","0.268992","-0.194953","0.0887149","0.395348","0.376623","0.00121846","0.000554468","0.00247092","0.00000179207","0.0168369","0.0114535","0.0441895","89580.5","2839.95","14993.1","94.6048","4.8154","2385.25","1736.02","8458.63","40.3257","-83.4867","7.16498","44.3861","-73.9524","10.3913","384.315","209.536","1560.66","384.272","758.908","20.0926","2.64757","130.617","1022.16","384.272","2.66"
"05_MNTRR_RR_V3_an1","05_MNTRR_RR_V3","7.57","29","192","756","0.03795","1","False","10.02","10.42","14.14","14.67","256","267","365","379","5","STABLE","MNTRR","R","L","0.403851","0.39958","2.30461","0.713323","0.630708","3.71408","0.155367","0.128583","0.814865","0.166986","0.130616","1.04733","8.42283","4.19015","25.1839","22.0849","26.8403","0.208174","0.173796","11.0387","10.1388","35.6693","48.8273","0.261146","0.252944","0.0190778","0.186261","0.525177","0.835","0.000937871","0.000699871","0.00328236","0.00000136942","0.0190444","0.0137319","0.0521174","94397.9","4421.96","22035.4","92.3819","5.85418","2727.12","2641.39","12842.7","59.6765","-75.3555","12.9233","37.2516","-118.137","8.5612","383.591","212.836","1584.26","383.487","758.047","18.2715","2.41035","173.647","1426.58","383.49","3.72"
"05_MNTRR_RR_V3_an2","05_MNTRR_RR_V3","7.57","29","192","756","0.03795","2","False","18.02","18.47","22.14","22.65","467","479","575","589","5","STABLE","MNTRR","R","L","0.322523","0.327401","2.18816","0.522975","0.485961","3.75078","0.152164","0.142884","1.14977","0.155607","0.122413","0.784594","6.7259","2.71729","20.9255","10.3654","27.5024","0.173197","0.132159","5.01636","7.25911","16.6323","32.8757","0.180822","0.118616","-0.155178","0.133416","0.410966","0.636436","0.001106","0.000642419","0.00256853","0.00000163595","0.0168034","0.0131315","0.0584283","91305.2","4464.75","23106.7","95.395","4.05544","2514.89","2012.94","10239.2","30.8886","-71.9664","6.06941","29.4579","-117.491","7.45185","382.15","206.932","1563.55","382.215","759.307","12.4884","1.64471","90.9433","1402.61","382.184","3.67"
"05_MNTRR_RR_V3_an3","05_MNTRR_RR_V3","7.57","29","192","756","0.03795","3","True","25.9","26.35",NULL,"29","674","686",NULL,"756","5","STABLE","MNTRR","R","L","0.392614","0.402433","2.25601","0.610604","0.75885","4.65367","0.168323","0.129453","0.789513","0.168465","0.139334","1.12993","9.32676","3.73518","23.9933","10.6969","32.131","0.215735","0.165363","2.48227","7.81243","12.6597","31.7833","0.202569","0.19317","-0.197279","0.0926136","0.422834","0.449346","0.00123797","0.000568123","0.00264271","0.00000185533","0.0169997","0.013319","0.0509269","88083","2814.43","13266.6","93.1499","3.97797","2260.44","1761.42","7019.08","32.0628","-67.7039","6.66222","34.6054","-117.023","10.4473","381.544","209.052","1377.73","381.604","759.308","14.5937","1.92197","126.955","1011.24","381.599","2.65"
"08_MNTRL_RR_V1_an1","08_MNTRL_RR_V1","7.61","29.25","197","775","0.03741","1","False","9.93","10.51","14.08","14.62","259","274","369","384","8","STABLE","MNTRL","L","R","0.29687","0.265628","1.52527","0.460788","0.342301","1.57621","0.143794","0.115536","0.881777","0.143693","0.0946758","0.654684","3.27934","1.61086","9.23814","6.96011","10.4922","0.122226","0.0722932","2.71956","2.46878","12.6937","12.8277","0.116213","0.0826294","0.00127648","0.139196","0.381165","0.757075","0.000680483","0.000542089","0.00238228","0.000000756917","0.0181218","0.0119969","0.0593761","95430","5179.39","23060","94.4287","7.50151","2981.05","2857.52","13230.6","25.268","-116.822","4.76173","37.0459","36.5454","7.17169","376.677","206.387","1270.85","376.655","781.406","15.1727","1.94172","101.931","1344.7","376.668","3.57"
"08_MNTRL_RR_V1_an2","08_MNTRL_RR_V1","7.61","29.25","197","775","0.03741","2","False","17.83","18.4","22.06","22.6","470","485","583","597","8","STABLE","MNTRL","L","R","0.247092","0.205274","1.16996","0.516835","0.419839","1.78569","0.136543","0.0931143","0.71804","0.160626","0.114735","0.596685","7.51113","3.62996","19.9556","14.8917","28.1646","0.191356","0.0830047","5.40034","8.32656","17.13","32.7933","0.19304","0.0972791","-0.143783","0.175995","0.430612","0.853642","0.00126152","0.00065274","0.00269132","0.0000020175","0.0167663","0.0136849","0.0539737","88908.2","4951.33","30534.4","91.736","3.63531","2561.64","1905.35","9122.13","35.6546","-114.043","8.13966","37.0114","25.6692","7.91298","373.182","207.387","1344.9","373.214","780.931","14.424","1.84703","106.507","1365.93","373.204","3.66"
"08_MNTRL_RR_V1_an3","08_MNTRL_RR_V1","7.61","29.25","197","775","0.03741","3","True","25.9","26.41",NULL,"29.25","685","699",NULL,"775","8","STABLE","MNTRL","L","R","0.196546","0.142129","1.19745","0.359998","0.317817","2.02806","0.122976","0.0897924","0.625645","0.145607","0.106307","0.817671","6.1781","4.81062","28.3088","14.4806","32.2134","0.200284","0.170848","5.60842","8.00867","24.0283","39.3707","0.23291","0.234075","-0.201195","0.0934276","0.454123","0.46811","0.00125974","0.000579008","0.00283827","0.0000019222","0.0198612","0.0146165","0.0625637","87075.2","2669.87","10791.5","91.1827","3.89897","1755.28","1413.02","5879.96","38.0642","-115.152","9.47457","28.2187","23.7523","4.78643","366.109","202.5","1322.23","366.127","779.89","10.6787","1.36926","56.1533","1039.74","366.104","2.84"
"08_MNTRL_RR_V2_an1","08_MNTRL_RR_V2","7.63","29.35","194","774","0.03739","1","False","10.54","11.04","14.17","14.8","271","285","368","385","8","STABLE","MNTRL","L","R","0.262979","0.205363","1.44578","0.498997","0.305734","1.32325","0.144833","0.131872","0.982251","0.154369","0.098827","0.625464","5.3084","3.01381","12.3023","6.069","21.0199","0.146263","0.101989","3.41603","7.90438","10.721","28.831","0.14906","0.114934","0.00144753","0.138395","0.401566","0.712274","0.000652069","0.00056838","0.00250979","0.00000074825","0.0178056","0.0136177","0.0678216","93658.2","4157.89","24872.1","93.392","6.0569","2893.61","2477.08","13494.5","30.0683","-123.177","5.8059","40.7805","34.1871","10.322","375.745","206.013","1243.02","375.716","779.022","14.3226","1.83854","83.0088","1175.92","375.694","3.13"
"08_MNTRL_RR_V2_an2","08_MNTRL_RR_V2","7.63","29.35","194","774","0.03739","2","False","18.04","18.52","22.17","22.83","472","485","582","600","8","STABLE","MNTRL","L","R","0.268858","0.223093","1.34597","0.426752","0.382192","2.23316","0.150752","0.110715","0.805857","0.144357","0.0980299","0.682467","5.67292","4.42271","27.2039","8.55528","35.647","0.187779","0.184594","2.19664","8.89766","9.46667","45.7997","0.192168","0.214284","-0.144401","0.131049","0.39231","0.729415","0.00110127","0.000522094","0.00245194","0.00000148537","0.0163593","0.0122831","0.0534348","90852","4097.79","18799.9","92.8532","4.54176","2394.45","1717.93","8283.53","31.244","-121.156","6.17924","39.3985","12.9299","8.53441","374.711","210.286","1543.54","374.69","779.323","16.3078","2.09256","113.526","1367.65","374.699","3.65"
"08_MNTRL_RR_V2_an3","08_MNTRL_RR_V2","7.63","29.35","194","774","0.03739","3","True","25.94","26.43",NULL,"29.35","683","696",NULL,"774","8","STABLE","MNTRL","L","R","0.231706","0.144938","0.981679","0.431555","0.439916","2.27041","0.132232","0.0817242","0.43629","0.152742","0.113494","0.696615","7.3596","6.25401","33.2968","7.7945","39.3747","0.20418","0.181589","3.53418","11.198","15.237","47.1043","0.226304","0.224935","-0.18493","0.0935493","0.363491","0.482205","0.00117642","0.000542021","0.00227182","0.00000167776","0.0167679","0.0139528","0.0723732","90435.2","2976.39","13646.6","96.4462","4.33757","2226.97","1579.28","6697.83","22.6127","-118.571","5.5291","34.0688","15.7292","6.85868","372.098","206.232","1312.35","372.185","779.559","10.5702","1.35592","59.2051","1086.72","372.165","2.92"
"08_MNTRL_RR_V3_an1","08_MNTRL_RR_V3","7.55","29.5","194","780","0.0374","1","False","10.04","10.62","14.1","14.71","260","276","369","385","8","STABLE","MNTRL","L","R","0.230497","0.148928","1.10026","0.466096","0.286311","1.58193","0.145403","0.105006","0.550425","0.143545","0.0942311","0.728623","5.1466","3.11968","16.8825","7.90639","22.0044","0.148441","0.0772247","4.35519","5.98052","14.5533","26.1697","0.152799","0.0800352","0.0321211","0.143232","0.364618","0.692393","0.000746882","0.000532777","0.00227886","0.000000841683","0.0187565","0.0141577","0.0690022","95507.3","4359.7","20249.8","92.5861","5.4921","2904.53","2896.52","14538.7","23.8798","-116.817","5.06231","42.2557","33.2255","8.96947","373.309","206.454","1388.7","373.195","780.931","8.62329","1.10423","59.8154","1298.71","373.193","3.48"
"08_MNTRL_RR_V3_an2","08_MNTRL_RR_V3","7.55","29.5","194","780","0.0374","2","False","17.96","18.46","22.29","23.01","472","485","588","607","8","STABLE","MNTRL","L","R","0.223584","0.13895","0.986966","0.467111","0.438558","2.50349","0.128198","0.0849965","0.634915","0.128228","0.0861055","0.529055","5.76552","3.94403","24.9898","10.3299","36.2572","0.209282","0.213263","4.00364","6.66192","18.9813","42.4457","0.224652","0.253605","-0.157934","0.148718","0.421286","0.797464","0.00123487","0.000559806","0.00263304","0.00000183829","0.0194553","0.0143146","0.0674095","90444.7","4560.92","22608.7","93.2867","4.21162","2525.55","1664.46","7888.45","26.3233","-111.853","5.52088","34.6182","15.3676","9.70534","363.309","202.042","1257.45","363.322","779.288","12.8361","1.64716","81.1777","1391.45","363.302","3.83"
"08_MNTRL_RR_V3_an3","08_MNTRL_RR_V3","7.55","29.5","194","780","0.0374","3","True","26.01","26.49",NULL,"29.5","687","700",NULL,"780","8","STABLE","MNTRL","L","R","0.219915","0.141486","0.700909","0.401404","0.383924","2.16331","0.114031","0.0751609","0.534695","0.120259","0.0782533","0.534125","7.82326","4.41588","29.0078","13.0343","35.6236","0.208462","0.160793","6.52784","9.00378","22.9193","42.232","0.227451","0.198041","-0.176326","0.0982891","0.421221","0.504451","0.00112484","0.000571484","0.00263263","0.00000159186","0.0173474","0.0138688","0.0541534","91256.5","2480.4","12391.1","98.114","3.61827","2307.04","1608.11","7389.02","33.5896","-117.564","9.06649","29.2124","12.4257","7.65134","370.841","200.736","1223.95","370.827","780.327","10.2208","1.30982","57.0688","1116.17","370.82","3.01"
"08_MNTRR_RR_V1_an1","08_MNTRR_RR_V1","7.6","29.25","197","775","0.03742","1","False","9.78","10.28","12.2","14.59","255","268","369","383","8","STABLE","MNTRR","R","L","0.748414","0.581115","2.74806","1.31351","0.979266","4.7334","0.258021","0.178494","0.932885","0.290102","0.18989","0.906286","7.24116","3.4848","14.097","18.0778","17.7346","0.34789","0.238553","2.38492","4.24811","8.76033","26.1657","0.296039","0.233867","0.0100242","0.152461","0.320349","0.621946","0.000813486","0.000500154","0.00200218","0.000000911913","0.0198269","0.015862","0.0759915","96947.9","7044.8","35534.1","94.6282","7.41956","4980.62","4995.76","25235","127.798","-117.095","26.3353","46.6312","-83.4403","11.355","453.691","296.305","2057.97","453.91","784.819","22.7739","2.90181","130.922","871.233","453.767","1.92"
"08_MNTRR_RR_V1_an2","08_MNTRR_RR_V1","7.6","29.25","197","775","0.03742","2","False","17.81","18.26","21.94","22.53","469","481","580","595","8","STABLE","MNTRR","R","L","0.361847","0.337706","1.88434","0.405028","0.354362","1.67211","0.157611","0.108495","0.64345","0.156039","0.111825","0.793537","4.74807","3.38155","22.8843","9.04783","27.5597","0.184419","0.159326","2.70752","6.55023","12.0577","36.782","0.18549","0.189376","-0.160619","0.127314","0.422538","0.639111","0.00111845","0.000624477","0.00264086","0.0000016409","0.0186211","0.0135313","0.0598439","90594.8","3615.21","17104.9","93.0283","3.84253","2407.72","1782.36","8254.22","34.6727","-123.417","7.00203","40.9632","-67.7143","8.57071","383.101","214.251","1460.78","383.229","785.27","16.8146","2.14125","126.345","1410.06","383.168","3.68"
"08_MNTRR_RR_V1_an3","08_MNTRR_RR_V1","7.6","29.25","197","775","0.03742","3","True","25.79","26.22",NULL,"29.25","683","694",NULL,"775","8","STABLE","MNTRR","R","L","0.268216","0.223979","1.41533","0.434564","0.364083","1.78459","0.131741","0.0902796","0.764783","0.156217","0.108755","0.672442","5.58502","4.29162","27.4797","6.82583","31.9219","0.180883","0.20228","2.42463","8.47245","9.03367","42.2283","0.196873","0.231366","-0.211305","0.0923959","0.410469","0.45633","0.00132765","0.000561215","0.00256543","0.00000207761","0.0172016","0.0138908","0.0558132","87827.9","2507.56","11311.4","92.5625","2.6666","2200.7","1836.79","7640.61","23.4166","-127.444","5.31755","20.8081","-59.0684","5.13598","368.211","198.536","1435.86","368.218","784.646","15.8968","2.02598","93.6899","1115.59","368.183","3.03"
"08_MNTRR_RR_V2_an1","08_MNTRR_RR_V2","7.57","29.35","195","775","0.0375","1","False","10.1","10.77","14.09","14.68","262","280","368","384","8","STABLE","MNTRR","R","L","0.265714","0.205993","1.16861","0.562509","0.413692","2.22965","0.125767","0.0821349","0.51684","0.184986","0.166005","1.26752","5.98809","2.45041","13.8352","18.5467","16.5089","0.168567","0.126149","5.71792","4.06281","23.647","22.604","0.195513","0.175875","-0.0192409","0.178112","0.445696","0.818825","0.000917058","0.0006424","0.0027856","0.00000125367","0.0186552","0.0144558","0.0612722","95946.4","7196.19","37861.3","96.9196","8.6222","3790.67","4936.73","25574.3","30.8688","-86.4499","6.83573","33.4348","-46.5681","8.1659","358.924","201.219","1302.34","358.947","785.143","15.1462","1.92911","105.288","1191.53","358.894","3.32"
"08_MNTRR_RR_V2_an2","08_MNTRR_RR_V2","7.57","29.35","195","775","0.0375","2","False","18","18.67","22.14","22.75","473","491","583","599","8","STABLE","MNTRR","R","L","0.216557","0.188251","1.25769","0.406447","0.417364","2.11319","0.124166","0.0689561","0.50077","0.135594","0.116075","0.831114","6.59813","3.05375","15.4477","21.1657","19.0866","0.168798","0.140448","6.17248","3.79413","23.2957","24.2253","0.182065","0.186868","-0.139832","0.13085","0.426021","0.669494","0.00105926","0.000557305","0.00266263","0.00000143261","0.01634","0.0142086","0.0556852","88845.1","5002.08","27779.7","91.2824","4.95653","2413.93","1847.72","8680.09","39.8125","-93.7798","7.6843","32.8821","-46.8429","7.15969","353.041","195.7","1245.36","353.014","785.695","11.1659","1.42115","89.4175","1224.82","352.975","3.47"
"08_MNTRR_RR_V2_an3","08_MNTRR_RR_V2","7.57","29.35","195","775","0.0375","3","True","25.97","26.36",NULL,"29.35","685","696",NULL,"775","8","STABLE","MNTRR","R","L","0.240068","0.196931","1.16544","0.464673","0.49324","3.06351","0.12006","0.0725864","0.434837","0.125512","0.101191","0.796149","5.4913","4.65049","29.7269","7.48689","33.3821","0.207103","0.228977","3.02313","6.7857","14.2487","36.6603","0.211816","0.244877","-0.205723","0.0900609","0.39592","0.439097","0.00130142","0.000525675","0.0024745","0.00000197004","0.0175248","0.013427","0.0602069","86302.5","2393.86","9579.12","89.1395","3.03229","2298.88","1592.19","6924.14","31.5358","-98.8691","7.12429","24.6485","-44.9194","6.07136","363.552","207.058","1398.22","363.551","785.128","18.6472","2.37506","149.233","1087.01","363.547","2.99"
"08_MNTRR_RR_V3_an1","08_MNTRR_RR_V3","7.65","29.45","197","782","0.03724","1","False","10.78","11.24","14.4","14.94","281","293","378","392","8","STABLE","MNTRR","R","L","0.345886","0.317756","1.75645","0.645107","0.493848","2.57424","0.150381","0.108034","0.725504","0.186988","0.133047","0.755701","8.30012","4.44324","28.0129","16.9362","34.0899","0.225303","0.141311","4.86965","9.58525","16.5763","44.585","0.237648","0.199629","0.0602755","0.172497","0.4376","0.713905","0.000907763","0.000692966","0.002735","0.00000130424","0.0154587","0.0111671","0.0473449","96818.2","4751.97","21174.6","96.265","4.4507","2354.62","2271.83","11166.1","41.7587","-84.3156","9.70603","44.9076","-46.7247","8.58331","360.07","198.921","1330.46","359.919","785.726","14.6613","1.86596","93.6899","1137.15","359.859","3.16"
"08_MNTRR_RR_V3_an2","08_MNTRR_RR_V3","7.65","29.45","197","782","0.03724","2","False","18.31","18.78","22.36","22.86","483","495","592","605","8","STABLE","MNTRR","R","L","0.25709","0.234663","1.46565","0.5693","0.567098","2.30491","0.121396","0.0855189","0.800875","0.203808","0.143659","0.842435","8.30643","5.30198","33.2673","15.9524","39.1199","0.20984","0.184838","5.70713","9.52935","21.8693","46.6027","0.237632","0.229089","-0.137221","0.140704","0.422799","0.811036","0.00107756","0.000589686","0.0026425","0.00000150887","0.0169544","0.0131182","0.0637452","89903.9","4330.7","19712.9","91.1104","4.0689","1957.29","1602.67","7168.97","38.2052","-91.337","7.50362","41.3701","-37.7728","8.18956","359.646","196.708","1298.66","359.683","785.512","10.6609","1.35719","71.7173","1287.53","359.645","3.58"
"08_MNTRR_RR_V3_an3","08_MNTRR_RR_V3","7.65","29.45","197","782","0.03724","3","True","26.07","26.51",NULL,"29.45","691","703",NULL,"782","8","STABLE","MNTRR","R","L","0.277499","0.252914","1.4606","0.471495","0.489682","3.15715","0.116495","0.0747737","0.46926","0.157743","0.112034","0.77392","7.169","3.91632","27.3299","10.3052","34.8258","0.232273","0.23334","4.1896","7.2178","14.7553","40.7787","0.246728","0.286899","-0.182868","0.0834259","0.368403","0.349823","0.00114292","0.000521412","0.00230252","0.00000157815","0.0162258","0.0133472","0.0513722","86766.3","2351.83","10361.5","88.5849","3.81317","2089.04","1413.14","5811.4","32.4185","-84.1981","7.28378","36.2557","-39.286","10.1474","349.994","195.215","1142.06","350.02","785.251","13.9337","1.77443","101.624","1028.9","349.968","2.94"
"10_MNTRL_RR_V1_an1","10_MNTRL_RR_V1","7.65","30.1","204","820","0.03641","1","False","10.11","10.86","14.63","15.29","271","292","395","413","10","STABLE","MNTRL","L","R","0.267498","0.192894","1.21678","0.634908","0.70576","3.66744","0.11336","0.0702627","0.541982","0.141276","0.101091","0.703384","11.7765","4.01463","19.8529","30.6077","25.0273","0.178035","0.0609785","5.61319","8.32227","20.713","28.7743","0.191069","0.101179","-0.014538","0.151897","0.439788","0.721256","0.000787131","0.000538473","0.00274868","0.000000909528","0.0169108","0.0135317","0.0527814","94384.9","3937.96","19870.7","95.2726","3.40602","1966","1585.71","6925.56","46.2984","-142.476","11.4588","30.8737","87.9228","8.10569","469.879","257.538","1556.75","469.735","634.938","8.65631","1.36333","62.562","1770.84","469.718","3.77"
"10_MNTRL_RR_V1_an2","10_MNTRL_RR_V1","7.65","30.1","204","820","0.03641","2","False","18.61","19.4","22.43","23.04","505","526","609","626","10","STABLE","MNTRL","L","R","0.337642","0.222536","1.58711","0.895612","0.543296","2.50153","0.119821","0.0706231","0.548742","0.188154","0.121856","0.691787","11.1055","6.05934","32.0787","31.778","35.7225","0.261967","0.147427","6.51698","7.02738","19.247","35.4577","0.251713","0.164689","-0.167087","0.116672","0.484794","0.861371","0.00113525","0.000577486","0.00302996","0.00000162228","0.0172001","0.0131657","0.0488724","91079","4648.99","22450.8","93.1655","3.74266","2405.62","1853.82","7830.95","42.7304","-141.217","11.2636","27.4824","75.3211","7.45866","453.106","261.155","2267.73","453.19","634.064","11.4105","1.79958","75.6855","1373.23","453.211","3.03"
"10_MNTRL_RR_V1_an3","10_MNTRL_RR_V1","7.65","30.1","204","820","0.03641","3","True","26.09","26.91",NULL,"30.1","710","733",NULL,"820","10","STABLE","MNTRL","L","R","0.526934","0.341086","1.57693","1.02824","0.491688","2.27747","0.141044","0.0837871","0.532754","0.198608","0.104332","0.669027","12.9309","3.92893","21.6817","35.2651","15.3227","0.204323","0.108835","12.1919","3.41538","34.3377","12.0907","0.229731","0.107485","-0.158984","0.111864","0.461286","0.627343","0.00104713","0.000616177","0.00288304","0.00000147615","0.017964","0.0137476","0.086279","90919.7","4626.98","23344.9","92.7293","5.07856","2254.28","1733.71","7322.51","43.1629","-145.289","12.0893","31.3501","84.2245","8.66847","466.14","255.744","1820.56","466.188","634.754","10.5446","1.6612","58.8999","1487.06","466.162","3.19"
"10_MNTRL_RR_V2_an1","10_MNTRL_RR_V2","7.63","30.1","201","816","0.0365","1","False","11.43","12.13","15.89","16.41","305","324","427","441","10","STABLE","MNTRL","L","R","0.47485","0.275845","1.52154","0.864157","0.569003","3.07796","0.150536","0.0896228","0.714639","0.185142","0.117294","0.723277","10.907","4.58821","24.5706","27.8657","30.0044","0.221888","0.121956","9.93533","6.40721","32.6397","33.8133","0.227833","0.153883","-0.0359607","0.175369","0.384481","0.73591","0.000965985","0.000564561","0.00240301","0.00000125186","0.0151196","0.0114621","0.056535","92742.6","4705.05","22621.2","92.6479","4.27363","2837.98","1968.97","8175.71","40.0297","-103.403","10.282","40.5455","93.6424","10.3801","462.038","249.274","1711.59","462.054","633.424","14.5333","2.2944","96.7426","1737.39","462.071","3.76"
"10_MNTRL_RR_V2_an2","10_MNTRL_RR_V2","7.63","30.1","201","816","0.0365","2","False","19.52","20.15","23.79","24.42","526","543","643","660","10","STABLE","MNTRL","L","R","0.290008","0.195607","1.13218","0.865599","1.04333","5.48131","0.118693","0.0680176","0.413647","0.159161","0.137894","0.880272","15.4781","5.11196","30.2952","42.0706","18.0491","0.24383","0.146919","11.1785","3.1381","35.416","18.2683","0.23643","0.168309","-0.152766","0.114941","0.407195","0.575615","0.00102916","0.000607064","0.00254497","0.00000142769","0.0199581","0.0165551","0.0735674","90385.5","4704.33","24968.3","92.2323","4.57139","2643.59","2118.65","10159.7","42.5444","-92.3925","11.5921","26.1518","92.2957","6.10348","453.223","249.585","1855.18","453.232","632.9","13.7396","2.1709","107.729","1649.74","453.225","3.64"
"10_MNTRL_RR_V2_an3","10_MNTRL_RR_V2","7.63","30.1","201","816","0.0365","3","True","27.53","28.23",NULL,"30.1","746","765",NULL,"816","10","STABLE","MNTRL","L","R","0.368558","0.282298","1.3172","1.02624","0.66727","2.99601","0.140352","0.0896923","0.491298","0.19988","0.123429","0.723539","5.43052","2.03284","10.7853","16.1379","8.28339","0.194443","0.0717341","2.26949","1.7261","8.80733","8.24867","0.136885","0.120741","-0.183456","0.0826981","0.368665","0.356268","0.0011466","0.000516863","0.00230416","0.00000158183","0.0152255","0.0103849","0.0456101","89144.9","3119.31","12951.2","93.3104","4.73649","2279.83","1751.95","7258.9","22.1971","-98.4014","4.96751","24.2651","88.3793","5.90451","455.125","251.742","1792.45","455.005","633.481","12.1162","1.91264","61.3413","850.899","455.026","1.87"
"10_MNTRL_RR_V3_an1","10_MNTRL_RR_V3","7.56","30.07","202","817","0.03655","1","False","10.1","10.77","14.29","14.84","271","289","386","401","10","STABLE","MNTRL","L","R","0.393342","0.317905","1.52036","0.784215","0.496972","2.68144","0.131421","0.0826496","0.590772","0.164403","0.0958982","0.590268","7.75125","3.38441","13.7238","22.198","18.8882","0.199669","0.0861098","3.87807","4.46687","16.611","17.867","0.192188","0.134305","0.000661918","0.152702","0.403696","0.727984","0.000792789","0.000531371","0.0025231","0.000000910869","0.0177842","0.0122225","0.0575111","97944.5","5632.03","30674.9","98.9074","4.58298","3265.47","3911.83","24122.1","33.2434","-71.0353","8.81505","41.2754","98.1115","9.68385","451.916","245.55","1494.54","451.905","634.545","10.2609","1.61705","67.1396","1590.72","451.908","3.52"
"10_MNTRL_RR_V3_an2","10_MNTRL_RR_V3","7.56","30.07","202","817","0.03655","2","False","18.13","18.8","22.45","23.04","491","509","609","625","10","STABLE","MNTRL","L","R","0.361374","0.205699","1.04722","0.856858","0.763141","3.73871","0.129564","0.0759783","0.502153","0.168467","0.107","0.651044","10.4457","4.03045","22.4971","34.2022","17.0958","0.223705","0.107771","7.12775","4.26478","24.141","22.1607","0.231115","0.133983","-0.155777","0.103962","0.388748","0.566709","0.00101663","0.000580138","0.00242967","0.0000013701","0.0175343","0.0137671","0.0584782","91134.5","4982.06","26816.3","93.0786","4.56883","2261.66","1770.34","8340.35","48.3397","-70.2057","9.91786","27.6922","95.6921","6.76568","453.988","247.603","1800.06","453.925","634.331","13.2559","2.08974","97.0478","1656.77","453.91","3.65"
"10_MNTRL_RR_V3_an3","10_MNTRL_RR_V3","7.56","30.07","202","817","0.03655","3","True","26.21","26.82",NULL,"30.07","712","728",NULL,"817","10","STABLE","MNTRL","L","R","0.27532","0.152032","0.946709","0.515104","0.460764","2.30674","0.113977","0.0646364","0.380308","0.141067","0.0969907","0.615842","8.65089","2.06167","12.8829","22.1018","10.0043","0.188818","0.109604","6.74926","3.11286","21.5017","17.1293","0.188861","0.12082","-0.169696","0.103774","0.436474","0.564791","0.00110584","0.000568026","0.00272796","0.00000154554","0.0180063","0.014233","0.0561255","89777.3","4804.32","24927.6","92.1352","3.96041","2261.14","1795.97","8813.89","35.5723","-80.2298","10.2171","30.8057","99.6143","6.83085","451.921","251.084","1781.14","451.786","633.621","11.0217","1.73947","66.2241","1468.41","451.819","3.25"
"10_MNTRR_RR_V1_an1","10_MNTRR_RR_V1","7.59","30.05","200","816","0.03643","1","False","10.08","10.89","14.13","14.74","268","290","379","396","10","STABLE","MNTRR","R","L","0.382608","0.287987","1.5531","1.02053","1.06055","4.39002","0.141305","0.0969011","0.678423","0.169717","0.125869","0.908562","6.18306","5.17182","25.72","27.2451","18.5071","0.201503","0.133932","7.75012","7.02187","22.463","33.4347","0.233224","0.159559","-0.035923","0.162596","0.376684","0.74034","0.000856062","0.000591841","0.00235427","0.00000108312","0.0166511","0.0142696","0.0689196","96237.5","5181.94","32991.5","96.8104","7.1097","2843.51","2796.61","14946.1","41.7625","-111.561","9.19223","24.7415","-63.6736","5.07734","439.868","246.523","1773.6","439.948","641.335","14.0405","2.18926","91.5546","1425.39","439.934","3.24"
"10_MNTRR_RR_V1_an2","10_MNTRR_RR_V1","7.59","30.05","200","816","0.03643","2","False","18.13","18.76","22.42","22.99","489","506","607","622","10","STABLE","MNTRR","R","L","0.357442","0.242294","1.82702","0.909148","0.705549","3.26404","0.173512","0.202302","1.37708","0.171761","0.111504","0.76669","8.74234","4.15052","23.3927","23.7164","23.6234","0.207459","0.0905237","8.40214","7.27844","30.8047","30.3133","0.24503","0.15146","-0.165275","0.11359","0.462802","0.595755","0.00108362","0.000629925","0.00289251","0.00000157104","0.019","0.0147556","0.0635156","91143.5","4358.8","21379","93.2951","3.89491","2641.33","2133.53","9701.76","39.2931","-126.89","9.15374","21.7106","-74.0183","5.58745","437.843","240.813","1562.43","437.871","641.253","10.2716","1.6018","59.2051","1602.61","437.872","3.66"
"10_MNTRR_RR_V1_an3","10_MNTRR_RR_V1","7.59","30.05","200","816","0.03643","3","True","26.17","26.83",NULL,"30.05","710","728",NULL,"816","10","STABLE","MNTRR","R","L","0.244896","0.143596","0.727127","0.913986","0.805649","3.35547","0.107917","0.0668416","0.416658","0.176266","0.135661","0.999519","6.9686","2.33266","13.2584","18.1375","16.6516","0.192583","0.113858","6.09327","8.03712","22.9873","25.4807","0.238082","0.168684","-0.16312","0.104796","0.517027","0.725624","0.00109426","0.000520545","0.00323142","0.00000146838","0.0165653","0.0138286","0.0642432","90610.8","4235.15","24747.7","93.1493","4.15416","2772.75","2238.15","10419.7","30.0951","-134.627","6.96113","25.3871","-65.9361","7.12382","452.004","248.51","1598.26","452.098","640.846","12.5471","1.95789","74.4638","1455.68","452.076","3.22"
"10_MNTRR_RR_V2_an1","10_MNTRR_RR_V2","7.58","30.25","195","817","0.03645","1","False","10.46","11.11","14.62","15.4","274","291","388","409","10","STABLE","MNTRR","R","L","0.246332","0.181361","1.1188","0.822841","0.783783","3.35376","0.105221","0.0640125","0.41539","0.144348","0.106058","0.641205","5.48658","1.61277","11.4461","13.1113","13.5573","0.151966","0.0965931","1.49108","4.03489","6.97133","16.4173","0.143659","0.128981","-0.0401425","0.172395","0.368693","0.703445","0.00094273","0.000578922","0.00230433","0.00000122389","0.0169886","0.011119","0.0540803","93216.6","6757.21","26142.7","93.1708","6.70574","1957.76","1688.24","8639.92","24.6117","-120.763","5.87844","27.866","-88.6915","6.99922","443.912","248.027","1696.03","443.826","640.577","9.90631","1.54647","84.8408","1557.78","443.811","3.51"
"10_MNTRR_RR_V2_an2","10_MNTRR_RR_V2","7.58","30.25","195","817","0.03645","2","False","18.49","19.42","22.63","23.26","494","519","607","625","10","STABLE","MNTRR","R","L","0.300731","0.226401","1.56072","1.11036","1.20435","5.87241","0.122269","0.129766","1.27372","0.164195","0.127569","0.967834","5.04551","3.39446","16.8739","16.0834","17.6593","0.168604","0.126767","2.96654","3.0938","14.412","15.4903","0.165483","0.127026","-0.161014","0.131914","0.479511","0.707373","0.00111522","0.00066988","0.00299694","0.00000169245","0.0202428","0.0157498","0.0726981","90778.1","4343.84","19566.9","92.475","4.81795","2728.49","1957.68","7576.58","31.9082","-127.752","7.07748","13.9568","-92.9307","3.825","455.563","244.748","1483.49","455.526","639.875","10.4367","1.63105","74.4648","1462.25","455.53","3.21"
"10_MNTRR_RR_V2_an3","10_MNTRR_RR_V2","7.58","30.25","195","817","0.03645","3","True","26.5","27.18",NULL,"30.25","714","732",NULL,"817","10","STABLE","MNTRR","R","L","0.287276","0.188415","1.55494","0.941927","0.676601","3.18276","0.111941","0.0688765","0.623482","0.179019","0.139905","0.883685","5.74916","3.15784","15.2877","19.7879","13.9353","0.192278","0.10115","3.37952","4.77751","14.4413","23.4373","0.227206","0.193794","-0.19263","0.101291","0.473144","0.552341","0.00122075","0.000600005","0.00295715","0.00000185024","0.0195683","0.0143806","0.0727557","91137.6","5015.5","24168.1","92.8685","4.9202","2918.13","2070.05","10406.2","36.4563","-124.531","8.688","26.8283","-82.6265","7.82558","437.662","236.696","1484.99","437.726","641.532","11.3622","1.77111","97.353","1343.81","437.723","3.07"
"10_MNTRR_RR_V3_an1","10_MNTRR_RR_V3","7.61","30.36","200","823","0.03649","1","False","10.18","10.87","14.57","15.08","270","289","390","404","10","STABLE","MNTRR","R","L","0.539227","0.411997","2.41618","1.04335","0.921256","4.61161","0.153149","0.124711","0.945766","0.18074","0.122331","0.729088","9.59066","3.69074","22.9603","12.5756","34.0532","0.204965","0.124504","7.994","7.37866","26.0517","34.7463","0.226533","0.143275","-0.00975808","0.179955","0.423069","0.803619","0.000915218","0.000656573","0.00264418","0.00000126871","0.0201293","0.0149352","0.0667501","96404.6","5146.35","21686","96.5997","7.4527","2598.26","2361.95","15057.2","33.298","-113.584","7.97457","39.1039","-92.4412","10.5914","458.657","253.464","1593.67","458.64","641.074","15.9748","2.49188","121.462","1696.88","458.615","3.7"
"10_MNTRR_RR_V3_an2","10_MNTRR_RR_V3","7.61","30.36","200","823","0.03649","2","False","18.25","18.98","22.53","23.44","491","511","608","633","10","STABLE","MNTRR","R","L","0.377613","0.301725","2.75884","1.16081","1.04054","5.54528","0.165265","0.236561","1.7829","0.172837","0.114521","1.11858","6.16819","3.77886","18.2131","6.48894","21.8781","0.178964","0.0840752","9.33664","8.90813","40.5573","37.1777","0.244686","0.17474","-0.166861","0.127681","0.427275","0.646587","0.00112904","0.000670583","0.00267047","0.00000172442","0.0237234","0.0163739","0.0731511","92439.2","4764.18","26287.7","94.8296","4.14185","2388.05","1858.64","8396.11","26.0799","-126.408","5.75883","20.2911","-88.7073","5.06654","448.282","244.992","1831.68","448.333","640.799","12.3147","1.92177","97.0478","1591.61","448.342","3.55"
"10_MNTRR_RR_V3_an3","10_MNTRR_RR_V3","7.61","30.36","200","823","0.03649","3","True","26.25","27.03",NULL,"30.36","710","732",NULL,"823","10","STABLE","MNTRR","R","L","0.565601","0.364894","1.85608","1.22838","0.794079","3.76842","0.245458","0.299412","1.53223","0.200919","0.114612","0.846874","7.04675","3.56524","19.4544","13.7105","18.1228","0.217385","0.114506","5.78344","6.65663","21.0343","21.7533","0.23599","0.10928","-0.138655","0.117523","0.403108","0.65338","0.000996928","0.000544643","0.00251943","0.0000012905","0.0156449","0.0119934","0.0591103","90587.7","3772.12","20050.9","93.1678","4.26151","2539.2","1692.66","6362.11","38.106","-147.604","9.08094","46.6048","-79.3508","9.71301","459.029","257.768","1771.06","459.17","641.21","15.5965","2.43236","110.17","1528.86","459.117","3.33"
"12_MNTRL_RR_V2_an1","12_MNTRL_RR_V2","7.64","28.99","190","752","0.03797","1","False","10.45","11","14.68","15.2","264","278","375","389","12","STABLE","MNTRL","L","R","0.364227","0.291646","1.94895","0.70943","0.773608","2.85013","0.139725","0.091165","0.563368","0.152358","0.1286","0.830647","10.1016","4.13101","26.3137","19.5612","35.8633","0.228844","0.154373","8.04691","8.86187","28.941","39.971","0.2487","0.187822","0.00469704","0.166309","0.442346","0.834165","0.000854673","0.000592292","0.00276466","0.00000108128","0.0150399","0.0124596","0.0619995","95595.6","5001.8","21238.7","94.6416","3.88299","2514.91","2686.66","18346.6","41.9331","-92.646","10.8024","30.1639","-1.26323","7.41679","360.549","197.802","1238.27","360.574","774.893","11.7148","1.5118","83.6191","1326.97","360.589","3.68"
"12_MNTRL_RR_V2_an2","12_MNTRL_RR_V2","7.64","28.99","190","752","0.03797","2","False","18.35","18.88","22.55","23.02","472","486","582","595","12","STABLE","MNTRL","L","R","0.293805","0.217351","1.10215","0.582527","0.61621","3.02681","0.120463","0.0620967","0.353939","0.149079","0.119048","0.929633","8.33103","4.23668","25.5264","13.2904","36.4092","0.203378","0.19306","5.19872","9.77575","19.1793","42.2257","0.229062","0.235967","-0.147522","0.147907","0.432314","0.823409","0.00113947","0.000637384","0.00270196","0.00000170466","0.0164306","0.0141329","0.0603927","93399.1","4676.54","24298.9","97.4168","4.46065","2299.07","1938.38","11244","25.7048","-93.0903","7.38285","28.4646","-1.71328","8.37064","369.347","205.411","1430.71","369.31","774.451","10.6883","1.38012","73.5483","1355.44","369.329","3.67"
"12_MNTRL_RR_V2_an3","12_MNTRL_RR_V2","7.64","28.99","190","752","0.03797","3","True","26.33","26.86",NULL,"28.9","682","696",NULL,"749","12","STABLE","MNTRL","L","R","0.432445","0.247886","1.23744","0.785687","0.660652","3.63623","0.179424","0.117205","0.832712","0.189072","0.146308","1.08641","9.32703","3.92803","19.8682","18.1042","30.5944","0.226837","0.134615","3.18276","5.70498","15.5073","24.9897","0.202537","0.167232","-0.210013","0.0761465","0.387843","0.369567","0.00131258","0.000475916","0.00242402","0.00000194936","0.0155098","0.00910134","0.0411173","89738.7","2988.93","14802.2","95.1344","3.37813","2082.51","1445.08","5939.11","37.633","-111.667","7.23366","20.9558","18.1185","5.61798","377.988","213.107","1446.28","377.94","772.304","15.3345","1.98556","83.0097","771.025","377.953","2.04"
"12_MNTRL_RR_V3_an1","12_MNTRL_RR_V3","7.78","29.46","197","770","0.03778","1","False","10.34","10.96","14.52","15.12","264","281","375","391","12","STABLE","MNTRL","L","R","0.410787","0.392067","2.93201","0.69974","0.68357","3.7054","0.150811","0.105787","0.834993","0.149","0.110361","0.763309","6.27754","4.2063","24.3608","6.33733","33.2975","0.209289","0.174333","2.32414","5.66362","13.587","27.9247","0.197786","0.222388","0.0426258","0.175485","0.515826","0.791847","0.000855384","0.000736359","0.00322391","0.00000127391","0.0162286","0.0106746","0.04713","96029.5","4618.22","19138.4","94.1565","5.2305","2877.59","2791.79","12642.3","34.6573","-107.019","7.60294","37.7213","1.06774","7.97739","379.334","209.55","1547.74","379.298","774.011","12.1472","1.56938","79.0415","1350.2","379.27","3.56"
"12_MNTRL_RR_V3_an2","12_MNTRL_RR_V3","7.78","29.46","197","770","0.03778","2","False","18.39","18.91","22.72","23.27","477","491","592","607","12","STABLE","MNTRL","L","R","0.371272","0.39005","2.88744","0.600427","0.610982","3.03245","0.164616","0.124616","0.704428","0.13172","0.114496","0.959738","7.07051","4.89971","31.7569","14.8418","36.5659","0.226636","0.202196","5.54272","7.52189","21.8377","42.031","0.25072","0.27181","-0.142439","0.15366","0.471822","0.778131","0.00114318","0.000638735","0.00294889","0.00000171485","0.0187343","0.0147237","0.060641","92691.5","5514.72","27549.4","94.5124","4.37011","2568.24","1963.32","7814.81","51.6561","-102.788","11.5079","44.8156","-5.8172","7.5699","375.167","210.57","1563.93","375.182","774.044","15.4917","2.0014","136.721","1429.36","375.16","3.81"
"12_MNTRL_RR_V3_an3","12_MNTRL_RR_V3","7.78","29.46","197","770","0.03778","3","True","26.28","26.79",NULL,"29.46","686","700",NULL,"770","12","STABLE","MNTRL","L","R","0.260172","0.170971","0.842294","0.584745","0.565472","2.41386","0.132268","0.085028","0.583585","0.16311","0.156461","1.31186","3.48061","1.58216","11.1832","6.28739","14.7138","0.124586","0.109581","2.56245","2.14696","11.828","11.7267","0.159051","0.141019","-0.188289","0.0804357","0.352392","0.412182","0.00118733","0.000477331","0.00220245","0.0000016376","0.0151297","0.0119635","0.051937","90671","3002.07","14748.9","95.8333","4.3596","2205.6","1756.43","6956.44","20.707","-113.71","4.41087","19.1111","23.8082","4.63141","364.356","205.195","1312.43","364.373","773.88","6.64039","0.858065","38.4531","972.77","364.333","2.67"
"12_MNTRR_RR_V1_an1","12_MNTRR_RR_V1","8.36","29.2","214","763","0.03795","1","False","10.21","10.63","10.85","11.19","263","274","280","288","12","STABLE","MNTRR","R","L","0.57909","0.251706","0.983026","2.06161","0.508023","3.2182","0.13894","0.0690251","0.33219","0.39504","0.155508","0.809714","3.20118","1.54005","6.14083","3.80411","9.41011","0.597604","0.0966283","0.957145","1.92928","2.768","6.495","0.337469","0.176344","-0.313992","0.0847358","0.444349","0.295747","0.00196245","0.000529599","0.00277718","0.00000413169","0.0200173","0.0159047","0.0487066","95728.2","3332.11","8982.72","94.0273","3.11009","4672.04","2578.41","8982.72","6.88947","-112.068","1.50484","2.57084","-9.84348","0.678492","368.536","185.724","907.597","367.886","747.031","12.6855","1.69812","40.5884","80.9269","367.85","0.22"
"12_MNTRR_RR_V1_an2","12_MNTRR_RR_V1","8.36","29.2","214","763","0.03795","2","False","11.41","11.87","14.21","14.84","294","306","368","384","12","STABLE","MNTRR","R","L","0.543441","0.441703","1.79976","0.843796","0.816444","3.18359","0.181323","0.116194","0.639736","0.22142","0.181875","1.16027","3.37355","1.39345","9.86572","8.37478","11.1179","0.167647","0.139884","4.88065","2.14105","21.738","13.9203","0.196052","0.171365","0.00421607","0.150454","0.32328","0.612651","0.00080231","0.000491148","0.0020205","0.000000884928","0.013759","0.00976837","0.0388714","95910","5573.23","23729.1","91.557","5.57658","2983.72","2509.21","11640.4","36.5399","-110.749","8.62972","36.0848","8.7064","9.96761","377.206","203.021","1193.07","377.165","780.932","13.5661","1.73717","70.4966","882.636","377.195","2.34"
"12_MNTRR_RR_V1_an3","12_MNTRR_RR_V1","8.36","29.2","214","763","0.03795","3","False","17.96","18.45","22.13","22.61","467","479","576","589","12","STABLE","MNTRR","R","L","0.496816","0.447346","2.67522","0.944202","0.963452","4.58887","0.182011","0.171924","1.7954","0.208475","0.170545","0.863832","11.6916","8.51301","38.1481","42.5494","32.2847","0.299129","0.306443","9.41243","11.8867","46.2367","43.3317","0.304221","0.292864","-0.179807","0.157841","0.636033","0.998191","0.00131977","0.000703076","0.00397521","0.00000223611","0.0173814","0.0112442","0.0474393","92126.7","5877.62","23346.3","91.4625","4.00553","2671.06","2182.91","9408.36","164.709","-117.495","27.5859","45.0928","-0.319303","9.33104","412.618","276.747","2607.4","412.499","779.034","28.2589","3.62743","245.365","1518.25","412.567","3.68"
"12_MNTRR_RR_V1_an4","12_MNTRR_RR_V1","8.36","29.2","214","763","0.03795","4","True","26.01","26.58",NULL,"29.2","679","694",NULL,"763","12","STABLE","MNTRR","R","L","0.491318","0.289247","1.95587","1.26283","1.03904","5.43333","0.164607","0.102381","0.504839","0.267227","0.173745","1.01209","9.66883","6.8475","37.3759","18.7559","44.4062","0.302297","0.249537","8.83137","11.6982","38.768","50.908","0.324641","0.258322","-0.204031","0.0930768","0.470712","0.536139","0.00128687","0.000555406","0.00294195","0.00000196452","0.0171895","0.0121308","0.0645571","88470.4","3128.6","15447.5","91.8624","3.59159","2528.33","1732.82","6247.88","37.3828","-121.829","8.10456","31.9922","3.71571","8.14713","374.624","209.689","1366.37","374.519","778.314","22.8068","2.93028","116.883","981.352","374.562","2.62"
"12_MNTRR_RR_V2_an1","12_MNTRR_RR_V2","7.57","29.25","190","762","0.03787","1","False","10.09","10.6","14.21","14.85","256","270","365","382","12","STABLE","MNTRR","R","L","0.525137","0.463245","2.29981","0.883529","0.955247","4.04116","0.150845","0.101395","0.557085","0.235809","0.1733","0.931255","8.06788","3.74801","24.984","18.0218","33.2873","0.263838","0.214801","8.06275","7.08092","27.1583","39.6283","0.317411","0.252695","-0.0248329","0.176545","0.552105","0.958507","0.000920339","0.000628146","0.00345066","0.00000124159","0.0186943","0.0149443","0.066956","95628.6","4513.2","25497.6","98.0254","5.72742","2999.31","3169.31","18013.9","85.3158","-102.762","17.4999","40.285","4.7123","9.45604","371.354","211.404","1463.33","371.346","779.811","12.5112","1.60439","82.7036","1340.65","371.372","3.61"
"12_MNTRR_RR_V2_an2","12_MNTRR_RR_V2","7.57","29.25","190","762","0.03787","2","False","18.22","18.83","22.31","23.08","471","487","579","599","12","STABLE","MNTRR","R","L","0.94369","0.984396","5.13441","1.78833","1.56973","7.24851","0.290778","0.277057","1.78799","0.309924","0.194448","1.26705","12.0989","7.65395","39.3342","32.3382","50.9078","0.403652","0.24065","12.8606","16.1502","45.314","78.3773","0.510769","0.321256","-0.139371","0.127996","0.357163","0.586434","0.00104707","0.000549869","0.00223227","0.00000139872","0.0182811","0.0132957","0.0618231","91220.8","5318.38","22807.5","92.8627","4.0971","2699.63","2149.71","9700.51","133.599","-129.424","22.0711","41.878","27.8487","9.91739","429.932","272.009","2274.68","429.803","779.235","38.0456","4.88243","358.587","1495.95","429.871","3.48"
"12_MNTRR_RR_V2_an3","12_MNTRR_RR_V2","7.57","29.25","190","762","0.03787","3","True","26.3","26.94",NULL,"29.25","684","701",NULL,"762","12","STABLE","MNTRR","R","L","0.282613","0.21956","1.23358","0.976119","0.89876","5.08795","0.126128","0.0798272","0.545249","0.215572","0.153893","0.931756","6.24358","3.82509","24.5112","14.5237","27.0706","0.228355","0.249264","7.48332","7.2437","30.1363","34.57","0.257832","0.265263","-0.195797","0.180533","0.506786","0.919261","0.00149525","0.000731347","0.00316741","0.00000277065","0.0205166","0.0182113","0.0824217","90947.3","4447.89","21157.6","93.8104","4.17053","2684.2","1893.54","8620.44","36.758","-125.949","8.6541","12.0908","35.397","3.06487","363.834","204.927","1360.25","363.748","777.367","17.5492","2.25752","99.7944","840.308","363.77","2.31"
"12_MNTRR_RR_V3_an1","12_MNTRR_RR_V3","7.59","28.88","191","755","0.03771","1","False","10.36","11.01","14.37","14.92","264","281","370","385","12","STABLE","MNTRR","R","L","0.64618","0.529912","3.91426","0.875251","0.750956","3.29317","0.18638","0.137664","0.913477","0.211264","0.155476","0.840087","9.14781","3.04984","21.0925","19.0947","27.0366","0.269301","0.234557","8.07557","8.33237","31.4447","34.5537","0.266669","0.241037","0.0223584","0.195957","0.4938","0.830697","0.000976946","0.000751706","0.00308625","0.00000151949","0.0161859","0.0119344","0.0532695","93753.3","6551.3","35258.3","91.1883","6.97583","3042.1","3658.89","23650.8","39.332","-122.03","8.95355","44.92","-0.909088","12.6478","382.628","216.97","1765.03","382.671","779.214","20.9295","2.68597","155.337","1285.69","382.646","3.36"
"12_MNTRR_RR_V3_an2","12_MNTRR_RR_V3","7.59","28.88","191","755","0.03771","2","False","18.23","18.82","22.32","22.79","473","488","581","594","12","STABLE","MNTRR","R","L","0.662912","0.515711","2.56357","1.14355","0.936218","4.45745","0.222091","0.170615","1.07604","0.241796","0.164091","1.34353","12.9304","4.76661","26.8871","29.9684","37.8812","0.364468","0.255572","11.0243","8.87955","39.9243","39.3657","0.394606","0.284659","-0.134396","0.132627","0.4304","0.637969","0.00101155","0.000607808","0.00269","0.00000139266","0.0190348","0.0159104","0.0648518","90853.1","5297.22","28812.5","91.7273","4.16478","2804.27","2189.11","10950.4","138.497","-131.13","27.6725","46.9451","-19.8966","11.9441","417.12","259.398","2325.93","417.216","779.294","25.5904","3.2838","183.414","1459.93","417.123","3.5"
"12_MNTRR_RR_V3_an3","12_MNTRR_RR_V3","7.59","28.88","191","755","0.03771","3","True","26.25","26.84",NULL,"28.75","685","701",NULL,"752","12","STABLE","MNTRR","R","L","0.471053","0.361582","1.89278","0.970349","0.742304","2.78937","0.177571","0.132837","0.790764","0.21307","0.136694","0.722765","8.20942","3.79542","21.622","20.2997","19.8497","0.284822","0.215202","4.10263","3.93816","17.125","21.1687","0.23075","0.23222","-0.199548","0.0975374","0.4421","0.461848","0.00125192","0.0005998","0.00276313","0.00000192707","0.0179138","0.0117446","0.056971","88449.9","2682.73","12522.3","92.0824","4.26324","2128.65","1866.86","7979.16","63.1874","-139.695","16.1569","39.0459","-21.2059","8.13371","394.216","227.082","1498.76","394.095","777.016","19.1053","2.4588","100.405","752.571","394.016","1.91"
"13_MNTRL_RR_V1_an1","13_MNTRL_RR_V1","7.61","29.89","192","784","0.03761","1","False","10.38","10.81","11.82","12.15","265","277","303","312","13","STABLE","MNTRL","L","R","0.445905","0.239425","1.00845","2.06486","0.722685","4.75577","0.152318","0.07581","0.367377","0.350442","0.241001","1.84327","7.89886","4.89494","22.7898","25.0709","15.725","0.40993","0.234261","6.76711","6.46774","22.8747","23.804","0.458662","0.284142","-0.0836561","0.0968449","0.263134","0.347787","0.000673979","0.000430685","0.00164459","0.000000639737","0.015405","0.0106895","0.0462778","94769.7","3600.04","16786.5","99.2036","4.31127","3527.76","2620.8","9971.66","71.1408","-143.095","20.6055","18.76","103.795","4.375","416.672","227.004","1337.41","416.723","728.858","12.2346","1.67859","49.1343","420.908","416.741","1.01"
"13_MNTRL_RR_V1_an2","13_MNTRL_RR_V1","7.61","29.89","192","784","0.03761","2","False","12.61","13","14.3","14.78","324","335","369","382","13","STABLE","MNTRL","L","R","0.348456","0.205905","1.04477","0.780356","0.619618","2.85602","0.12216","0.0771657","0.403229","0.219175","0.152292","0.655425","5.11241","2.81958","14.9629","9.06061","19.3155","0.24623","0.166716","4.09976","5.41822","14.3013","20.951","0.286274","0.143167","-0.0294531","0.106796","0.207994","0.407272","0.000575734","0.000384627","0.00129996","0.000000479407","0.0179043","0.0143679","0.0659512","90676.9","2858.83","13075.8","91.1682","2.98595","2220.12","1322.57","5224.16","25.1537","-130.989","7.44344","28.1326","98.0001","8.31194","409.317","222.201","1449.63","409.262","729.498","15.3429","2.10321","66.2241","532.085","409.297","1.3"
"13_MNTRL_RR_V1_an3","13_MNTRL_RR_V1","7.61","29.89","192","784","0.03761","3","False","18.38","18.92","22.44","23.01","478","492","586","601","13","STABLE","MNTRL","L","R","0.236871","0.138625","0.878351","0.805729","1.04041","5.27158","0.113908","0.0699834","0.519629","0.165609","0.155961","0.773424","6.01672","4.67586","24.6916","14.2324","28.5339","0.194482","0.170445","2.75683","6.11892","9.75267","30.2667","0.161837","0.132471","-0.159564","0.136142","0.449259","0.617699","0.00111849","0.000683771","0.00280787","0.00000171857","0.0170882","0.0126154","0.0477895","91585.5","5772.21","31104.5","91.8502","3.93426","3169.49","2655.74","12570.7","37.4278","-147.699","8.89301","25.6712","82.0493","6.72037","413.354","226.936","1655.17","413.441","733.1","12.518","1.70754","75.9897","1455.23","413.416","3.52"
"13_MNTRL_RR_V1_an4","13_MNTRL_RR_V1","7.61","29.89","192","784","0.03761","4","False","26.2","26.7","28.6","28.93","686","699","750","758","13","STABLE","MNTRL","L","R","0.29981","0.168055","0.777166","0.902113","0.912751","4.26859","0.124412","0.0698512","0.442061","0.216907","0.173267","1.07787","6.45437","4.2661","21.9498","17.2378","24.9631","0.26936","0.185335","4.50249","7.75771","19.3963","29.5487","0.298505","0.162428","-0.18706","0.102594","0.39356","0.416239","0.00117458","0.00063117","0.00245975","0.00000177801","0.0176513","0.0150655","0.0591565","88801.6","3784.79","16678.2","92.7507","6.05222","2262.86","2200.89","8729.66","33.1576","-135.552","8.76975","32.5228","99.0436","9.94478","420.075","230.925","1305.49","419.979","731.067","11.6019","1.58698","67.4448","797.917","419.956","1.9"
"13_MNTRL_RR_V1_an5","13_MNTRL_RR_V1","7.61","29.89","192","784","0.03761","5","True","29.36","29.72",NULL,"29.89","770","780",NULL,"784","13","STABLE","MNTRL","L","R","0.362133","0.0945043","0.50495","1.40042","0.756572","2.57577","0.102955","0.0558462","0.221025","0.415397","0.207778","1.11238","2.11092","1.18581","4.37053","3.98483","6.5725","0.483216","0.0950373","0.912622","1.49484","2.915","4.76233","0.337042","0.0596801","-0.107019","0.0469919","0.175477","0.120617","0.000668869","0.000293699","0.00109673","0.000000533646","0.0132981","0.0047631","0.0200441","93904.4","3307.21","8783.15","92.8306","1.93376","2195.79","1640.49","4012.38","6.51451","-122.929","1.49671","4.66268","81.5677","1.42357","403.15","218.199","1104.87","401.062","705.002","2.1512","0.305134","9.76562","68.1676","400.986","0.17"
"13_MNTRL_RR_V2_an1","13_MNTRL_RR_V2","7.56","29.15","193","751","0.03867","1","False","10.68","11.2","14.43","14.99","273","287","370","385","13","STABLE","MNTRL","L","R","0.202712","0.120391","0.746589","0.448464","0.454498","2.24467","0.116031","0.0616877","0.36836","0.138235","0.133414","1.12902","10.3002","3.79281","19.5008","28.286","11.7167","0.183161","0.103204","11.7606","2.83109","33.663","13.7467","0.191309","0.0958248","-0.0143216","0.162424","0.347178","0.654395","0.00086491","0.000538954","0.00216986","0.00000103854","0.0176952","0.0122872","0.0637287","95376.7","5803.58","30916.6","93.5015","5.04777","2508.97","3029.65","23711.2","39.9043","-109.003","11.6805","23.7808","49.5375","4.55264","382.617","212.699","1208.71","382.635","734.322","12.9984","1.77012","92.164","1235.89","382.628","3.23"
"13_MNTRL_RR_V2_an2","13_MNTRL_RR_V2","7.56","29.15","193","751","0.03867","2","False","18.46","19.03","22.48","23.16","474","489","578","596","13","STABLE","MNTRL","L","R","0.250871","0.160773","0.887519","0.55055","0.506778","3.05751","0.120369","0.0703452","0.463679","0.134891","0.116174","1.00881","4.10432","2.51153","11.9162","12.0274","14.7981","0.161793","0.10121","3.03093","4.57005","11.7237","20.899","0.182975","0.12182","-0.139613","0.127899","0.3734","0.739184","0.00101547","0.000607619","0.00233375","0.00000140039","0.0165423","0.0124064","0.0542042","90258.8","4033.2","23435.7","93.0764","3.95777","2495.14","1843.91","9486.94","39.9842","-107.795","9.06633","26.2391","60.4813","6.57402","393.594","217.617","1577.44","393.606","733.671","8.63502","1.17696","53.1015","1357.93","393.602","3.45"
"13_MNTRL_RR_V2_an3","13_MNTRL_RR_V2","7.56","29.15","193","751","0.03867","3","True","26.34","26.94",NULL,"29.15","678","694",NULL,"751","13","STABLE","MNTRL","L","R","0.276124","0.167942","0.811958","0.624212","0.753619","3.35025","0.121378","0.06469","0.342007","0.150625","0.129341","0.69484","4.76955","1.69003","10.9818","8.871","13.9717","0.163548","0.127694","3.16242","3.11615","10.8153","13.5067","0.149849","0.0875681","-0.182839","0.0962946","0.467374","0.52544","0.00116541","0.00055668","0.00292109","0.00000166808","0.0180997","0.0140198","0.0596607","89242.5","2969.48","12407.9","93.1967","3.78114","2444.5","1544.49","6287.33","28.3576","-100.423","7.39977","23.6492","61.1247","7.1008","394.618","212.539","1350.02","394.609","733.187","15.9517","2.17567","108.949","872.149","394.638","2.21"
"13_MNTRL_RR_V3_an1","13_MNTRL_RR_V3","7.57","29.05","193","760","0.03786","1","False","10.4","11.12","14.35","15.09","267","286","372","391","13","STABLE","MNTRL","L","R","0.23514","0.167444","0.846221","0.806162","0.734395","2.92919","0.11351","0.0681368","0.350939","0.155327","0.109919","0.667316","7.53422","3.93409","16.3203","11.9356","23.6033","0.189117","0.108895","3.45977","7.40105","15.1393","26.2833","0.17209","0.082804","-0.0129231","0.142668","0.427448","0.680055","0.000716865","0.000536389","0.00267155","0.000000801608","0.0137666","0.0106089","0.0493602","96198.8","4445.13","19287.4","95.7361","3.62581","2383.34","2362.32","11996.3","42.2176","-85.4882","8.21309","35.3704","70.0163","9.90539","385.925","208.217","1361.15","385.906","733.502","10.5104","1.4329","57.9844","1246.53","385.922","3.23"
"13_MNTRL_RR_V3_an2","13_MNTRL_RR_V3","7.57","29.05","193","760","0.03786","2","False","18.35","18.98","22.46","23.24","477","494","586","606","13","STABLE","MNTRL","L","R","0.243911","0.205447","1.18474","0.7253","0.613745","3.03941","0.117158","0.0761667","0.480333","0.184216","0.180869","1.39605","6.23592","2.37596","18.4794","9.538","23.2137","0.181002","0.12704","3.09928","5.76531","10.619","25.506","0.146496","0.120493","-0.161947","0.0992072","0.36327","0.413974","0.00103277","0.000585095","0.00227044","0.00000140895","0.014714","0.011218","0.0423192","89692","3601.64","18537.7","92.7182","4.3781","2374.26","1904.99","7799.17","33.4943","-74.08","8.16803","26.1785","69.608","7.17819","384.839","215.256","1377.82","384.874","733.213","14.1033","1.9235","97.6582","1339.26","384.846","3.48"
"13_MNTRL_RR_V3_an3","13_MNTRL_RR_V3","7.57","29.05","193","760","0.03786","3","True","26.32","26.89",NULL,"29.05","688","703",NULL,"760","13","STABLE","MNTRL","L","R","0.303038","0.236259","1.14743","0.871182","1.08166","4.31822","0.141757","0.0864417","0.557803","0.159542","0.147707","0.82613","4.12125","2.50508","15.6222","7.37844","16.8702","0.201972","0.213899","2.47778","4.1384","12.5323","20.692","0.194213","0.189593","-0.198429","0.0808525","0.389718","0.397365","0.00124183","0.000501264","0.00243574","0.0000017934","0.0157132","0.01086","0.0524786","88677.7","3105.06","15116","94.1125","4.75741","2068.05","1670.75","7310.08","29.3103","-73.4318","6.3494","20.1307","72.7432","5.05912","385.763","207.976","1312.25","385.693","731.901","13.847","1.89193","90.9433","833.163","385.723","2.16"
"13_MNTRR_RR_V1_an1","13_MNTRR_RR_V1","7.57","29.05","192","760","0.03779","1","False","10.39","10.85","14.27","14.89","266","278","369","385","13","STABLE","MNTRR","R","L","0.285953","0.231959","1.26016","0.682872","0.755405","3.56622","0.137428","0.115084","1.07957","0.16123","0.140019","0.776177","4.09561","3.03895","14.5501","15.1373","13.4825","0.163828","0.13484","2.48594","2.73386","10.0883","13.8017","0.13663","0.120483","-0.0152727","0.147524","0.352494","0.684569","0.000770396","0.000515485","0.00220309","0.000000859236","0.0160964","0.0112468","0.0494862","94522.6","5815.31","22504.7","95.9898","6.4138","2590.5","2267.13","12817.6","39.9075","3.38982","6.99779","28.5118","-35.3829","6.45329","368.955","202.256","1284.04","368.925","741.043","16.5007","2.22668","130.007","1261.61","368.893","3.42"
"13_MNTRR_RR_V1_an2","13_MNTRR_RR_V1","7.57","29.05","192","760","0.03779","2","False","18.22","18.86","22.25","22.93","473","490","580","598","13","STABLE","MNTRR","R","L","0.268722","0.19285","1.25632","0.588489","0.62146","2.57522","0.120983","0.0830351","0.70159","0.176696","0.118386","0.717734","6.49873","2.752","13.9849","18.0241","19.2428","0.189109","0.123524","7.9179","3.78405","22.6247","19.8153","0.183166","0.114783","-0.139587","0.12017","0.421913","0.598269","0.001003","0.000564968","0.00263696","0.0000013252","0.0164695","0.0104656","0.0545213","89841.5","4175.52","22667.7","92.7044","4.45438","2748.69","1898.45","7626.54","36.8395","9.68603","9.60926","26.8963","-31.7514","5.94835","367.707","198.232","1210.7","367.736","741.513","14.36","1.93658","75.9897","1246.54","367.711","3.39"
"13_MNTRR_RR_V1_an3","13_MNTRR_RR_V1","7.57","29.05","192","760","0.03779","3","True","26.35","26.94",NULL,"29.05","688","704",NULL,"760","13","STABLE","MNTRR","R","L","0.319999","0.177124","1.0577","1.14638","0.881218","3.2267","0.124841","0.089969","0.542293","0.198046","0.159371","0.77647","6.05069","3.88023","15.7638","6.11317","28.3729","0.208083","0.0825533","4.78183","5.26648","14.2747","25.4327","0.218355","0.0734481","-0.216396","0.0881898","0.423814","0.46774","0.00136211","0.000526932","0.00264884","0.00000213299","0.014098","0.0122222","0.0463163","86207.1","3113.2","17453.2","88.0376","2.3244","2407.45","1797.3","7929.69","37.6685","7.38614","7.98834","31.8504","-41.7998","7.37931","358.969","194.593","1220.26","358.967","740.781","12.7632","1.72293","63.1723","757.368","358.942","2.11"
"13_MNTRR_RR_V2_an1","13_MNTRR_RR_V2","7.56","29","186","751","0.03788","1","False","10.25","10.91","14.44","15.15","257","274","367","386","13","STABLE","MNTRR","R","L","0.240074","0.178898","0.988711","0.614514","0.621687","3.20609","0.112432","0.0728033","0.621145","0.171611","0.132799","0.898081","3.73904","2.15313","10.7533","4.88517","15.3989","0.129052","0.0842438","1.79384","4.13459","6.62967","16.727","0.139094","0.0832992","0.0852352","0.170612","0.515434","0.778969","0.000970756","0.000691713","0.00322146","0.00000142083","0.015572","0.0127559","0.0511438","95828.4","4529","20366.4","93.0839","5.29292","2945.8","2234.93","12161.6","25.819","9.00661","5.71968","24.3415","-37.2799","6.35472","357.547","197.508","1375.34","357.59","741.547","12.2615","1.6535","88.5019","1262.17","357.556","3.53"
"13_MNTRR_RR_V2_an2","13_MNTRR_RR_V2","7.56","29","186","751","0.03788","2","False","18.42","19.01","22.61","23.22","472","488","583","599","13","STABLE","MNTRR","R","L","0.259502","0.193636","1.31213","0.706691","0.899146","5.04756","0.108261","0.0710899","0.589905","0.158577","0.149899","1.01941","10.063","3.84871","21.1075","25.6","24.3482","0.205212","0.115181","9.36831","7.1011","28.1983","27.5953","0.210853","0.110997","-0.146703","0.114342","0.395381","0.637402","0.00100409","0.00058585","0.00247113","0.00000135141","0.0176615","0.0142887","0.0614598","89584.6","3366.11","15413.5","91.4656","3.92474","2431.99","2040.85","9645.87","43.8127","39.2608","12.2008","20.8983","-31.9662","5.57284","365.107","202.997","1343.32","365.155","741.193","13.4019","1.80815","93.6899","1314.44","365.121","3.6"
"13_MNTRR_RR_V2_an3","13_MNTRR_RR_V2","7.56","29","186","751","0.03788","3","True","26.28","27",NULL,"29","680","699",NULL,"751","13","STABLE","MNTRR","R","L","0.329985","0.220408","1.24047","1.84851","1.82935","6.2969","0.14626","0.118028","0.781026","0.234571","0.195262","0.900018","11.8331","3.92972","25.0083","24.7581","31.7371","0.334263","0.165747","9.06922","10.2222","25.7523","39.6773","0.326438","0.192951","-0.165434","0.0910946","0.398656","0.428135","0.00104279","0.000552994","0.0024916","0.00000139322","0.0169821","0.0125629","0.0575824","88091.3","2627.01","13159.7","91.5838","4.26176","2050.08","1584.67","9079.92","47.3997","12.8464","14.9868","22.1768","-35.0701","6.77997","364.164","191.732","1189.1","364.289","739.872","15.4327","2.08586","72.938","728.487","364.244","2"
"13_MNTRR_RR_V3_an1","13_MNTRR_RR_V3","7.6","29.15","193","761","0.03792","1","False","10.2","10.86","14.53","15.24","261","278","375","394","13","STABLE","MNTRR","R","L","0.427035","0.337977","1.96388","0.953175","0.908582","3.67189","0.159854","0.119523","0.74948","0.195027","0.167069","1.1308","11.8722","5.83753","24.5448","6.32678","36.5719","0.2215","0.119877","4.07642","15.5456","13.9037","43.4567","0.221486","0.137831","0.0211375","0.140468","0.378199","0.67594","0.000733995","0.000499458","0.00236374","0.000000788207","0.0153624","0.0101581","0.0434903","95437.4","4546.89","24699.7","93.9146","3.95989","2538.47","2092.85","9437.13","19.0722","-41.7515","4.05421","38.9437","-44.1692","12.5126","369.957","203.045","1398.83","369.951","741.986","17.7828","2.39664","101.931","1357.6","369.917","3.67"
"13_MNTRR_RR_V3_an2","13_MNTRR_RR_V3","7.6","29.15","193","761","0.03792","2","False","18.22","18.84","22.47","23.06","473","489","585","600","13","STABLE","MNTRR","R","L","0.341571","0.192635","1.1155","0.825436","0.773323","5.17805","0.132472","0.0882105","0.626662","0.217662","0.185454","1.0798","11.7501","3.71051","18.9531","13.8401","32.5339","0.241067","0.125875","3.58962","12.7448","13.1167","36.3387","0.231618","0.143133","-0.150573","0.110635","0.351371","0.45559","0.00102149","0.000565975","0.00219607","0.00000136376","0.015213","0.0123102","0.0620149","89891.5","3769.64","23581.3","93.3607","4.18","2106.61","1949.6","8713.28","41.7934","-43.3508","9.46066","37.4063","-45.6918","13.1401","368.127","200.767","1440.02","368.212","741.305","14.2589","1.92348","103.762","1336.5","368.182","3.63"
"13_MNTRR_RR_V3_an3","13_MNTRR_RR_V3","7.6","29.15","193","761","0.03792","3","True","26.15","26.68",NULL,"29.15","682","696",NULL,"761","13","STABLE","MNTRR","R","L","0.44667","0.27128","1.36022","0.861417","0.836574","4.27579","0.157282","0.102555","0.581963","0.200191","0.153335","0.803342","7.08143","3.41121","17.1602","15.3114","24.7274","0.255481","0.114514","4.0828","6.70647","16.5657","29.2127","0.23544","0.108664","-0.242089","0.0946148","0.440619","0.439685","0.00151305","0.000591343","0.00275387","0.00000263902","0.0156996","0.0114928","0.048616","89452.9","4074.79","17551.9","91.5387","4.60691","2282.99","1843.86","8509.63","31.5927","-46.0671","7.1314","35.389","-43.8324","10.223","367.414","194.143","1218.21","367.512","740.33","18.8665","2.54839","106.813","907.644","367.467","2.47"
"14_MNTRL_RR_V1_an1","14_MNTRL_RR_V1","7.58","28.8","191","748","0.03803","1","False","10.53","11.45","14.4","14.94","268","292","370","384","14","STABLE","MNTRL","L","R","0.184417","0.117585","0.566454","0.261693","0.374671","2.41874","0.10327","0.0646603","0.485693","0.103925","0.0859718","0.655994","4.95625","2.88019","9.75733","14.3598","11.5161","0.115658","0.0584999","5.32185","3.78324","16.7683","15.0253","0.128219","0.0685175","-0.0209252","0.14861","0.37455","0.725588","0.000765424","0.000542147","0.00234094","0.000000879797","0.0147046","0.0121992","0.0509426","93225.8","5615.26","22568","91.3573","6.17754","1875.19","1686","8713.51","35.18","-108.72","9.08873","17.5606","63.3046","4.23726","506.258","279.282","1812.19","506.297","564.211","4.45798","0.790127","37.5366","1493.58","506.3","2.95"
"14_MNTRL_RR_V1_an2","14_MNTRL_RR_V1","7.58","28.8","191","748","0.03803","2","False","18.22","18.73","22.41","22.83","470","484","580","591","14","STABLE","MNTRL","L","R","0.196927","0.196003","1.61333","0.373921","0.429317","2.28488","0.119501","0.108063","1.1111","0.111767","0.0851624","0.54496","5.83092","3.6999","16.8023","10.0403","28.4243","0.172048","0.144405","4.82152","7.58443","16.7923","34.282","0.182005","0.136761","-0.148995","0.136102","0.413192","0.744593","0.00113761","0.000544616","0.00258245","0.00000159075","0.0180341","0.0135766","0.0527215","91256.1","4915.85","24946.7","94.1851","4.30471","2305.76","1947.63","9245.43","19.1831","-116.67","3.6635","31.132","54.2659","8.59445","498.248","279.915","1871.55","498.296","564.623","7.09866","1.25724","75.3803","1833.68","498.284","3.68"
"14_MNTRL_RR_V1_an3","14_MNTRL_RR_V1","7.58","28.8","191","748","0.03803","3","True","26.23","26.64",NULL,"28.8","681","692",NULL,"748","14","STABLE","MNTRL","L","R","0.225589","0.196605","1.06978","0.42173","0.70648","3.51517","0.113201","0.0811639","0.475733","0.12882","0.109649","0.666985","4.02134","1.80788","13.9181","8.25506","15.9823","0.168782","0.175605","4.82462","3.06677","17.0097","15.0303","0.189001","0.147225","-0.198766","0.0981742","0.431733","0.461034","0.00125314","0.000591105","0.00269833","0.00000191977","0.0169165","0.0119824","0.0498416","89798.6","2685.48","12629.4","94.0719","4.3861","2102.12","1514.29","6868.56","22.327","-114.935","6.36415","27.3773","60.8359","7.61996","502.648","276.697","1774.75","502.713","563.696","9.07281","1.60952","56.7627","1085.85","502.709","2.16"
"14_MNTRL_RR_V2_an1","14_MNTRL_RR_V2","7.66","29.25","193","765","0.03774","1","False","10.63","11.07","14.39","14.86","271","283","371","383","14","STABLE","MNTRL","L","R","0.286961","0.246968","1.4859","0.50136","0.444661","3.09701","0.114593","0.0849528","0.596136","0.137858","0.119277","1.00478","4.86744","2.45325","16.7663","14.8527","15.4297","0.143616","0.140549","3.6347","3.38317","15.4033","17.9727","0.160709","0.125554","-0.00384422","0.158718","0.407593","0.703965","0.000810662","0.000572225","0.00254746","0.000000984613","0.0195971","0.0141126","0.060283","98794","5826.91","34313","100.286","4.36173","3417.06","3840.84","22716.2","26.0631","-115.997","6.10305","27.3661","64.1436","7.13131","506.826","274.309","2135.5","506.736","564.024","7.75794","1.37546","73.5493","1682.48","506.772","3.32"
"14_MNTRL_RR_V2_an2","14_MNTRL_RR_V2","7.66","29.25","193","765","0.03774","2","False","18.38","18.87","22.93","23.37","477","490","597","609","14","STABLE","MNTRL","L","R","0.178731","0.178389","1.2801","0.401263","0.47636","2.88609","0.108163","0.0818274","0.582929","0.122021","0.0878233","0.510284","6.69213","3.69577","20.5367","19.8266","25.3931","0.179912","0.150256","6.49917","5.73158","25.6813","29.512","0.190671","0.140124","-0.132886","0.188835","0.611182","1.04044","0.00127714","0.000672035","0.00381989","0.00000208271","0.0196063","0.0149384","0.0849453","92151.7","4891.94","33059.9","96.6335","4.72885","2527.27","1959.08","10891.6","36.0656","-122.805","7.67401","25.3645","50.2406","6.17416","504.447","282.036","1867.12","504.498","564.788","7.24521","1.28282","68.3613","2048.29","504.506","4.06"
"14_MNTRL_RR_V2_an3","14_MNTRL_RR_V2","7.66","29.25","193","765","0.03774","3","True","26.5","27",NULL,"29.25","692","705",NULL,"765","14","STABLE","MNTRL","L","R","0.205763","0.166196","0.705863","0.506978","0.672255","3.45884","0.149365","0.165732","1.17513","0.131571","0.120851","0.856936","6.28061","2.84903","17.9117","15.0883","17.2046","0.157846","0.141666","7.65405","2.599","26.224","13.6087","0.158185","0.125811","-0.215269","0.089506","0.454181","0.431949","0.00134543","0.000559412","0.00283863","0.00000212313","0.0177581","0.0133814","0.0570815","90972.3","2607.09","13038.2","94.7601","3.87","1913.5","1442.48","5507.69","30.1561","-120.457","7.25649","20.7225","55.1578","4.82612","499.855","278.932","1854.19","499.721","564.207","6.98508","1.23804","47.6074","1124.26","499.673","2.25"
"14_MNTRL_RR_V3_an1","14_MNTRL_RR_V3","7.61","29.1","192","759","0.03785","1","False","10.32","10.77","14.5","14.94","263","275","374","385","14","STABLE","MNTRL","L","R","0.240619","0.183434","1.40491","0.392755","0.554769","3.30727","0.114099","0.081228","0.618396","0.11598","0.0859015","0.65514","7.08366","3.45913","20.3662","20.3856","23.8845","0.177302","0.151997","5.90019","6.0103","24.4617","25.0153","0.195088","0.14578","-0.0104748","0.143996","0.387965","0.726818","0.00075118","0.00049997","0.00242478","0.000000814242","0.0145676","0.0115884","0.0423416","95384.6","5343.84","25868.8","94.8547","4.81111","2669.55","2621.56","14619.4","27.951","-119.768","6.81616","27.6438","55.6654","7.09827","502.578","277.414","1722.71","502.535","564.654","8.51889","1.50869","69.582","1874.48","502.54","3.73"
"14_MNTRL_RR_V3_an2","14_MNTRL_RR_V3","7.61","29.1","192","759","0.03785","2","False","18.33","18.85","22.69","23.18","475","488","590","603","14","STABLE","MNTRL","L","R","0.166615","0.139964","0.854108","0.301375","0.443827","3.00745","0.0996893","0.0686092","0.365958","0.116619","0.0837096","0.513632","5.81348","2.9777","16.9554","17.6394","18.0019","0.129239","0.106067","6.34946","4.10429","23.848","21.6893","0.138846","0.105066","-0.146709","0.171838","0.491079","0.941263","0.00125416","0.000649077","0.00306925","0.00000199422","0.0183768","0.0147643","0.0586306","91621.1","5483.52","29709","95.1967","4.09218","2276.61","1748.29","9064.71","26.8831","-112.526","6.3943","23.5925","55.8901","5.70369","493.09","267.196","1834.04","493.043","564.875","6.0092","1.06381","51.2695","1893.22","493.026","3.84"
"14_MNTRL_RR_V3_an3","14_MNTRL_RR_V3","7.61","29.1","192","759","0.03785","3","True","26.29","26.77",NULL,"29.1","685","698",NULL,"759","14","STABLE","MNTRL","L","R","0.221125","0.219024","1.01846","0.388841","0.580478","2.86817","0.100119","0.0635996","0.357761","0.116385","0.100696","0.788311","3.47918","2.64822","16.287","2.68067","18.2533","0.118314","0.140815","1.89652","4.42056","10.3307","20.6457","0.125272","0.13267","-0.199623","0.0778607","0.34675","0.336765","0.00124764","0.000486629","0.00216719","0.00000179342","0.0127916","0.0102433","0.0487895","90722.1","3355.78","14560.9","96.2311","5.11869","1931.83","1360.6","7397.14","14.7049","-112.404","2.49062","19.7969","57.3909","4.65975","501.541","278.498","1797.52","501.559","564.189","9.1411","1.62022","75.3803","1168.6","501.544","2.33"
"14_MNTRR_RR_V1_an1","14_MNTRR_RR_V1","7.62","29.2","193","762","0.0379","1","False","10.09","10.68","14.4","15.01","258","273","371","387","14","STABLE","MNTRR","R","L","0.178647","0.139751","0.8222","0.223775","0.182064","1.79997","0.0992201","0.0589514","0.465924","0.0958577","0.0630617","0.445145","3.25881","1.42257","9.83635","8.38289","11.4592","0.109153","0.0774432","3.03589","3.26542","15.222","12.0363","0.114789","0.0772412","-0.00532178","0.159209","0.372246","0.698672","0.000831641","0.000547371","0.00232654","0.000000991241","0.0171129","0.0129757","0.0618778","97607.4","6376.35","29978.6","98.5169","5.72241","3188.86","3808.74","22347.6","16.2637","-117.44","3.27492","22.7445","-99.4367","5.75974","496.54","271.483","1929.3","496.582","569.033","6.1877","1.08741","55.5429","1847.15","496.546","3.72"
"14_MNTRR_RR_V1_an2","14_MNTRR_RR_V1","7.62","29.2","193","762","0.0379","2","False","18.17","18.63","22.24","22.66","471","483","578","589","14","STABLE","MNTRR","R","L","0.213582","0.179117","0.842413","0.46329","0.672134","3.15825","0.0968907","0.0676613","0.393752","0.126992","0.114926","1.16129","7.62421","3.85436","21.542","14.8223","30.1741","0.189017","0.17766","5.97802","8.70821","21.867","37.186","0.223297","0.182724","-0.158248","0.162489","0.451347","0.865484","0.00127044","0.000628939","0.00282092","0.00000200957","0.0173239","0.0149065","0.0618834","89279.8","5490.38","28913.4","90.886","3.67666","2321.94","1665.56","7334.7","27.255","-111.467","6.43114","29.8519","-106.954","6.77699","500.487","272.496","1943.29","500.477","568.249","6.69154","1.17757","61.6465","1806.7","500.471","3.61"
"14_MNTRR_RR_V1_an3","14_MNTRR_RR_V1","7.62","29.2","193","762","0.0379","3","True","26.02","26.52",NULL,"29.2","678","691",NULL,"762","14","STABLE","MNTRR","R","L","0.456499","0.460413","3.37363","0.698175","0.799793","4.47563","0.180152","0.155564","1.30051","0.14806","0.105601","0.788252","15.0185","4.25844","21.5574","36.9141","26.7889","0.345455","0.16985","15.902","9.85023","42.723","37.4937","0.437892","0.182716","-0.204212","0.0889494","0.421668","0.437388","0.00127961","0.000548333","0.00263542","0.00000193806","0.0167276","0.0132628","0.0665267","89271.7","2580.45","12781.2","93.2467","3.31683","2119.1","1334.7","5751.39","73.5406","-111.641","21.0118","37.7937","-77.7627","10.3479","505.447","279.997","2009.29","505.564","568.95","12.3687","2.17396","80.2631","1354.96","505.582","2.68"
"14_MNTRR_RR_V2_an1","14_MNTRR_RR_V2","7.65","29.2","191","762","0.03768","1","False","10.42","10.96","14.55","15.17","264","278","374","390","14","STABLE","MNTRR","R","L","0.479465","0.540396","2.76875","0.634831","0.666806","2.80546","0.152419","0.109554","0.712133","0.154528","0.112425","0.695513","8.11601","3.3474","17.3141","7.19861","22.2303","0.187183","0.110527","1.57401","8.48872","6.368","23.8","0.16137","0.106858","0.0116925","0.156389","0.403807","0.723913","0.000806009","0.000557732","0.00252379","0.000000960716","0.015698","0.0139314","0.0619191","97240.2","5465.31","25270.7","97.9473","6.5296","2741.81","2601.06","14426","27.0097","-111.791","5.70032","32.9528","-86.2257","9.19482","503.5","276.939","2396.33","503.586","568.743","10.2765","1.80689","55.542","1807.71","503.541","3.59"
"14_MNTRR_RR_V2_an2","14_MNTRR_RR_V2","7.65","29.2","191","762","0.03768","2","False","18.55","19.06","22.68","23.14","480","493","589","602","14","STABLE","MNTRR","R","L","0.205607","0.171583","0.819517","0.338231","0.342598","1.72986","0.100452","0.0604591","0.385162","0.111845","0.0691438","0.397248","5.21911","2.79527","20.6686","9.46472","23.1643","0.174315","0.150316","5.75076","5.44357","20.9803","29.0433","0.194074","0.175874","-0.14754","0.140055","0.442177","0.713419","0.00113527","0.00057246","0.0027636","0.00000161654","0.0174233","0.0134035","0.0547237","90796.9","4556.66","22217.7","91.8651","3.48024","2544.26","1972.27","8361.35","22.165","-116.33","4.96089","24.6963","-70.8179","5.01813","501.301","276.7","1854.98","501.309","568.866","6.90227","1.21334","59.2051","1814.69","501.296","3.62"
"14_MNTRR_RR_V2_an3","14_MNTRR_RR_V2","7.65","29.2","191","762","0.03768","3","True","26.15","26.68",NULL,"29.2","682","696",NULL,"762","14","STABLE","MNTRR","R","L","0.232112","0.245087","1.55535","0.389633","0.55871","2.34874","0.118891","0.0891941","0.600948","0.117952","0.0920378","0.591916","3.91314","2.63301","14.7217","13.3859","12.5728","0.145022","0.120037","6.54171","1.61934","25.7767","10.3173","0.145361","0.112795","-0.167375","0.0915772","0.428717","0.477902","0.00105638","0.000553142","0.00267948","0.00000142191","0.019427","0.0121853","0.0556939","89315.1","2969.47","13721.8","92.9079","2.98343","1823.96","1418.73","5760.1","21.7192","-104.723","5.41322","25.9721","-77.8167","5.69491","488.096","267.099","1771.02","488.101","568.638","7.7319","1.35972","50.354","1229.99","488.091","2.52"
"14_MNTRR_RR_V3_an1","14_MNTRR_RR_V3","7.71","29.15","193","758","0.03793","1","False","10.53","11.01","14.73","15.23","267","280","378","391","14","STABLE","MNTRR","R","L","0.22504","0.194272","1.26927","0.448731","0.555093","3.07799","0.104886","0.0648104","0.350662","0.115649","0.0861411","0.699581","6.06529","3.21337","21.5934","12.2691","23.7003","0.161578","0.171473","3.88254","5.811","12.7457","25.6263","0.16636","0.165405","-0.0229963","0.140487","0.511242","0.870157","0.000672093","0.000583019","0.00319526","0.000000791621","0.0148975","0.0117581","0.0646774","98302.8","6339.16","35039.7","97.9364","4.33857","2761.17","3071.3","17165.7","27.51","-116.426","6.78653","22.8113","-56.8724","4.77967","492.635","276.492","1981.54","492.666","569.503","6.60124","1.15912","49.1333","1832.77","492.679","3.72"
"14_MNTRR_RR_V3_an2","14_MNTRR_RR_V3","7.71","29.15","193","758","0.03793","2","False","18.32","18.83","22.74","23.23","472","486","589","602","14","STABLE","MNTRR","R","L","0.202632","0.172493","0.960578","0.448735","0.545819","2.71842","0.107224","0.0687015","0.424242","0.130256","0.109206","0.70323","5.315","2.95454","19.0815","14.1954","19.5865","0.17893","0.164826","5.14416","4.80544","20.1817","25.7423","0.201902","0.188427","-0.144498","0.142903","0.479592","0.897536","0.00115532","0.00052778","0.00299745","0.00000161331","0.0150997","0.0121272","0.0620516","90208","5340.09","27791.1","92.7343","3.88068","2219.27","1852.16","8860.93","21.6172","-116.246","5.05799","26.7326","-55.8226","6.59803","485.747","267.717","1848.17","485.695","569.702","9.31202","1.63454","81.1787","1899.11","485.706","3.91"
"14_MNTRR_RR_V3_an3","14_MNTRR_RR_V3","7.71","29.15","193","758","0.03793","3","True","26.36","26.85",NULL,"29.15","684","697",NULL,"758","14","STABLE","MNTRR","R","L","0.269548","0.179583","0.864303","0.515917","0.581314","2.38315","0.11149","0.062038","0.387056","0.127053","0.0994004","0.629505","4.71914","2.72231","17.5629","5.64778","17.9719","0.167571","0.143015","1.91413","3.43626","6.59","17.5313","0.148808","0.138384","-0.207109","0.0875859","0.43971","0.460469","0.00130031","0.000533306","0.00274819","0.00000197521","0.0160382","0.012972","0.0556882","88126.5","2680.84","14194.7","92.0934","2.63013","1842.45","1581.45","6720.16","25.2099","-105.094","6.11553","33.2224","-42.0404","6.84892","497.333","277.079","2211.03","497.313","569.046","6.92671","1.21725","40.5884","1143.87","497.335","2.3"
"15_MNTRL_RR_V1_an1","15_MNTRL_RR_V1","7.62","29.4","195","774","0.03758","1","False","9.9","10.39","13.97","14.78","255","268","363","385","15","STABLE","MNTRL","L","R","0.266212","0.21002","1.22437","0.413912","0.331959","2.14137","0.142834","0.107222","1.10401","0.135877","0.103375","0.762549","7.38413","4.63657","26.1908","9.4","34.8358","0.190791","0.122948","4.11151","8.04218","16.5157","31.0913","0.182541","0.123361","-0.00412993","0.155187","0.35287","0.687756","0.000808944","0.000535737","0.00220544","0.000000941404","0.0158451","0.0127233","0.0657262","95765.6","4384.6","18510.3","94.7628","3.80447","2438.83","1985.13","9510.37","31.3248","-103.594","7.60597","35.774","45.2946","9.35571","334.165","184.939","1272.04","334.223","839.11","13.3356","1.58925","98.8789","1196.45","334.205","3.58"
"15_MNTRL_RR_V1_an2","15_MNTRL_RR_V1","7.62","29.4","195","774","0.03758","2","False","18.22","18.76","22","22.53","477","491","577","591","15","STABLE","MNTRL","L","R","0.256045","0.180513","1.23602","0.467203","0.538396","4.01432","0.14016","0.103566","0.842585","0.15729","0.120045","0.610028","3.16238","2.11872","12.5726","6.37311","15.2514","0.129494","0.129497","1.02363","3.64719","3.919","15.613","0.118694","0.0810884","-0.132944","0.122889","0.447308","0.690465","0.000993986","0.000540645","0.00279567","0.00000128031","0.017986","0.0136297","0.0583439","90178.5","4711.36","26863.9","93.3766","4.15691","2255.93","2068.73","13763.5","30.2621","-102.375","5.00479","18.9984","67.5102","4.03114","336.913","187.425","1162.46","336.992","837.348","14.1637","1.69149","94.3003","1091.8","336.977","3.24"
"15_MNTRL_RR_V1_an3","15_MNTRL_RR_V1","7.62","29.4","195","774","0.03758","3","True","26.38","26.73",NULL,"29.4","694","703",NULL,"774","15","STABLE","MNTRL","L","R","0.172431","0.143921","1.09893","0.378016","0.441344","2.63608","0.112294","0.0798915","0.578752","0.128753","0.107813","0.736929","5.32329","3.35614","18.6566","4.873","26.2903","0.138524","0.126096","2.57758","5.04035","7.963","19.8643","0.117021","0.0721234","-0.166047","0.0952821","0.334232","0.491401","0.00108296","0.00050877","0.00208895","0.00000143166","0.0175275","0.0113164","0.0425992","89641.1","4020.2","25133.5","93.7918","3.82061","2132.05","1898.56","11478","14.269","-94.5937","3.32739","22.0757","52.0172","5.00888","333.717","184.834","1548.58","333.576","838.29","12.2662","1.46324","70.8017","890.633","333.57","2.67"
"15_MNTRL_RR_V2_an1","15_MNTRL_RR_V2","8","29.25","203","765","0.03779","1","False","10.2","10.77","14.12","14.72","261","276","364","380","15","STABLE","MNTRL","L","R","0.269631","0.18946","1.08133","0.522279","0.446535","2.4497","0.13775","0.097384","0.618104","0.151305","0.10925","0.866278","6.00061","2.28498","11.8752","11.5677","19.1927","0.172022","0.113522","3.8031","5.38726","11.851","16.878","0.149456","0.0854789","0.00427193","0.1746","0.431303","0.846541","0.000913085","0.00059818","0.00269564","0.00000119154","0.0177009","0.0133503","0.0632682","96490.7","5916.02","30189.2","93.5962","5.33433","3993.33","3290.86","14517.8","33.9565","-107.148","7.09915","38.2581","51.9444","9.60402","345.077","191.459","1329.15","345.107","838.435","12.8064","1.52741","90.333","1156.13","345.113","3.35"
"15_MNTRL_RR_V2_an2","15_MNTRL_RR_V2","8","29.25","203","765","0.03779","2","False","18.11","18.61","22.09","22.69","470","483","575","591","15","STABLE","MNTRL","L","R","0.285001","0.208599","1.26795","0.59059","0.500872","3.21272","0.14666","0.115806","0.989341","0.166477","0.125546","0.865008","8.80581","4.29112","20.7956","27.9353","20.1711","0.192751","0.121656","5.46611","4.92814","17.5607","21.069","0.167542","0.0928341","-0.167312","0.111804","0.405849","0.661332","0.00112265","0.00056694","0.00253656","0.00000158177","0.018019","0.0137242","0.0707735","89406.7","3924.05","22217.1","93.3936","3.45958","2522.68","1862.83","8092.3","55.6892","-90.4516","12.3762","37.9867","50.8052","7.77813","337.724","184.441","1139.19","337.792","838.714","15.7809","1.88156","88.8071","1175.32","337.737","3.48"
"15_MNTRL_RR_V2_an3","15_MNTRL_RR_V2","8","29.25","203","765","0.03779","3","True","26.3","26.8",NULL,"29.25","687","700",NULL,"765","15","STABLE","MNTRL","L","R","0.339171","0.201247","1.06633","0.571095","0.428381","2.23143","0.15846","0.1292","0.937506","0.170748","0.127502","0.847032","7.68788","4.41522","17.8949","11.7043","30.8626","0.212748","0.13369","2.96675","7.88031","10.9417","31.878","0.21419","0.130086","-0.177555","0.088907","0.342758","0.344091","0.00110997","0.000555164","0.00214224","0.00000154024","0.0153327","0.0114407","0.0469021","88276.5","2311.61","9597","92.5768","3.49046","2078.08","1520.01","5619.61","38.7462","-111.983","9.35975","39.2545","59.3277","11.3354","347.09","189.913","1466.8","347.106","838.18","12.48","1.48893","72.3276","850.355","347.084","2.45"
"15_MNTRL_RR_V3_an1","15_MNTRL_RR_V3","7.87","29.25","196","765","0.03756","1","False","10.28","10.73","14.13","14.75","260","272","362","379","15","STABLE","MNTRL","L","R","0.225788","0.121988","0.70123","0.458214","0.468838","2.90544","0.126461","0.0678702","0.464738","0.156579","0.135206","0.937451","5.44938","2.54566","18.974","12.5396","23.5087","0.162752","0.135244","4.12356","4.13643","13.8037","17.6647","0.166367","0.101719","-0.00702183","0.138638","0.395293","0.689145","0.000671778","0.000549038","0.00247058","0.000000752729","0.014765","0.0111949","0.0472684","96348.8","5320.16","25451.6","96.4715","5.82731","3398.96","3130.08","18705.8","27.0835","-92.6617","6.79777","29.0275","52.0807","7.13756","344.589","192.343","1277.47","344.509","838.724","13.6244","1.62442","100.1","1171.24","344.482","3.4"
"15_MNTRL_RR_V3_an2","15_MNTRL_RR_V3","7.87","29.25","196","765","0.03756","2","False","18.49","18.93","22.32","22.86","478","490","580","595","15","STABLE","MNTRL","L","R","0.256876","0.182374","1.01928","0.554392","0.626395","3.3007","0.141306","0.0960365","0.591173","0.173762","0.157613","0.888033","4.62337","1.91595","13.2783","12.4023","18.0635","0.184697","0.151425","3.6817","3.38159","13.271","15.9377","0.17459","0.118728","-0.119895","0.130244","0.365079","0.627629","0.0009851","0.000503717","0.00228174","0.00000122415","0.0158769","0.013713","0.0761949","91473.9","5119.96","30764.5","94.9448","4.64751","2337.78","1875.22","8708.04","26.7056","-108.461","4.8947","30.8105","48.809","9.02577","339.61","185.682","1264.72","339.562","836.718","20.3665","2.43409","138.552","1151.05","339.544","3.39"
"15_MNTRL_RR_V3_an3","15_MNTRL_RR_V3","7.87","29.25","196","765","0.03756","3","True","26.35","26.84",NULL,"29.25","687","701",NULL,"765","15","STABLE","MNTRL","L","R","0.295172","0.191864","1.00148","0.564226","0.602578","3.45891","0.158697","0.111939","0.687294","0.168494","0.132202","0.853895","4.5508","3.60941","20.2086","8.7225","25.0322","0.192496","0.169319","1.68658","5.71227","5.281","25.6627","0.174948","0.143498","-0.166505","0.0843354","0.391434","0.470056","0.00106395","0.000478329","0.00244646","0.00000136079","0.0142449","0.00936896","0.0346948","90201.1","2183.15","9833.8","95.9595","2.39357","1923.97","1442.05","6336.07","31.3111","-94.0893","7.35583","28.4473","52.7702","7.79896","346.684","192.911","1213.71","346.753","837.28","15.422","1.84192","96.1323","835.628","346.734","2.41"
"15_MNTRR_RR_V1_an1","15_MNTRR_RR_V1","7.61","29.25","193","765","0.03782","1","False","10.03","10.47","14.01","14.61","256","268","362","378","15","STABLE","MNTRR","R","L","0.26795","0.1871","1.05866","0.643206","0.695361","3.23651","0.126441","0.0715503","0.537747","0.164846","0.130995","1.16556","6.23074","4.7488","27.3112","19.1243","28.5177","0.185686","0.167305","4.35766","5.89647","18.0077","30.754","0.178154","0.161437","-0.00142303","0.125868","0.287707","0.55963","0.000645168","0.000450218","0.00179817","0.000000618938","0.0162525","0.0120774","0.0505465","98138.6","5317.17","28822.9","98.0584","6.41118","3948.58","4056.53","20566","48.6274","-59.6689","9.93432","24.4986","-50.8718","5.52805","327.574","178.634","1312.29","327.6","848.128","13.1945","1.55572","102.235","1159.57","327.562","3.54"
"15_MNTRR_RR_V1_an2","15_MNTRR_RR_V1","7.61","29.25","193","765","0.03782","2","False","18.07","18.49","22.01","22.51","469","480","573","587","15","STABLE","MNTRR","R","L","0.303662","0.21014","1.29845","0.402964","0.488339","2.97253","0.139279","0.092966","0.623827","0.134765","0.120781","0.796368","5.36907","3.71876","21.3263","12.6511","25.8259","0.198095","0.150899","3.89566","5.5706","14.8737","23.7553","0.205514","0.0832794","-0.151208","0.13365","0.511087","0.761193","0.00109455","0.000626746","0.00319429","0.00000159086","0.0182499","0.012604","0.0543697","90111.9","5488.55","26316.9","93.2192","4.45102","2413.43","2068.38","10779.3","41.4398","-74.9537","8.55114","27.5242","-76.1884","6.93175","333.092","187.424","1330.55","333.154","846.839","14.1608","1.67219","118.104","1172.62","333.13","3.52"
"15_MNTRR_RR_V1_an3","15_MNTRR_RR_V1","7.61","29.25","193","765","0.03782","3","True","26.26","26.75",NULL,"29.25","686","699",NULL,"765","15","STABLE","MNTRR","R","L","0.335258","0.22467","1.16228","0.7811","0.87241","3.71194","0.149556","0.0946671","0.556479","0.204071","0.160623","0.899752","5.66424","2.84268","17.6146","13.2883","18.3062","0.205206","0.16807","5.02838","4.54154","14.2547","18.2617","0.182895","0.0973882","-0.195494","0.100424","0.378744","0.44174","0.00125018","0.000569107","0.00236715","0.00000188683","0.0180395","0.013463","0.0576162","85271.9","3265.76","14660.6","87.3635","4.04226","2620.69","1995.45","8061.52","29.837","-56.3531","6.13662","25.3591","-54.7862","6.60133","325.611","179.125","1093.13","325.712","845.924","25.4673","3.01059","161.746","814.275","325.71","2.5"
"15_MNTRR_RR_V2_an1","15_MNTRR_RR_V2","7.62","29.5","193","774","0.03766","1","False","10.19","10.69","14.26","14.93","261","274","369","387","15","STABLE","MNTRR","R","L","0.276236","0.202445","1.1853","0.765552","0.891834","3.96481","0.12775","0.0756168","0.514276","0.180828","0.159666","1.33902","8.02268","5.34974","29.2537","13.696","38.2749","0.217771","0.144629","4.58869","11.0317","17.5347","52.9783","0.27067","0.179086","-0.0167939","0.142972","0.400008","0.688421","0.000693093","0.000573683","0.00250005","0.000000809489","0.017719","0.0132467","0.0625492","97024.2","5891.72","28966.1","98.2387","6.16201","3902.28","4335.85","23237.4","31.0744","-48.8507","8.23242","37.7566","-59.6636","10.0902","328.694","177.563","1218.55","328.72","846.679","13.589","1.60498","99.4883","1173.47","328.703","3.57"
"15_MNTRR_RR_V2_an2","15_MNTRR_RR_V2","7.62","29.5","193","774","0.03766","2","False","18.44","18.93","22.23","22.75","480","493","580","594","15","STABLE","MNTRR","R","L","0.303658","0.201597","1.54223","0.567751","0.623419","4.79278","0.141275","0.0931973","0.566683","0.166674","0.146021","1.03352","8.70603","2.70895","16.0792","14.2008","22.1081","0.189602","0.123422","3.94756","5.4263","16.8977","21.8963","0.166224","0.118761","-0.15546","0.123957","0.374786","0.608766","0.00110602","0.00056656","0.00234241","0.00000154426","0.0162166","0.0127458","0.0618317","89642.8","5257.25","26294","92.5628","4.43138","2757.08","1882.18","9251.61","31.931","-79.0168","7.00581","29.0791","-72.2647","8.97495","341.046","186.201","1288.32","341.107","846.597","15.109","1.78468","104.676","1125.38","341.025","3.3"
"15_MNTRR_RR_V2_an3","15_MNTRR_RR_V2","7.62","29.5","193","774","0.03766","3","True","26.33","26.81",NULL,"29.5","689","702",NULL,"774","15","STABLE","MNTRR","R","L","0.260389","0.16672","0.833989","0.554171","0.622824","2.85087","0.135667","0.0750689","0.409243","0.160849","0.122759","0.85508","6.10267","4.58299","24.7301","8.92389","30.4552","0.214355","0.17073","3.4396","6.34793","14.782","30.5123","0.207427","0.165735","-0.199493","0.119585","0.378136","0.665257","0.00134509","0.000551315","0.00236335","0.00000211321","0.0157843","0.0107391","0.0496308","87572.7","3911.12","26244.9","90.8254","4.08058","2112.86","1844.62","9302.56","22.9694","-62.215","4.60781","32.8089","-55.8175","6.10695","318.594","172.618","1219.63","318.595","846.998","14.0261","1.65598","73.8535","856.928","318.561","2.69"
"15_MNTRR_RR_V3_an1","15_MNTRR_RR_V3","7.62","29.3","192","768","0.03762","1","False","10.2","10.71","14.26","14.83","260","274","368","383","15","STABLE","MNTRR","R","L","0.245412","0.161799","0.876687","0.551084","0.622508","3.56129","0.12868","0.0800683","0.605859","0.155136","0.146187","1.39264","6.40064","3.27289","16.004","7.59706","26.5159","0.176099","0.113363","1.80354","6.82392","7.67067","25.6787","0.189208","0.120291","-0.0377956","0.154545","0.415725","0.797393","0.000830745","0.00054648","0.00259828","0.000000988778","0.0194701","0.0137739","0.0566839","97070.3","4861.63","21402.9","100.101","4.45661","2821.6","2077.94","12830.4","30.7281","-59.0518","6.14051","31.4848","-48.1585","9.00202","321.63","177.457","1177.21","321.564","847.987","11.3809","1.34211","79.957","1141.41","321.524","3.55"
"15_MNTRR_RR_V3_an2","15_MNTRR_RR_V3","7.62","29.3","192","768","0.03762","2","False","18.33","18.81","22.45","23.02","476","489","586","601","15","STABLE","MNTRR","R","L","0.300829","0.222835","1.13766","0.538843","0.388192","2.45006","0.138857","0.0805544","0.47891","0.146933","0.116532","1.05693","9.32065","3.85897","22.95","17.1824","34.443","0.212558","0.14358","4.08687","8.84824","16.458","37.1893","0.204829","0.129476","-0.138126","0.141587","0.419986","0.675405","0.00106423","0.000629088","0.00262491","0.00000152834","0.0193023","0.0143097","0.0597021","90394.9","6470.55","34827.8","93.1148","4.32528","2438.95","1992.24","9655.7","27.4943","-76.2911","6.6945","36.7884","-44.5933","12.4844","333.663","184.92","1442.96","333.658","847.579","15.639","1.84514","98.2676","1214.32","333.604","3.64"
"15_MNTRR_RR_V3_an3","15_MNTRR_RR_V3","7.62","29.3","192","768","0.03762","3","True","26.28","26.76",NULL,"29.3","688","700",NULL,"768","15","STABLE","MNTRR","R","L","0.283981","0.188739","0.935606","0.652082","0.709281","3.35472","0.1403","0.0840194","0.561394","0.18918","0.168369","1.35402","6.92892","3.45316","12.7481","7.76472","19.8257","0.186668","0.182923","3.85807","6.06929","14.6327","18.018","0.189187","0.164133","-0.177177","0.0811123","0.367774","0.412705","0.0011155","0.000488781","0.00229859","0.00000148324","0.0152653","0.0110604","0.0550225","89236.8","2769.92","12318.3","94.6371","4.2754","2214.75","1565.97","6775.76","22.3221","-86.7139","4.32768","39.7796","-53.8568","12.6749","321.019","176.468","1222.54","321.101","847.627","19.9906","2.35842","117.189","815.489","321.059","2.54"
"16_MNTRL_RR_V1_an1","16_MNTRL_RR_V1","7.68","28.65","191","738","0.03833","1","False","9.92","10.27","14.16","14.54","249","258","360","369","16","STABLE","MNTRL","L","R","0.336661","0.311255","1.93427","0.523957","0.538954","3.1212","0.140448","0.113541","0.745245","0.142623","0.110717","0.835159","9.54521","5.7451","23.9955","20.6029","36.5891","0.296281","0.296457","7.34227","9.38494","22.676","40.6887","0.272989","0.25643","-0.0331849","0.22076","0.573373","1.02369","0.00112532","0.000824856","0.00358358","0.00000194673","0.0163114","0.0126223","0.0746534","100249","6209.87","26699.6","96.0719","4.06636","2873.68","2417.29","13996.2","47.6757","-55.0093","10.2544","53.9906","-1.49063","16.9424","446.262","245.88","1896.4","446.115","622.38","10.5901","1.70154","70.1914","1735.27","446.085","3.89"
"16_MNTRL_RR_V1_an2","16_MNTRL_RR_V1","7.68","28.65","191","738","0.03833","2","False","18.16","18.5","21.55","21.79","464","473","552","559","16","STABLE","MNTRL","L","R","0.36605","0.249608","1.47393","0.503067","0.388513","1.99523","0.135444","0.0975192","0.771182","0.132532","0.0902843","0.588997","17.1494","11.5641","66.7341","13.8099","83.9929","0.425843","0.36541","6.03233","23.4544","19.993","96.1417","0.47031","0.383418","-0.159126","0.153048","0.44223","0.822347","0.00124573","0.000593493","0.00276393","0.00000190408","0.0201724","0.0150062","0.074359","88943.9","4897.95","27175.2","92.9783","4.8856","2371.28","1770.21","8866.84","44.3394","-72.7382","11.4483","41.8155","-4.39772","12.8793","434.088","242.456","1774.76","434.076","622.792","6.06137","0.973258","38.7573","1323.93","434.076","3.05"
"16_MNTRL_RR_V1_an3","16_MNTRL_RR_V1","7.68","28.65","191","738","0.03833","3","False","25.91","26.37","27.14","27.44","666","678","698","706","16","STABLE","MNTRL","L","R","0.236324","0.166136","0.742952","1.63367","0.659879","2.89578","0.124179","0.0805785","0.434319","0.31775","0.160694","0.942907","3.27628","2.1272","10.9714","12.1258","8.283","0.288787","0.186554","3.48566","2.24586","12.3733","8.603","0.31791","0.168202","-0.141884","0.101503","0.303186","0.339404","0.000908579","0.000602754","0.00189491","0.00000118883","0.0148497","0.0116973","0.0373265","93077.7","2323.17","8849.47","100.14","2.23477","2246.85","1512.03","4922.97","27.4308","-88.6739","6.43388","3.84507","9.74481","0.86084","450.855","239.48","1495.18","450.549","621.351","6.94042","1.11699","28.3813","346.907","450.529","0.77"
"16_MNTRL_RR_V1_an4","16_MNTRL_RR_V1","7.68","28.65","191","738","0.03833","4","True","27.74","28.04",NULL,"28.65","714","722",NULL,"738","16","STABLE","MNTRL","L","R","0.418614","0.191315","0.81997","1.18471","0.792723","2.56669","0.140562","0.0886293","0.430584","0.22552","0.171338","0.760285","4.68626","2.82489","14.2004","4.93289","18.3203","0.394726","0.271407","4.06726","6.57614","11.82","21.8183","0.472749","0.256306","-0.165014","0.0665329","0.26439","0.214084","0.00103134","0.00041583","0.00165244","0.00000123657","0.0153529","0.00898409","0.0349081","89724.2","2350.8","8823.08","96.672","3.20143","1389.16","691.15","2334.83","35.2538","-60.3656","10.6352","15.034","-25.7114","3.37808","470.229","252.231","1250.36","469.908","618.496","12.7421","2.06018","47.9136","286.704","470.007","0.61"
"16_MNTRL_RR_V2_an1","16_MNTRL_RR_V2","7.7","29","192","750","0.03812","1","False","10.51","11.08","14.44","14.92","265","280","368","381","16","STABLE","MNTRL","L","R","0.240817","0.231179","1.8107","0.400873","0.275701","1.30883","0.115379","0.0858966","0.586299","0.122408","0.0741452","0.483195","5.84187","4.49028","19.0765","22.9707","16.7757","0.154547","0.102222","7.18136","4.45122","25.777","20.765","0.166383","0.123008","-0.0482085","0.133239","0.372001","0.619979","0.000734049","0.0004954","0.002325","0.000000784248","0.0196699","0.0149436","0.0670026","96060.3","4405.83","22469.2","97.7952","3.06169","2701.05","2764.64","20345.5","47.9634","-74.7401","9.16773","38.4514","-10.1537","8.15844","436.049","236.293","1647.78","435.926","623.828","6.87672","1.10234","49.7437","1464.73","435.931","3.36"
"16_MNTRL_RR_V2_an2","16_MNTRL_RR_V2","7.7","29","192","750","0.03812","2","False","18.44","18.95","22.49","22.92","473","487","579","591","16","STABLE","MNTRL","L","R","0.2669","0.192467","1.17007","0.690957","0.779642","3.2876","0.123666","0.078966","0.440876","0.160521","0.129393","0.729546","8.36699","3.65771","22.0109","18.5417","30.9527","0.249329","0.171245","4.95143","8.71151","22.7637","33.5447","0.263981","0.179271","-0.136144","0.158991","0.407436","0.781281","0.00118617","0.000551781","0.00254648","0.00000171147","0.0165912","0.0132049","0.0546704","91794.9","4432.71","20073.6","96.4254","2.77331","2147.91","1568.38","7983.56","57.5618","-75.5371","10.4682","40.434","-13.7326","11.0961","452.286","252.939","1778.27","452.247","622.369","7.93417","1.27483","43.335","1601.04","452.272","3.54"
"16_MNTRL_RR_V2_an3","16_MNTRL_RR_V2","7.7","29","192","750","0.03812","3","True","26.23","26.72",NULL,"29","678","690",NULL,"750","16","STABLE","MNTRL","L","R","0.206324","0.15188","0.840979","0.637004","0.413803","2.06668","0.108768","0.0779792","0.461039","0.149589","0.089973","0.575984","7.49932","3.46224","18.8274","13.2839","26.2104","0.242175","0.136208","3.33298","7.69662","15.7773","28.7037","0.247271","0.150848","-0.169911","0.0880181","0.40481","0.410682","0.00106315","0.000547784","0.00253006","0.00000143035","0.0182119","0.0126192","0.0624733","88805.8","2937.82","12803.6","92.59","4.51418","2061.89","1769.17","7293.4","24.3788","-76.7125","6.42429","26.8249","1.16533","7.82828","438.306","242.058","1755.64","438.449","623.299","5.53686","0.888314","27.4658","999.667","438.451","2.28"
"16_MNTRL_RR_V3_an1","16_MNTRL_RR_V3","7.68","29.09","193","754","0.03813","1","False","10.16","10.87","14.34","14.88","258","276","367","381","16","STABLE","MNTRL","L","R","0.202222","0.164554","1.11383","0.305757","0.180341","1.07587","0.100905","0.0652281","0.413726","0.106075","0.063977","0.43502","3.64039","2.67007","15.6304","11.0946","17.9407","0.14192","0.0853467","2.51631","3.40794","10.5957","14.6707","0.146166","0.0980494","-0.0116751","0.151073","0.393283","0.712476","0.000786546","0.000527442","0.00245802","0.00000089685","0.017278","0.011364","0.054757","96467.8","5506.35","19421.3","97.4036","4.63451","2594.34","2860.42","15138.8","33.1941","-53.3185","6.58542","39.4489","-8.0845","8.26978","435.194","246.217","1576.09","435.03","623.021","7.08561","1.1373","40.5884","1509.65","435.058","3.47"
"16_MNTRL_RR_V3_an2","16_MNTRL_RR_V3","7.68","29.09","193","754","0.03813","2","False","18.28","18.85","22.32","22.79","470","485","576","589","16","STABLE","MNTRL","L","R","0.252193","0.169424","0.947861","0.432911","0.342568","2.28304","0.113979","0.0711644","0.450193","0.128939","0.0988707","0.903957","8.14336","3.95894","19.9321","21.3531","28.5536","0.220271","0.150553","5.70308","7.53008","27.6543","26.7717","0.214697","0.147087","-0.131609","0.1625","0.414492","0.780334","0.00114165","0.000636179","0.00259058","0.0000017081","0.0211989","0.0156659","0.0644806","90116.3","6277.03","27428.8","92.8842","4.73773","2283.41","1761.32","9446.34","34.335","-75.3152","7.37481","39.4125","-15.2569","10.9224","445.884","242.718","1568.09","445.859","623.153","7.85815","1.26103","51.5757","1547.04","445.832","3.47"
"16_MNTRL_RR_V3_an3","16_MNTRL_RR_V3","7.68","29.09","193","754","0.03813","3","True","26.15","26.75",NULL,"29","677","693",NULL,"752","16","STABLE","MNTRL","L","R","0.238711","0.128781","0.593034","0.998094","1.01139","3.46631","0.110696","0.0594777","0.379448","0.200121","0.173178","1.11575","12.0745","7.43716","37.5766","16.9654","45.0489","0.314565","0.201702","8.42491","13.2111","24.772","49.7603","0.335489","0.244271","-0.19622","0.103186","0.421233","0.475477","0.00124608","0.000605963","0.00263271","0.00000191991","0.0183029","0.0130537","0.0445889","88537.7","2903.98","14503.5","93.2207","4.1913","1808.35","1463.23","6880","53.7498","-86.3298","11.6267","35.6742","-15.8669","10.2874","452.697","248.692","1610.56","452.712","622.483","10.2425","1.64543","46.3867","1018.64","452.728","2.25"
"16_MNTRR_RR_V1_an1","16_MNTRR_RR_V1","7.67","28.8","193","748","0.03807","1","False","10.28","10.87","14.09","14.51","261","277","361","372","16","STABLE","MNTRR","R","L","0.281356","0.187264","1.30087","0.619396","0.55388","2.54072","0.131325","0.105449","0.84258","0.247139","0.248145","1.34241","7.44651","4.71873","23.1001","16.8755","26.6651","0.191085","0.116779","4.16137","5.72443","17.468","24.783","0.173469","0.100382","0.0163318","0.15959","0.354693","0.667553","0.000820592","0.00057613","0.00221683","0.0000010053","0.0186924","0.0139795","0.0572201","99413.9","5506.36","23081.3","102.765","5.53664","3492.2","3539.43","20316.6","42.2216","-22.7159","9.18064","28.1","-14.7078","7.71986","428.942","234.997","1438.62","428.841","628.832","8.68254","1.38074","53.4067","1380.73","428.798","3.22"
"16_MNTRR_RR_V1_an2","16_MNTRR_RR_V1","7.67","28.8","193","748","0.03807","2","False","18.04","18.72","22.23","22.7","465","483","575","587","16","STABLE","MNTRR","R","L","0.225079","0.173374","1.22898","0.524622","0.39463","1.8821","0.100822","0.0638384","0.512712","0.150302","0.121397","0.920965","7.46373","2.93647","15.335","8.02772","26.7287","0.193696","0.138536","2.28476","5.20043","7.23933","20.5947","0.17759","0.136158","-0.155123","0.154685","0.44475","0.730596","0.00119239","0.000672924","0.00277969","0.00000187463","0.0189542","0.0132772","0.064255","91158.9","4937.64","26236.8","94.4665","3.86023","2237.32","1794.03","8009.33","32.604","-33.9149","7.58711","36.4079","0.220143","11.0136","423.013","229.03","1621.7","423.128","630.319","6.33906","1.00569","39.3677","1485.03","423.086","3.51"
"16_MNTRR_RR_V1_an3","16_MNTRR_RR_V1","7.67","28.8","193","748","0.03807","3","True","26.04","26.66",NULL,"28.8","675","691",NULL,"748","16","STABLE","MNTRR","R","L","0.252507","0.198299","1.46406","0.755087","0.807271","5.52392","0.161567","0.183958","1.45735","0.249959","0.229218","1.23236","5.09412","3.8262","20.3093","3.72111","26.717","0.204857","0.191301","2.09555","6.01281","9.44867","29.2103","0.215349","0.217968","-0.203294","0.0974066","0.398287","0.465853","0.00128515","0.000577418","0.00248929","0.00000198502","0.0172325","0.0122151","0.0504665","89703.4","2838.86","13223","94.9572","4.16872","2302.15","1598.37","5706.6","15.5823","-41.1839","3.38748","27.7692","-1.65353","7.07989","428.005","232.562","1411.69","427.851","628.887","10.4644","1.66396","65.0034","915.596","427.849","2.14"
"16_MNTRR_RR_V2_an1","16_MNTRR_RR_V2","7.65","28.95","191","749","0.03814","1","False","10.2","11.03","14.3","14.82","257","279","365","379","16","STABLE","MNTRR","R","L","0.266033","0.203295","1.04872","0.380459","0.207545","1.07327","0.133192","0.145021","1.45355","0.116939","0.0862015","0.85645","8.75029","3.05924","14.8052","15.3161","21.9348","0.175217","0.0955015","6.22227","4.87175","19.3663","16.0937","0.179816","0.0888532","0.0595839","0.164484","0.543631","0.774597","0.000823237","0.000719579","0.0033977","0.00000119551","0.0161487","0.0108458","0.0519065","98052.8","3156.77","12863.2","97.3029","5.96118","2704.16","2225.15","9825.47","30.4565","-12.4618","8.18368","38.7469","-15.8581","11.8127","424.502","231.407","1637.26","424.582","630.502","6.11511","0.969879","42.1143","1388.38","424.58","3.27"
"16_MNTRR_RR_V2_an2","16_MNTRR_RR_V2","7.65","28.95","191","749","0.03814","2","False","18.09","18.72","22.29","22.82","464","481","574","588","16","STABLE","MNTRR","R","L","0.267745","0.214059","1.08556","0.598701","0.413856","2.2296","0.142869","0.165841","1.39023","0.163518","0.107207","0.654549","5.59306","2.92806","16.4886","4.78328","23.8166","0.14913","0.101216","3.06235","9.17216","11.7767","35.0703","0.162723","0.12775","-0.146432","0.139168","0.418962","0.827594","0.00110625","0.000608576","0.00261851","0.00000159414","0.0174919","0.0130161","0.0533603","90011.3","4835.6","26824.2","92.8076","4.76476","2370.44","1971.72","8586.3","26.4412","-26.1056","5.46388","37.7024","-17.7316","8.94899","425.148","230.662","1513.19","425.219","629.774","7.60875","1.20817","40.2832","1518.02","425.216","3.57"
"16_MNTRR_RR_V2_an3","16_MNTRR_RR_V2","7.65","28.95","191","749","0.03814","3","True","26.23","26.97",NULL,"28.8","678","697",NULL,"745","16","STABLE","MNTRR","R","L","0.193464","0.169878","1.09691","0.469451","0.478818","2.4971","0.107232","0.0661088","0.48829","0.171271","0.151412","0.785219","3.2516","2.11322","9.64238","3.04072","13.9702","0.143269","0.0987544","2.03189","2.81621","8.39567","13.971","0.153061","0.0957446","-0.20138","0.0974365","0.413541","0.405184","0.00125862","0.000608978","0.00258463","0.00000195499","0.0185817","0.0125345","0.0579321","87854.4","2473.01","11841.1","91.9814","4.93274","1859","1430.28","6658.22","25.6862","-20.0073","5.18894","24.6732","-10.2026","6.04512","419.633","233.966","1661.34","419.544","628.606","9.73516","1.54869","51.8799","767.763","419.543","1.83"
"16_MNTRR_RR_V3_an1","16_MNTRR_RR_V3","7.59","29","190","752","0.03809","1","False","10.16","10.89","14.31","14.91","257","276","366","382","16","STABLE","MNTRR","R","L","0.235815","0.173659","1.28758","0.328634","0.221858","1.20094","0.116861","0.0841176","0.607893","0.127244","0.081556","0.481213","6.64202","3.52247","13.2195","18.4158","16.6457","0.147972","0.108014","6.30231","3.59842","24.7407","10.968","0.153569","0.106818","0.0424641","0.172877","0.453472","0.742352","0.00094383","0.000589114","0.0028342","0.00000123787","0.0166447","0.0126195","0.0664174","97627.4","5480.66","26547.3","98.6084","5.75216","2845.14","3257.51","17992.3","35.7719","-17.7395","7.3342","38.477","-9.1232","10.3505","429.445","238.896","1467.42","429.399","629.869","8.24622","1.3092","83.9252","1468.49","429.384","3.42"
"16_MNTRR_RR_V3_an2","16_MNTRR_RR_V3","7.59","29","190","752","0.03809","2","False","18.22","18.83","22.33","22.85","469","485","576","590","16","STABLE","MNTRR","R","L","0.213676","0.145183","0.898039","0.483254","0.512198","2.74428","0.123184","0.0856223","0.500564","0.135307","0.112662","0.750897","6.78664","4.63093","29.9952","11.843","34.4054","0.17735","0.183797","3.72165","9.40656","11.93","42.789","0.20152","0.184091","-0.144927","0.128202","0.451774","0.629217","0.00103996","0.000617226","0.00282359","0.00000146248","0.0148674","0.010749","0.0506563","91183.2","5388.5","24513.2","94.3377","4.4081","2336.83","1882.55","11298.7","25.0846","-9.58912","5.52448","26.9372","-3.77601","4.40793","414.035","228.641","1402.73","414.038","629.17","8.6173","1.36963","64.6992","1449.03","414.009","3.5"
"16_MNTRR_RR_V3_an3","16_MNTRR_RR_V3","7.59","29","190","752","0.03809","3","True","26.16","26.9",NULL,"29","677","696",NULL,"752","16","STABLE","MNTRR","R","L","0.18133","0.112165","0.723626","0.655082","0.552421","3.14813","0.111748","0.0673061","0.393081","0.157109","0.108011","0.580016","6.44023","2.95846","15.0028","21.7588","9.14367","0.225236","0.112014","7.53881","2.79138","21.917","14.9743","0.251662","0.15452","-0.190407","0.10151","0.449822","0.483315","0.00119804","0.00061921","0.00281139","0.00000181871","0.0184605","0.0146286","0.0640827","87578.8","2248.46","10022.1","91.9231","3.67885","2004.68","1498.63","6091.75","39.317","-25.2798","12.1458","25.6215","-17.0585","6.02508","414.131","228.787","1947.09","414.19","629.572","6.95157","1.10417","36.3159","869.747","414.165","2.1"
"18_MNTRL_RR_V1_an1","18_MNTRL_RR_V1","7.68","29.1","196","763","0.03771","1","False","10.39","10.85","14.1","14.45","267","280","366","375","18","STABLE","MNTRL","L","R","0.568936","0.395088","2.42172","0.938627","0.937944","6.30899","0.225914","0.171892","1.23123","0.215719","0.169843","1.78623","24.1355","9.96791","51.7102","27.8662","80.4994","0.502035","0.224081","6.10065","23.536","18.694","79.041","0.451673","0.242319","-0.0363296","0.13387","0.460947","0.737919","0.000664189","0.000557182","0.00288092","0.000000751599","0.0169857","0.0122616","0.0565464","95456.4","5411.85","26491.9","95.1994","4.35774","3446.01","3412.08","16936.2","57.1004","4.16159","12.549","49.4011","34.5982","16.5766","495.283","278.398","2199.09","495.316","555.34","19.286","3.47282","148.623","1609.7","495.292","3.25"
"18_MNTRL_RR_V1_an2","18_MNTRL_RR_V1","7.68","29.1","196","763","0.03771","2","False","18.21","18.67","22.12","22.48","475","487","578","588","18","STABLE","MNTRL","L","R","0.808002","0.895648","6.09753","1.30166","1.04238","4.01508","0.295297","0.262033","1.58464","0.289088","0.214809","1.24207","42.0809","25.6406","100.788","26.9867","150.503","0.664299","0.382156","9.01138","45.0869","43.182","146.947","0.589426","0.350478","-0.123079","0.200764","0.526908","0.977365","0.00128946","0.000709577","0.00329318","0.0000021662","0.0206209","0.0144123","0.0727094","91214","6002.64","30803.6","91.9531","3.7089","2657.42","2313.68","12550.2","166.473","-9.14526","27.0242","149.762","58.7923","43.799","558.517","373.341","3561.35","558.612","554.854","39.4384","7.10788","296.941","1926.89","558.518","3.45"
"18_MNTRL_RR_V1_an3","18_MNTRL_RR_V1","7.68","29.1","196","763","0.03771","3","True","26.1","26.59",NULL,"29.1","684","697",NULL,"763","18","STABLE","MNTRL","L","R","0.356779","0.335451","2.03498","0.872724","1.00834","5.35992","0.201239","0.191237","1.19162","0.221779","0.209306","1.2983","6.14485","3.22776","20.482","7.66794","28.9844","0.249718","0.194424","4.83872","5.16926","18.466","23.818","0.248862","0.20195","-0.192329","0.0968303","0.455394","0.457291","0.00120241","0.000604486","0.00284621","0.0000018112","0.0156513","0.0126564","0.0492656","89652.9","3878.73","20354.8","91.4889","4.58655","2677.5","2128.4","8373.49","36.4801","-7.72972","7.73572","33.6035","47.3147","8.32421","503.818","278.514","1947.82","503.874","554.776","14.6001","2.63172","90.9443","1264.63","503.837","2.51"
"18_MNTRL_RR_V2_an1","18_MNTRL_RR_V2","7.68","29.25","196","768","0.0377","1","False","10.47","11","14.6","15.04","270","284","379","391","18","STABLE","MNTRL","L","R","0.314843","0.280671","1.99279","0.666123","0.834561","5.20076","0.185385","0.166797","0.910919","0.191699","0.185658","1.22914","8.80785","2.61469","19.7428","20.8387","23.3297","0.229375","0.146757","10.6679","7.59606","32.6917","23.498","0.239762","0.136007","-0.0412284","0.142943","0.371002","0.689631","0.000774983","0.000513766","0.00231877","0.000000864555","0.0149008","0.010301","0.0438289","94685.2","6985.24","34759.9","93.6895","7.82238","3162.69","3613.26","21312.3","34.9832","11.9408","8.27917","35.1593","19.9939","9.37077","485.727","268.562","1960.83","485.82","555.159","13.455","2.42363","107.119","1748.79","485.775","3.6"
"18_MNTRL_RR_V2_an2","18_MNTRL_RR_V2","7.68","29.25","196","768","0.0377","2","False","18.62","19.21","22.5","22.96","486","501","589","601","18","STABLE","MNTRL","L","R","0.268782","0.210852","1.54245","0.517245","0.545648","2.62929","0.143749","0.13732","1.1001","0.162351","0.145934","0.770899","5.65834","3.23003","12.7243","5.07683","22.1036","0.181214","0.149789","2.84893","5.80008","12.4367","23.1293","0.178526","0.144902","-0.140943","0.163968","0.470318","0.771928","0.00119716","0.000626891","0.00293949","0.00000182619","0.0194124","0.0169024","0.0733073","90307.5","4951.68","21893.8","93.933","4.37726","2074.83","1621.51","8483.39","28.5582","5.34","4.94231","33.8329","26.5239","7.84569","489.002","269.702","1795.5","488.987","555.017","11.4832","2.06898","75.3794","1608.86","489.016","3.29"
"18_MNTRL_RR_V2_an3","18_MNTRL_RR_V2","7.68","29.25","196","768","0.0377","3","True","26.61","27.18",NULL,"29.25","698","713",NULL,"768","18","STABLE","MNTRL","L","R","0.293008","0.263762","1.40386","0.739165","0.881614","4.26866","0.167224","0.139557","0.746044","0.18773","0.191261","1.23117","4.419","2.41204","13.7505","6.77206","13.1441","0.178819","0.130434","2.24716","1.30198","7.434","7.98633","0.160931","0.126429","-0.184001","0.0983543","0.361179","0.375611","0.00115323","0.000608649","0.00225737","0.00000170039","0.0189587","0.01318","0.0540454","90371","2850.17","13229.1","94.8253","4.39583","2083.37","1593.57","6559.85","28.498","15.0351","6.6445","21.6752","24.6476","4.84136","484.487","263.586","1622.11","484.654","554.997","15.7973","2.84638","112.612","1003.14","484.611","2.07"
"18_MNTRL_RR_V3_an1","18_MNTRL_RR_V3","7.74","29.25","194","763","0.03776","1","False","10.89","11.37","14.56","15.06","277","290","374","387","18","STABLE","MNTRL","L","R","0.312132","0.269744","1.43322","0.646419","0.906975","4.85163","0.165271","0.153575","1.0173","0.17689","0.170055","1.20086","6.37219","3.64074","25.3805","11.3243","31.4487","0.252139","0.216021","4.31604","6.00953","19.042","29.4067","0.221641","0.194785","-0.0441476","0.156529","0.376536","0.73766","0.00086143","0.00053959","0.00235335","0.00000103322","0.0145388","0.0102057","0.0395223","95085.6","5766.24","23995","96.2131","5.87541","1985.14","1548.07","6636.07","17.0282","-18.2046","4.60511","39.2701","-9.92331","9.71705","483.094","265.1","1945.34","482.998","555.48","11.4974","2.06981","69.8862","1540.76","482.998","3.19"
"18_MNTRL_RR_V3_an2","18_MNTRL_RR_V3","7.74","29.25","194","763","0.03776","2","False","18.53","19.22","22.58","23.06","479","498","587","599","18","STABLE","MNTRL","L","R","0.272579","0.24208","1.71302","0.781208","1.0085","4.19444","0.140289","0.112107","0.846237","0.185132","0.181958","0.880546","5.52962","4.41971","21.6248","16.5015","26.4406","0.226136","0.220118","1.82255","5.68515","7.718","23.91","0.205897","0.144805","-0.134957","0.168309","0.414339","0.782464","0.0011916","0.00063095","0.00258962","0.00000181802","0.0210555","0.0140711","0.0664702","89930.9","5560.08","29023.2","92.4126","4.2013","2414.24","1861.07","8547.49","30.7098","-16.9832","5.92814","28.5154","-10.0281","6.49463","476.679","261.92","1647.62","476.651","554.474","12.5062","2.25551","89.1123","1601.38","476.6","3.36"
"18_MNTRL_RR_V3_an3","18_MNTRL_RR_V3","7.74","29.25","194","763","0.03776","3","True","26.55","27.03",NULL,"29.25","692","704",NULL,"763","18","STABLE","MNTRL","L","R","0.393452","0.240643","1.8158","0.8072","0.855303","3.90245","0.190813","0.155021","1.23575","0.211192","0.174857","0.9543","7.31163","3.60142","22.9293","12.5038","26.809","0.3036","0.21423","5.51866","4.69005","19.2523","25.02","0.273652","0.227969","-0.199577","0.0901461","0.379676","0.441378","0.00126021","0.000534041","0.00237297","0.00000187333","0.0163722","0.0135585","0.0571479","89766.5","2622.95","13809.3","95.9538","3.99092","2181.65","1625.87","7627.14","36.8826","-26.9255","7.61797","37.0192","-4.85042","8.82345","497.941","271.745","1739.79","497.988","554.24","21.4375","3.8679","119.326","1105.54","497.989","2.22"
"18_MNTRR_RR_V1_an1","18_MNTRR_RR_V1","7.74","29","198","762","0.03764","1","False","10.43","10.9","14.63","15.17","269","281","381","395","18","STABLE","MNTRR","R","L","0.295232","0.212455","1.43253","0.498637","0.545905","2.92725","0.150012","0.134099","0.993439","0.212167","0.217164","1.16425","5.87155","2.76526","18.6315","8.07861","26.5272","0.185377","0.148704","4.34483","6.16725","15.4593","27.4057","0.195992","0.157102","-0.0452846","0.172569","0.406663","0.742695","0.000923747","0.000624568","0.00254164","0.00000124339","0.0188251","0.0136896","0.0559277","97279.6","8168.21","55609.3","98.5005","8.72942","4043.11","5804.99","38479.4","25.7884","-1.72647","5.55082","26.0886","-43.1537","6.02395","481.045","266.854","1766.67","480.983","561.472","11.6221","2.06993","88.8081","1794.18","481.014","3.73"
"18_MNTRR_RR_V1_an2","18_MNTRR_RR_V1","7.74","29","198","762","0.03764","2","False","18.27","18.77","22.31","22.83","477","491","585","598","18","STABLE","MNTRR","R","L","0.262832","0.217303","1.67435","0.57315","0.546955","2.78142","0.15471","0.17112","1.34527","0.193432","0.193826","1.13","12.8974","5.58062","30.2467","13.6017","46.9734","0.259208","0.183511","3.73852","12.5078","13.856","47.569","0.252828","0.192801","-0.152373","0.122224","0.421447","0.634995","0.00108454","0.000560573","0.00263404","0.00000149048","0.0151487","0.0105593","0.0556641","88795.8","4937.64","28644.2","90.3543","4.9032","2475.36","1897.31","8640.65","39.6495","11.26","8.06322","39.9732","-43.039","10.4954","475.706","259.676","1796.72","475.783","561.003","10.0329","1.78839","65.0034","1684.19","475.76","3.54"
"18_MNTRR_RR_V1_an3","18_MNTRR_RR_V1","7.74","29","198","762","0.03764","3","True","26.38","26.89",NULL,"29","693","706",NULL,"762","18","STABLE","MNTRR","R","L","0.408384","0.264921","1.74734","1.14051","0.697719","2.88772","0.179779","0.141127","0.868577","0.260505","0.198459","1.60637","14.1708","8.71172","40.5213","30.7505","49.7392","0.446469","0.223536","8.31611","13.0672","24.6193","56.5163","0.479938","0.306705","-0.184969","0.0919846","0.364164","0.382959","0.00116018","0.00056654","0.00227602","0.00000166698","0.0161494","0.0120338","0.0546576","88555.1","2926.43","12613.4","91.9833","5.29631","2037.46","1578.65","6986.18","53.9954","14.4603","15.5306","25.9315","-30.0684","6.07406","485.024","266.944","1671.54","484.849","560.329","10.4815","1.87061","63.4775","1023.06","484.863","2.11"
"18_MNTRR_RR_V2_an1","18_MNTRR_RR_V2","7.87","29.3","199","769","0.0376","1","False","10.36","10.95","14.77","15.22","265","280","382","394","18","STABLE","MNTRR","R","L","0.352589","0.234392","1.8949","0.686285","0.759419","3.95665","0.159706","0.138597","1.00436","0.245372","0.24685","1.52116","7.85598","3.86517","24.0227","16.0588","33.7223","0.23897","0.184415","3.07965","7.78077","18.092","30.103","0.235849","0.166757","-0.0542095","0.152501","0.422596","0.739827","0.000824878","0.000585515","0.00264122","0.00000102325","0.0169988","0.0128996","0.0563061","95402.8","6807.84","39300.5","95.1154","7.72054","3598.63","4381.84","25380.6","32.4588","4.81076","7.12011","35.0837","-33.1444","8.20495","478.024","258.71","1753.21","478.062","560.645","16.4911","2.94145","117.189","1826.23","478.071","3.82"
"18_MNTRR_RR_V2_an2","18_MNTRR_RR_V2","7.87","29.3","199","769","0.0376","2","False","18.52","18.99","22.47","23.09","482","494","587","603","18","STABLE","MNTRR","R","L","0.296435","0.20133","1.62596","0.734963","0.678754","3.30835","0.141654","0.113895","0.772196","0.198518","0.158854","0.904699","11.4691","5.69115","28.6012","6.06261","43.2809","0.274036","0.179396","2.37958","11.3638","9.07167","40.9687","0.25477","0.198517","-0.172712","0.109977","0.396483","0.635849","0.0011569","0.000547044","0.00247802","0.00000163766","0.0172218","0.0110635","0.0480115","87497.9","4605.47","25536.1","88.9862","5.1672","2226.53","1855.65","10161.4","19.8392","-10.1725","3.59226","35.7288","-24.782","10.3876","468.05","260.391","1720.4","468","561.168","16.4915","2.93878","102.541","1628.63","467.998","3.48"
"18_MNTRR_RR_V2_an3","18_MNTRR_RR_V2","7.87","29.3","199","769","0.0376","3","True","26.47","26.98",NULL,"29.3","693","707",NULL,"769","18","STABLE","MNTRR","R","L","0.334451","0.202023","1.26701","0.804024","0.618572","2.55916","0.178609","0.162342","0.850566","0.238678","0.207041","1.52911","10.5148","4.04636","20.4448","15.4664","29.8177","0.300729","0.170021","3.12045","8.8664","9.36767","29.0187","0.278743","0.203405","-0.194285","0.0751375","0.402033","0.405415","0.00121495","0.00046787","0.00251271","0.00000169501","0.014036","0.0120169","0.0574217","89199.9","2503.75","9996.19","93.1133","3.23716","2197.2","1840.39","8373.93","18.853","-0.109215","3.53409","36.9394","-27.2355","10.3029","467.543","258.397","1610.43","467.497","560.323","13.7057","2.44604","79.0415","1084.54","467.475","2.32"
"18_MNTRR_RR_V3_an1","18_MNTRR_RR_V3","7.66","29.3","195","771","0.03756","1","False","10.41","11.5","14.54","15.23","268","297","378","396","18","STABLE","MNTRR","R","L","0.361485","0.270055","2.01756","0.624504","0.548688","2.76279","0.230284","0.248521","1.54297","0.21868","0.183338","1.37378","5.65295","3.00861","18.598","11.0696","24.6153","0.208766","0.11346","6.31796","5.78665","22.4923","23.2233","0.222019","0.141943","-0.0672699","0.130138","0.393007","0.651913","0.000795934","0.000452566","0.00245629","0.000000838327","0.0129469","0.0104152","0.0446159","94562.9","5087.91","19012.1","96.3017","7.50484","2103.73","1541.85","5863.23","39.9653","-2.03091","9.39757","25.8493","-5.1319","6.7319","472.055","260.883","1928.92","472.033","561.346","13.9463","2.48443","105.288","1435.09","472.068","3.04"
"18_MNTRR_RR_V3_an2","18_MNTRR_RR_V3","7.66","29.3","195","771","0.03756","2","False","18.35","18.87","22.88","23.35","479","493","600","612","18","STABLE","MNTRR","R","L","0.234503","0.215706","1.48553","0.693551","0.865881","4.4836","0.135428","0.116635","0.850285","0.177647","0.169057","1.37622","5.15504","4.45891","26.8936","4.68944","26.6614","0.182751","0.186679","2.01383","3.93003","11.9693","22.0757","0.176051","0.208041","-0.177236","0.158858","0.554344","0.976233","0.00130004","0.000722987","0.00346465","0.00000221282","0.0210813","0.0153333","0.069152","88561.4","4843.33","22917.2","90.0928","4.5103","2828.95","1913.96","9393.92","26.8701","7.54082","5.56826","25.1088","-3.98282","5.14541","471.984","258.633","1792.16","471.952","561.666","12.7327","2.26695","99.4883","1892.37","471.912","4.01"
"18_MNTRR_RR_V3_an3","18_MNTRR_RR_V3","7.66","29.3","195","771","0.03756","3","True","26.24","26.76",NULL,"29.3","689","703",NULL,"771","18","STABLE","MNTRR","R","L","0.434388","0.268395","1.39635","0.919651","0.768628","4.40673","0.203043","0.174506","1.31332","0.201363","0.154533","0.916015","8.7204","3.27762","18.9614","10.4019","25.396","0.265084","0.168413","2.00125","8.3477","6.43033","27.9843","0.240838","0.191336","-0.192031","0.0902905","0.345025","0.436496","0.0012263","0.000505088","0.00215641","0.00000175892","0.017693","0.0136795","0.0522868","86819.1","3056.78","12760.1","90.7889","4.8716","2257.84","1724","7851.32","25.1025","28.6086","4.41638","34.3259","-6.04266","10.0488","486.156","263.263","1803.25","485.945","562.437","13.1659","2.34086","74.77","1234.38","485.976","2.54"
"22_MNTRL_RR_V1_an1","22_MNTRL_RR_V1","7.67","29.2","195","768","0.03751","1","False","10.18","10.54","11.77","12.08","261","271","304","312","22","STABLE","MNTRL","L","R","0.493833","0.21824","1.15302","1.45689","1.27394","4.7901","0.212533","0.119975","0.681476","0.264466","0.150889","0.739587","11.9945","6.83793","36.8807","19.7659","43.6592","0.549313","0.384167","6.97021","15.2177","20.776","53.3127","0.546355","0.367732","0.0683485","0.0906174","0.222956","0.433918","0.000626991","0.000331852","0.00139348","0.000000503244","0.0166534","0.0142715","0.0671304","103802","6895.51","31091.9","106.872","9.1186","7898.35","6527.74","29405.1","44.4963","-101.423","11.8696","2.37639","84.4308","0.378846","512.11","290.116","1657.84","512.173","544.419","12.7265","2.33763","53.7119","630.005","512.199","1.23"
"22_MNTRL_RR_V1_an2","22_MNTRL_RR_V1","7.67","29.2","195","768","0.03751","2","False","18.4","18.77","22.37","22.89","481","490","586","600","22","STABLE","MNTRL","L","R","0.230098","0.181344","0.909254","0.494492","0.558859","4.07665","0.132445","0.0906981","0.480384","0.147747","0.116884","0.9796","5.6852","2.46598","14.851","13.8195","16.6927","0.155995","0.176315","5.60543","2.38436","17.7413","10.0607","0.111057","0.0773285","-0.118035","0.160338","0.375864","0.729792","0.00109181","0.000596996","0.00234915","0.00000154846","0.0195642","0.0137512","0.0625018","92894.4","4848.64","28372.8","95.7486","4.54455","2607.36","1867.79","8751.56","35.7851","-108.249","8.90589","21.7091","66.2672","4.51331","514.075","285.579","2065.5","514.001","550.446","9.32754","1.69454","57.6792","1850.36","513.989","3.6"
"22_MNTRL_RR_V1_an3","22_MNTRL_RR_V1","7.67","29.2","195","768","0.03751","3","True","26.37","26.92",NULL,"29.2","694","708",NULL,"768","22","STABLE","MNTRL","L","R","0.207484","0.115292","0.717265","0.44642","0.478888","1.96102","0.123448","0.0639296","0.444758","0.141432","0.0961456","0.543582","7.94546","2.87004","19.0125","12.4258","25.4176","0.216824","0.0879537","3.76608","7.16609","11.8143","25.7887","0.196887","0.11034","-0.198264","0.0995104","0.514244","0.52418","0.00124119","0.000617866","0.00321402","0.00000192231","0.0199002","0.0148659","0.0631846","88558.7","2908.95","14104","90.9512","4.39107","1617.3","1338.93","5347.09","25.3786","-121.267","6.64061","19.4281","72.6103","5.81789","520.264","287.524","2177.18","520.423","552.185","5.30566","0.960849","43.3359","1186.52","520.405","2.28"
"22_MNTRL_RR_V2_an1","22_MNTRL_RR_V2","7.67","29.2","195","769","0.03751","1","False","10.41","10.98","14.44","15.17","268","283","375","394","22","STABLE","MNTRL","L","R","0.329349","0.246822","1.52111","0.348159","0.331655","1.59744","0.136902","0.0895788","0.510934","0.123343","0.0970389","0.561331","3.79888","2.50189","11.4873","14.4661","15.7933","0.147543","0.0839615","3.13407","2.72895","13.9023","11.0167","0.117667","0.0650155","-0.00554167","0.150119","0.427607","0.737486","0.000761957","0.000548565","0.00267254","0.000000881502","0.0161513","0.0136829","0.0656314","97391","7289.31","39862.4","99.068","8.3614","3544","4225.11","27346.1","26.6272","-136.604","6.43912","31.1728","64.0238","7.58489","525.333","290.836","2234.87","525.394","552.686","8.59401","1.55495","57.0688","1817.81","525.378","3.46"
"22_MNTRL_RR_V2_an2","22_MNTRL_RR_V2","7.67","29.2","195","769","0.03751","2","False","18.12","18.72","22.26","22.89","473","489","584","600","22","STABLE","MNTRL","L","R","0.21914","0.156591","1.33394","0.488747","0.318874","1.68818","0.116777","0.0720629","0.449625","0.135057","0.0837883","0.558986","6.17231","2.16044","9.38083","15.0673","12.6627","0.132163","0.0903811","5.01304","6.36171","18.9993","19.8113","0.165226","0.0786989","-0.140308","0.140923","0.403826","0.67566","0.00110311","0.000572619","0.00252391","0.00000154475","0.0173067","0.0120952","0.054783","90672.1","3998.19","18584.9","93.3612","4.31001","1898.39","1496.16","8098.77","30.1586","-116.389","7.12841","28.7518","68.3465","7.31095","514.587","289.898","1795.2","514.755","552.185","7.45402","1.34991","65.6137","1822.07","514.708","3.54"
"22_MNTRL_RR_V2_an3","22_MNTRL_RR_V2","7.67","29.2","195","769","0.03751","3","True","26.14","26.73",NULL,"29.2","687","703",NULL,"769","22","STABLE","MNTRL","L","R","0.291002","0.275162","1.91714","0.313275","0.32199","1.62092","0.13683","0.0916731","0.820424","0.144384","0.155149","0.94642","3.36973","2.26494","13.5527","7.8035","15.6388","0.159239","0.118842","2.44141","3.96569","9.38533","18.4287","0.148447","0.109409","-0.177876","0.101865","0.48143","0.589051","0.00113304","0.00059789","0.00300894","0.00000164126","0.0190764","0.0153235","0.0659789","89020.2","2278.39","11414","93.7032","3.22242","1890.67","1392.67","6130.56","32.4554","-113.984","6.84369","22.2503","55.8783","5.08","524.772","284.132","1708.39","524.878","552.465","12.3324","2.23224","88.8081","1296.42","524.866","2.47"
"22_MNTRL_RR_V3_an1","22_MNTRL_RR_V3","7.65","29.5","196","779","0.03746","1","False","10.45","11","14.27","14.92","270","285","372","390","22","STABLE","MNTRL","L","R","0.27668","0.178888","1.04242","0.535775","0.409119","1.75297","0.142845","0.0976254","0.774428","0.154888","0.137964","0.831627","5.15944","3.03329","13.4023","8.90661","18.3754","0.130966","0.0776898","2.3444","5.664","10.4393","19.5587","0.143346","0.0806774","0.000248042","0.169267","0.34321","0.660055","0.00091434","0.000532146","0.00214507","0.0000011192","0.015539","0.0128995","0.0770606","97280.9","5898.75","24977.5","96.9359","6.3986","3311.69","3611.05","18854","18.8693","-138.688","3.96548","30.0245","69.8727","7.98943","529.143","300.241","2078.19","529.255","552.109","7.11304","1.28834","45.7773","1730.64","529.248","3.27"
"22_MNTRL_RR_V3_an2","22_MNTRL_RR_V3","7.65","29.5","196","779","0.03746","2","False","18.36","18.9","22.15","22.79","481","496","583","600","22","STABLE","MNTRL","L","R","0.2876","0.180799","1.11064","0.479337","0.328429","2.20337","0.147061","0.0821099","0.472066","0.135983","0.0857912","0.570218","9.18895","2.22096","17.2966","16.3154","24.6814","0.165507","0.0806669","5.59806","9.21587","18.5323","26.6087","0.179639","0.0942647","-0.12688","0.162611","0.446391","0.736838","0.00116597","0.000549781","0.00278994","0.00000166174","0.0177726","0.0133333","0.066837","91153.1","5171.95","22322.9","94.5367","3.4648","2384.08","1709.43","6983.63","31.6818","-124.236","8.89701","28.8067","66.6235","8.39356","533.379","295.403","1863.86","533.332","551.754","6.95608","1.26072","39.979","1733.27","533.314","3.25"
"22_MNTRL_RR_V3_an3","22_MNTRL_RR_V3","7.65","29.5","196","779","0.03746","3","True","26.3","26.83",NULL,"29.5","693","708",NULL,"779","22","STABLE","MNTRL","L","R","0.221038","0.138544","0.717928","0.291261","0.244381","1.13635","0.112544","0.0625298","0.33956","0.123246","0.0737203","0.391715","4.92848","2.41545","13.6219","11.7104","17.7309","0.124368","0.071849","5.11643","5.70903","17.7217","18.7897","0.13927","0.0570523","-0.170378","0.130457","0.388685","0.763282","0.00122587","0.000544034","0.00242928","0.00000179873","0.0182603","0.0149367","0.104182","89425.2","3544.38","23620.1","93.5673","3.86825","2371.92","2246","11131.3","28.9705","-116.509","6.21716","18.0974","67.2566","5.08848","513.784","287.722","1811.56","513.868","551.81","6.00178","1.08765","32.6538","1372.12","513.902","2.67"
"22_MNTRR_RR_V1_an1","22_MNTRR_RR_V1","7.66","29.15","196","767","0.03759","1","False","10.02","10.55","12.56","12.99","258","272","326","337","22","STABLE","MNTRR","R","L","0.279054","0.153722","0.816234","0.557891","0.342338","1.74581","0.126314","0.0648457","0.358458","0.136821","0.0739747","0.422574","12.657","7.54523","37.2084","13.336","51.1711","0.337341","0.194855","3.49526","13.136","12.007","50.3167","0.307227","0.230554","0.0209202","0.13273","0.29833","0.590823","0.000658181","0.000521602","0.00186456","0.000000705272","0.0199065","0.0169605","0.0857576","100155","5175.89","23895.4","103.26","6.34145","4278.65","3795.03","14995.3","23.4057","-112.768","5.82287","29.9253","-78.4254","8.10543","508.009","275.214","1691.69","507.888","555.391","8.7934","1.58328","54.6274","1020.78","507.852","2.01"
"22_MNTRR_RR_V1_an2","22_MNTRR_RR_V1","7.66","29.15","196","767","0.03759","2","False","18.06","18.7","22.12","22.72","472","489","580","596","22","STABLE","MNTRR","R","L","0.284516","0.241349","1.3329","0.464076","0.295654","1.55125","0.132174","0.0785044","0.421793","0.123739","0.0725816","0.464106","10.7738","4.62928","19.5429","15.1432","31.7028","0.179562","0.119403","3.41394","8.7933","11.063","27.209","0.151552","0.0932919","-0.114119","0.139038","0.378419","0.697143","0.00101455","0.0004843","0.00236512","0.00000126385","0.0162421","0.0127898","0.060997","92439.1","4454.73","21918.1","95.8371","4.19321","2449.38","2128.63","10622.7","33.4246","-115.832","6.94032","42.8862","-69.0163","12.1269","517.169","283.071","1897.62","517.18","556.77","8.23464","1.479","59.8145","1768.76","517.18","3.42"
"22_MNTRR_RR_V1_an3","22_MNTRR_RR_V1","7.66","29.15","196","767","0.03759","3","True","25.88","26.48",NULL,"29.15","680","696",NULL,"767","22","STABLE","MNTRR","R","L","0.276935","0.188669","0.975301","0.296675","0.23222","1.12531","0.128117","0.0809724","0.525377","0.11377","0.0742392","0.453621","2.83575","1.22279","8.64109","6.83633","11.4658","0.137219","0.104254","1.53707","2.0324","5.63733","10.079","0.123588","0.0959466","-0.199332","0.0840769","0.419719","0.391435","0.00124583","0.00052548","0.00262324","0.00000182821","0.0159013","0.01038","0.045037","88598.8","2753.92","11731.2","91.9707","3.88452","2576.93","1855.22","7746.93","23.0715","-115.634","4.70429","31.1034","-65.8149","6.95818","505.002","283.01","1991.15","504.746","557.38","7.2922","1.3083","41.1987","1347.53","504.695","2.67"
"22_MNTRR_RR_V2_an1","22_MNTRR_RR_V2","7.67","29.79","196","785","0.03749","1","False","10.38","11.02","14.37","15.05","268","285","374","392","22","STABLE","MNTRR","R","L","0.199482","0.147896","0.988197","0.259558","0.204221","1.14858","0.107937","0.0701961","0.555638","0.110129","0.0746562","0.583027","4.63803","3.15596","16.123","17.6508","14.902","0.125121","0.0893297","3.65559","2.90172","15.0577","15.277","0.126681","0.0958063","-0.0322668","0.137292","0.337752","0.602256","0.000735314","0.000486081","0.00211095","0.000000776962","0.0186501","0.0127577","0.0600964","96067.4","5187.26","22862","95.8898","4.41622","2736.26","2471.82","12673.1","31.5438","-117.649","5.54052","22.4907","-66.1172","4.52238","506.587","272.865","1671.27","506.721","557.422","6.60079","1.18416","46.6928","1697.39","506.683","3.35"
"22_MNTRR_RR_V2_an2","22_MNTRR_RR_V2","7.67","29.79","196","785","0.03749","2","False","18.27","18.84","22.19","22.78","478","493","583","598","22","STABLE","MNTRR","R","L","0.208185","0.113754","0.723976","0.335314","0.204292","1.7052","0.111475","0.06459","0.435241","0.163417","0.146787","1.24439","4.15566","2.51643","14.9655","9.84278","19.8998","0.124966","0.0828065","3.15258","6.08857","13.2297","29.7767","0.164771","0.11894","-0.130381","0.142095","0.434295","0.755505","0.00105972","0.00057423","0.00271434","0.00000145274","0.0169814","0.0135121","0.0638106","90833.7","4999.15","23487.4","93.7288","4.99049","2317.96","1772.26","8196.31","21.4463","-125.903","4.71979","21.7519","-66.4181","4.96284","507.237","281.529","1877.81","507.173","557.031","6.24738","1.12155","37.2314","1698.96","507.152","3.35"
"22_MNTRR_RR_V2_an3","22_MNTRR_RR_V2","7.67","29.79","196","785","0.03749","3","True","25.98","26.63",NULL,"29.5","684","701",NULL,"778","22","STABLE","MNTRR","R","L","0.230442","0.192804","1.19528","0.333447","0.22815","1.1802","0.124911","0.0810343","0.501674","0.16336","0.134774","1.11274","4.88389","2.28558","9.53179","7.75256","16.1116","0.118695","0.070913","3.36949","6.27352","9.028","19.829","0.113434","0.0709781","-0.218671","0.108488","0.453882","0.582531","0.00138731","0.000634803","0.00283677","0.0000023276","0.0192422","0.0137576","0.0638728","87388.5","3490.97","18696.3","91.1013","5.17032","2469.54","1801.73","10324.9","18.21","-108.6","4.39977","25.3569","-66.5504","6.87076","496.774","268.896","1719.3","496.643","557.525","6.86079","1.23058","46.9971","1425.44","496.668","2.87"
"22_MNTRR_RR_V3_an1","22_MNTRR_RR_V3","7.71","29.3","195","770","0.03751","1","False","10.36","11.15","14.22","14.9","265","286","368","386","22","STABLE","MNTRR","R","L","0.171369","0.0812325","0.450677","0.243432","0.140865","0.890332","0.102071","0.056425","0.404461","0.104083","0.0597863","0.397081","2.11469","0.931004","4.23524","2.87789","6.79456","0.0840117","0.0427696","0.829625","1.57908","3.58433","5.351","0.0818468","0.0399678","-0.000317886","0.135416","0.34815","0.650498","0.000691132","0.000488514","0.00217594","0.000000716309","0.016043","0.0129714","0.0655655","94420.4","4706.33","22835.9","93.7168","3.47756","2347.27","2045.6","12534.4","22.0312","-129.988","4.07115","24.3249","-70.7168","5.35375","504.338","280.599","1835.56","504.388","557.134","5.06997","0.910009","36.0117","1548.5","504.398","3.07"
"22_MNTRR_RR_V3_an2","22_MNTRR_RR_V3","7.71","29.3","195","770","0.03751","2","False","18.06","18.72","22.18","22.76","470","488","580","596","22","STABLE","MNTRR","R","L","0.207095","0.136128","0.776544","0.347855","0.232744","1.50427","0.12144","0.0711577","0.435497","0.159855","0.123592","0.832967","2.66092","1.46514","6.49058","9.52161","7.76972","0.112399","0.0804448","2.81552","2.40946","10.6987","14.0977","0.108106","0.0893711","-0.135646","0.160641","0.375074","0.705859","0.00118942","0.000558606","0.00234421","0.00000172677","0.0170782","0.0135081","0.0586538","90705.9","5070.41","21404","90.8909","3.65176","2140.15","1589.71","8148.57","24.2792","-122.059","5.73041","31.0791","-69.6079","6.99448","508.354","275.501","1748.64","508.229","557.077","6.70077","1.20284","36.9263","1758.5","508.237","3.46"
"22_MNTRR_RR_V3_an3","22_MNTRR_RR_V3","7.71","29.3","195","770","0.03751","3","True","25.97","26.59",NULL,"29.3","681","698",NULL,"770","22","STABLE","MNTRR","R","L","0.169702","0.110986","0.55148","0.31322","0.25958","1.36074","0.106161","0.0634279","0.366568","0.130445","0.103825","0.623869","4.14742","1.51483","10.0821","6.90333","13.8231","0.120561","0.12081","2.27188","3.53171","7.24167","16.1727","0.139015","0.126035","-0.199361","0.0924853","0.389558","0.409344","0.00125021","0.000568889","0.00243474","0.00000188666","0.0171599","0.0119983","0.0521573","89293","2626.17","12512.6","92.5589","3.92875","2251.05","1520.86","6234.47","18.1877","-118.312","4.68504","28.6476","-65.2798","6.4431","496.114","282.016","1975.4","495.979","557.341","4.96237","0.890366","30.2124","1344.18","496.008","2.71"
"24_MNTRL_RR_V1_an1","24_MNTRL_RR_V1","7.77","29","195","756","0.03784","1","False","10","10.52","14.06","14.63","253","267","361","376","24","STABLE","MNTRL","L","R","0.284415","0.292167","2.65994","0.496455","0.460444","2.76796","0.138583","0.123151","1.053","0.155181","0.116099","0.67148","12.012","6.01293","21.5535","26.6206","29.9889","0.19881","0.121969","7.58478","11.7398","28.7757","35.286","0.193697","0.0907455","0.0368805","0.168505","0.442075","0.742303","0.000874199","0.000630909","0.00276297","0.00000116227","0.0172815","0.0121786","0.0573576","98734.9","4446.3","20722.5","99.4689","3.75981","3142.88","2984.62","13096","37.2378","-133.556","7.95786","42.4636","82.2962","11.3052","522.932","289.819","2139.47","522.919","564.182","11.751","2.08285","115.969","1851.18","522.931","3.54"
"24_MNTRL_RR_V1_an2","24_MNTRL_RR_V1","7.77","29","195","756","0.03784","2","False","18","18.61","22.2","22.89","465","481","576","594","24","STABLE","MNTRL","L","R","0.282774","0.215595","1.45535","0.422311","0.380606","2.15399","0.143855","0.0842728","0.488182","0.137566","0.107144","1.01821","5.75541","3.7323","19.1118","13.1783","26.7388","0.16767","0.0930524","5.00087","7.37264","19.9593","30.993","0.171999","0.104434","-0.139891","0.15281","0.447127","0.846024","0.00113101","0.000630384","0.00279454","0.00000167657","0.0186884","0.0144089","0.0670896","90962","4465.21","21689.6","92.8808","3.12629","2268.08","2055.4","14975","29.1574","-147.353","5.54761","27.9224","76.5026","6.07379","524.439","291.139","2041.87","524.435","563.644","9.28833","1.64791","54.6265","1882.63","524.409","3.59"
"24_MNTRL_RR_V1_an3","24_MNTRL_RR_V1","7.77","29","195","756","0.03784","3","True","26.18","26.69",NULL,"29","681","694",NULL,"756","24","STABLE","MNTRL","L","R","0.324448","0.267719","1.43857","0.482116","0.327674","1.42181","0.156213","0.106929","0.705416","0.138199","0.0913661","0.562705","9.84686","3.44297","23.8365","21.1334","30.5022","0.248706","0.128076","8.73756","8.58301","25.4317","32.496","0.260958","0.124006","-0.167791","0.104992","0.521829","0.609419","0.00107505","0.000612055","0.00326143","0.00000153035","0.0189746","0.015607","0.0762328","88941.6","2819.85","14495.4","91.6462","4.58164","2005.52","1476.1","6263.56","40.4991","-134.774","10.4755","25.7914","70.3515","6.6183","530.876","294.034","1808.26","530.82","563.949","8.73439","1.54879","56.7636","1226.25","530.843","2.31"
"24_MNTRL_RR_V2_an1","24_MNTRL_RR_V2","7.67","29","193","759","0.03763","1","False","10","10.48","14.11","14.82","254","267","364","383","24","STABLE","MNTRL","L","R","0.341194","0.275643","2.40601","0.416901","0.360323","2.31752","0.151005","0.102672","0.817125","0.143442","0.0927699","0.573276","5.13294","3.70164","21.3694","16.5333","23.5034","0.161873","0.112805","5.32631","5.10899","21.04","25.0103","0.161976","0.123625","-0.0385705","0.149595","0.415653","0.723007","0.000761883","0.000593142","0.00259783","0.000000932283","0.0174962","0.0124281","0.0617634","95429.1","4956.44","22480.7","97.0337","4.80289","2803.11","2291.72","11975.8","28.582","-146.218","6.4199","25.3847","75.3666","6.87097","529.607","288.214","1814.76","529.602","564.259","9.65158","1.71049","79.0424","1922.52","529.621","3.63"
"24_MNTRL_RR_V2_an2","24_MNTRL_RR_V2","7.67","29","193","759","0.03763","2","False","18.11","18.79","22.26","22.97","470","488","580","599","24","STABLE","MNTRL","L","R","0.293462","0.240684","1.35825","0.354376","0.404783","2.33113","0.156921","0.109958","0.634321","0.1295","0.0993073","0.64957","3.40139","2.37441","14.5965","6.11394","18.7447","0.148897","0.116067","2.27274","3.88047","12.0683","17.455","0.119873","0.10531","-0.14085","0.148326","0.440366","0.817936","0.00113269","0.000592757","0.00275229","0.00000163435","0.0162152","0.0139344","0.0653583","91506.3","4167.83","21455","94.5715","5.16217","2033.16","1627.59","8089.01","27.538","-143.896","4.1521","24.8809","62.4758","5.28167","523.59","286.455","1821.25","523.625","564.019","11.277","1.9994","90.0278","1816.82","523.579","3.47"
"24_MNTRL_RR_V2_an3","24_MNTRL_RR_V2","7.67","29","193","759","0.03763","3","True","26.19","27.17",NULL,"29","685","711",NULL,"759","24","STABLE","MNTRL","L","R","0.436786","0.27338","1.21629","0.646499","0.532097","2.6298","0.185944","0.11052","0.758638","0.146759","0.0918049","0.61047","4.37334","2.64247","10.4994","8.30894","11.6628","0.213471","0.124442","2.71183","2.67385","8.605","9.779","0.16491","0.092874","-0.193248","0.0840315","0.361076","0.373214","0.0012109","0.000518018","0.00225673","0.00000173461","0.0161048","0.0146927","0.0582954","88834","2873.04","12220.9","93.4976","4.53759","2069.6","1506.88","5952.56","30.1154","-135.114","8.08177","28.9473","65.1088","8.78919","525.532","292.77","1960.21","525.408","562.829","14.6409","2.6013","76.2959","961.552","525.438","1.83"
"24_MNTRL_RR_V3_an1","24_MNTRL_RR_V3","7.79","29.2","197","763","0.03776","1","False","9.95","10.67","14.18","14.8","254","273","366","382","24","STABLE","MNTRL","L","R","0.298359","0.313519","2.21727","0.439982","0.401368","2.32032","0.144915","0.0953378","0.650143","0.125751","0.0963907","0.620086","6.90439","4.14477","23.0336","15.5666","27.6192","0.168743","0.110762","5.3738","7.94287","18.5807","29.9123","0.170972","0.111086","-0.0093638","0.123516","0.302082","0.575211","0.000637233","0.000439668","0.00188801","0.000000599373","0.0149684","0.0114769","0.0542659","96285.4","3894.74","20665.6","96.2307","3.99444","2966.17","2719.35","17258.1","43.7389","-128.136","8.57275","33.3045","65.9344","6.60331","517.684","277.116","1810.73","517.665","563.918","8.18946","1.45224","52.4902","1816.84","517.617","3.51"
"24_MNTRL_RR_V3_an2","24_MNTRL_RR_V3","7.79","29.2","197","763","0.03776","2","False","18.31","18.99","22.2","22.77","475","493","578","593","24","STABLE","MNTRL","L","R","0.246686","0.187427","1.25927","0.462719","0.336173","1.88615","0.14145","0.0973263","0.6299","0.123701","0.0779386","0.690587","5.66774","2.72153","10.8051","14.4038","16.4854","0.181021","0.118849","5.57225","2.67472","18.3117","13.7203","0.171954","0.121981","-0.160091","0.153396","0.50537","0.867252","0.00124531","0.000607862","0.00315856","0.0000019203","0.0200839","0.0142399","0.0794319","89062","5618.2","27323.4","89.6368","4.40742","2462.66","1858.2","8424.1","29.7581","-137.492","7.60606","27.2788","62.4184","6.49056","516.078","286.949","2358.92","516.078","563.797","9.42482","1.67167","57.374","1656.54","516.057","3.21"
"24_MNTRL_RR_V3_an3","24_MNTRL_RR_V3","7.79","29.2","197","763","0.03776","3","True","26.14","26.75",NULL,"29.2","682","699",NULL,"763","24","STABLE","MNTRL","L","R","0.352827","0.236054","1.53713","0.587583","0.516512","2.14744","0.15906","0.0938572","0.553297","0.158145","0.10259","0.577766","4.02291","2.17054","10.6939","4.39367","16.9134","0.163616","0.115281","1.42636","4.8292","6.64233","21.0427","0.155531","0.113163","-0.20545","0.0873416","0.388416","0.385829","0.00128407","0.000545885","0.0024276","0.00000194681","0.0148004","0.0109354","0.054731","88323.7","2349.14","9926.1","91.1777","4.09339","1651.34","1337.18","5168.77","23.4463","-127.579","5.01562","30.4783","69.3909","7.14756","514.19","286.417","1735.43","514.267","563.227","9.44563","1.67706","55.8481","1259.84","514.222","2.45"
"24_MNTRR_RR_V1_an1","24_MNTRR_RR_V1","7.63","29.1","196","764","0.03774","1","False","9.84","10.36","12.06","12.39","254","268","313","322","24","STABLE","MNTRR","R","L","0.467723","0.289482","1.22529","0.880253","0.436776","2.0365","0.164683","0.0798538","0.512524","0.196183","0.108735","0.637988","13.5733","8.73708","44.5424","12.1812","58.2293","0.454601","0.304053","5.67878","15.5824","21.3083","60.5117","0.500723","0.336589","-0.0620563","0.144325","0.5532","0.800863","0.000744691","0.000639938","0.0034575","0.000000964086","0.0197239","0.0163794","0.0804423","96805.5","5225.57","23501.7","97.1332","6.39634","3885.48","3819.15","15976.8","36.1237","-162.383","9.40187","15.6383","-48.5061","2.88138","505.215","281.211","1685.23","505.377","565.689","11.9279","2.10856","65.0034","859.1","505.353","1.7"
"24_MNTRR_RR_V1_an2","24_MNTRR_RR_V1","7.63","29.1","196","764","0.03774","2","False","13.23","13.62","13.77","14.21","344","354","358","370","24","STABLE","MNTRR","R","L","0.642949","0.177217","0.963358","1.03312","0.205057","1.38355","0.302009","0.181406","0.666816","0.236811","0.0805543","0.406316","3.48179","1.95072","7.00011","1.16467","12.2807","0.869082","0.185351","0.0872654","4.37378","0.266","13.4663","0.898587","0.258257","-0.210378","0.0680659","0.277462","0.189121","0.00131486","0.000425412","0.00173414","0.00000190983","0.0138433","0.00868587","0.0284923","90915.9","1596.54","4240.44","93.899","2.14278","1778.88","1679.54","4240.44","7.16019","-142.037","1.94805","6.76213","-31.8017","2.49631","520.913","275.115","1490.04","521.23","547.707","26.2035","4.78421","68.6655","78.183","521.22","0.15"
"24_MNTRR_RR_V1_an3","24_MNTRR_RR_V1","7.63","29.1","196","764","0.03774","3","False","17.78","18.24","22.09","22.57","464","477","579","591","24","STABLE","MNTRR","R","L","0.395122","0.241142","1.34722","0.679614","0.430187","2.9765","0.162275","0.117979","0.919472","0.156223","0.125078","1.05799","18.1823","7.66856","28.4166","28.2197","48.5586","0.304618","0.181665","12.4149","16.9779","34.8447","49.6433","0.285517","0.188835","-0.146681","0.132016","0.445113","0.752423","0.00106027","0.000630132","0.00278196","0.00000152123","0.0199592","0.0150116","0.0790945","92997.4","6332.97","29708.9","92.7128","4.89933","3312.02","2908.96","13251.8","51.3606","-147.087","12.3522","47.2414","-27.0856","15.326","498.237","283.253","1824.35","498.155","566.114","12.8869","2.27637","78.7373","1918.06","498.197","3.85"
"24_MNTRR_RR_V1_an4","24_MNTRR_RR_V1","7.63","29.1","196","764","0.03774","4","True","25.8","26.31",NULL,"29.1","677","690",NULL,"764","24","STABLE","MNTRR","R","L","0.316246","0.251303","1.327","0.514286","0.612445","3.18032","0.142143","0.091683","0.646372","0.132727","0.0839534","0.537602","4.06138","2.94443","15.7835","11.5478","20.9148","0.131734","0.109883","2.24161","3.81628","9.91033","21.7507","0.14833","0.128696","-0.18062","0.0782443","0.402952","0.403311","0.00112893","0.000488889","0.00251845","0.0000015135","0.0147082","0.00956408","0.0370073","90329.9","3245.91","14566.3","94.6862","4.55212","2472.72","1779.77","6958.46","28.2892","-139.546","5.26262","27.149","-41.9277","4.74547","505.928","281.628","1935.65","505.933","566.022","7.39204","1.30596","55.8472","1411.56","505.934","2.79"
"24_MNTRR_RR_V2_an1","24_MNTRR_RR_V2","7.61","29.1","192","761","0.03775","1","False","10.22","10.79","14.15","14.82","261","276","365","383","24","STABLE","MNTRR","R","L","0.366694","0.274562","1.61918","0.406984","0.28577","1.84044","0.139928","0.088125","0.701138","0.12055","0.066398","0.592664","4.71402","2.57189","15.3189","7.68267","20.9428","0.171827","0.11407","2.42244","4.84442","8.056","23.0453","0.154877","0.121839","0.0305378","0.138119","0.296034","0.579137","0.000733683","0.000493277","0.00185022","0.000000781614","0.0148435","0.0117381","0.0525622","97296.7","4430.77","22064.4","97.115","4.5999","2653.32","2577.05","13985.3","32.8328","-142.251","6.35539","22.0446","-33.555","5.79449","507.545","283.04","1770.73","507.577","566.366","12.6122","2.22687","78.1269","1705.51","507.592","3.36"
"24_MNTRR_RR_V2_an2","24_MNTRR_RR_V2","7.61","29.1","192","761","0.03775","2","False","18.13","18.72","22.18","22.87","470","486","578","596","24","STABLE","MNTRR","R","L","0.256383","0.212229","1.04251","0.420217","0.496212","3.674","0.127094","0.0830531","0.549007","0.135335","0.0810515","0.58994","5.05681","2.67892","16.7799","5.36389","22.8701","0.152267","0.124354","3.15206","5.62694","11.689","27.2537","0.1514","0.13845","-0.150149","0.13307","0.379162","0.756571","0.00112512","0.000553604","0.00236976","0.00000157237","0.0187881","0.0123414","0.0542727","90453.4","4043.39","18995.1","92.3856","4.42746","1849.17","1434.13","6101.3","26.3245","-135.681","4.58868","25.0474","-35.7763","6.06429","506.164","286.918","1818.78","506.27","566.349","9.82454","1.73471","59.5102","1751.68","506.267","3.46"
"24_MNTRR_RR_V2_an3","24_MNTRR_RR_V2","7.61","29.1","192","761","0.03775","3","True","26.12","26.69",NULL,"29.1","682","697",NULL,"761","24","STABLE","MNTRR","R","L","0.285742","0.213546","1.33242","0.496872","0.680378","4.05744","0.149168","0.0995179","0.680609","0.137654","0.0906909","0.614731","7.24761","3.75899","20.0544","11.4752","26.2721","0.176087","0.118752","5.9062","7.52611","18.9637","30.8867","0.200614","0.1402","-0.199772","0.094327","0.473138","0.505339","0.00125477","0.000576246","0.00295711","0.0000019065","0.018448","0.0139083","0.0659049","87941","2774.69","14075.5","92.3806","3.97612","2237","1604.26","7820.06","31.6036","-140.547","6.4814","23.9322","-38.1132","6.22379","514.947","290.872","2021.02","514.872","565.996","9.42693","1.66555","59.2051","1240.87","514.885","2.41"
"24_MNTRR_RR_V3_an1","24_MNTRR_RR_V3","7.64","29.1","193","758","0.03798","1","False","10.2","10.81","14.55","15.22","260","276","374","392","24","STABLE","MNTRR","R","L","0.32253","0.241031","1.38675","0.422393","0.276665","1.87853","0.140961","0.0931934","0.780183","0.122379","0.0713485","0.51554","7.69995","3.33647","18.2704","7.846","28.7445","0.191973","0.107197","2.64066","9.14543","12.0833","34.4047","0.203995","0.132743","-0.00147743","0.147323","0.407504","0.77575","0.000781669","0.00048672","0.0025469","0.000000847902","0.0176674","0.0142229","0.0617147","95118.7","4768.65","23575.1","94.8075","4.88892","2447.65","2368.37","13348.1","27.7478","-131.892","5.8101","34.224","-29.5872","9.18906","503.756","283.159","1761.02","503.815","567.248","10.5993","1.86855","70.8027","1884.11","503.771","3.74"
"24_MNTRR_RR_V3_an2","24_MNTRR_RR_V3","7.64","29.1","193","758","0.03798","2","False","18.14","18.79","22.47","23.13","469","486","583","600","24","STABLE","MNTRR","R","L","0.244661","0.18024","1.00976","0.548858","0.482375","3.5922","0.119228","0.0685372","0.48512","0.163777","0.124335","0.986382","4.00133","2.1955","10.3333","10.8682","12.5984","0.126073","0.0766479","4.12331","3.03543","14.2497","13.5827","0.130084","0.0963804","-0.170268","0.119384","0.458844","0.67285","0.00112729","0.000646861","0.00286778","0.00000168921","0.0189734","0.0152206","0.0630954","88564.1","4445.81","19644.9","89.9172","4.7486","2043.09","1770.3","8566.85","32.6646","-127.886","6.40492","19.5231","-38.2375","4.47212","497.422","275.425","1784.54","497.35","566.922","8.74356","1.54229","56.4575","1830.18","497.331","3.68"
"24_MNTRR_RR_V3_an3","24_MNTRR_RR_V3","7.64","29.1","193","758","0.03798","3","True","26.07","26.74",NULL,"29.1","678","695",NULL,"758","24","STABLE","MNTRR","R","L","0.300225","0.173744","0.890331","0.52153","0.485242","3.09404","0.135518","0.0724494","0.469275","0.152794","0.12898","0.85722","7.14587","2.62316","15.7727","14.4616","21.4609","0.178398","0.0783606","6.11747","6.06496","18.5247","24.2117","0.176162","0.119544","-0.202981","0.0937488","0.476031","0.469628","0.00126863","0.00058593","0.00297519","0.00000195274","0.0149405","0.0104978","0.0500752","89344.4","3003.34","12467","92.6303","5.11311","1916.82","1135.59","5264.36","35.1088","-129.678","7.65135","26.4675","-27.1146","6.76954","498.855","278.652","1721.26","498.908","566.494","9.72115","1.71602","44.2505","1177.42","498.905","2.36"
"30_MNTRL_RR_V1_an1","30_MNTRL_RR_V1","7.7","28.84","189","740","0.03836","1","False","10.46","10.82","14.22","14.38","260","270","358","363","30","STABLE","MNTRL","L","R","0.424919","0.335274","1.9819","0.902097","0.949873","4.17456","0.163612","0.111772","0.841031","0.200225","0.170563","0.98074","21.813","14.911","87.7755","22.3804","114.33","0.521138","0.418829","9.20987","32.752","29.213","136.984","0.569967","0.414182","-0.012714","0.173191","0.427645","0.759345","0.00088753","0.000624727","0.00267278","0.00000117799","0.0155566","0.0120954","0.0577007","96872.4","3984.69","22055.5","99.4877","7.39565","2969.53","2187.28","10814.4","42.9141","-99.6533","9.65489","39.8306","21.5638","13.1397","495.616","272.668","1911.71","495.566","569.071","15.3733","2.70148","115.358","1684.93","495.568","3.4"
"30_MNTRL_RR_V1_an2","30_MNTRL_RR_V1","7.7","28.84","189","740","0.03836","2","False","18.28","18.57","20.91","21.07","464","472","533","537","30","STABLE","MNTRL","L","R","0.604031","0.410516","2.12616","1.05377","0.92575","4.67492","0.231256","0.192667","0.983849","0.247989","0.167467","0.76882","21.7476","14.1471","82.4853","32.4823","104.336","0.68818","0.500605","10.2717","30.4223","37.504","121.231","0.705243","0.503446","-0.187446","0.0866471","0.374579","0.380457","0.00117272","0.000538973","0.00234112","0.00000166577","0.015362","0.0110365","0.0540662","89983.2","2572.99","12512.3","94.2276","2.52428","2235.5","1828.44","8356.96","46.0031","-109.633","12.2872","34.0447","25.9667","10.1437","500.628","279.738","1829.14","500.617","569.362","17.5465","3.08178","121.767","1171.46","500.622","2.34"
"30_MNTRL_RR_V1_an3","30_MNTRL_RR_V1","7.7","28.84","189","740","0.03836","3","True","26.15","26.43","27.89","28.03","669","677","715","718","30","STABLE","MNTRL","L","R","0.674911","0.343465","1.97108","1.88876","1.57798","7.55942","0.22867","0.146347","0.788757","0.325075","0.22638","1.32917","23.8314","17.0343","87.3914","7.65772","111.775","0.965466","0.77489","2.37005","36.6854","10.7483","135.562","1.0407","0.826901","-0.197239","0.0869419","0.381973","0.387155","0.00123441","0.000539603","0.00238733","0.00000181493","0.0195054","0.011112","0.0455779","90373.2","2928.13","12668.3","93.6557","3.22963","2821.82","1859.9","6863.91","21.3963","-110.462","4.57266","21.3941","32.6173","3.91407","508.252","272.88","1588.3","508.439","564.416","16.516","2.9262","75.0751","742.268","508.403","1.46"
"30_MNTRL_RR_V2_an1","30_MNTRL_RR_V2","7.83","29.92","194","770","0.0383","1","False","10.58","10.92","14.38","14.74","265","274","365","374","30","STABLE","MNTRL","L","R","0.329017","0.253017","1.34913","0.599884","0.680498","3.81097","0.165749","0.143833","1.08724","0.180873","0.167929","1.04574","6.83566","2.1653","18.2407","13.9235","21.9834","0.204262","0.146203","5.67146","6.10592","16.206","26.3673","0.192772","0.127306","-0.0443846","0.145562","0.370822","0.685029","0.000800279","0.000513984","0.00231764","0.000000904625","0.0166053","0.0130946","0.057589","96045.6","4927.43","19284.2","96.0058","4.45744","2664.14","2676.88","12407.1","27.7861","-118.249","6.84736","29.4468","9.94799","7.38089","496.721","277.196","1999.01","496.74","569.683","11.5662","2.03028","94.9116","1718.73","496.743","3.46"
"30_MNTRL_RR_V2_an2","30_MNTRL_RR_V2","7.83","29.92","194","770","0.0383","2","False","18.28","18.69","20.96","21.26","466","477","536","544","30","STABLE","MNTRL","L","R","0.431522","0.253624","1.32491","0.755713","0.694925","3.4412","0.185126","0.145699","1.06224","0.183025","0.157193","0.956645","17.9327","11.6635","62.4438","29.8991","80.0481","0.505371","0.350509","10.7709","25.9477","39.497","100.485","0.581905","0.38955","-0.165981","0.079981","0.35444","0.377786","0.00104224","0.00048966","0.00221525","0.00000132604","0.0142838","0.0104702","0.0452211","93055.1","2275.96","10810.7","95.6995","2.87805","1756.17","1345.83","6074.8","36.9641","-109.691","9.8332","25.059","20.019","7.27267","508.88","283.902","1890.41","508.907","570.25","11.4276","2.00397","77.5166","1155.25","508.92","2.27"
"30_MNTRL_RR_V2_an3","30_MNTRL_RR_V2","7.83","29.92","194","770","0.0383","3","True","26.34","26.72",NULL,"29.3","677","687",NULL,"754","30","STABLE","MNTRL","L","R","0.312256","0.227324","1.37003","0.550716","0.402775","2.53271","0.168145","0.122221","0.878868","0.16343","0.116782","0.75486","6.59811","4.58827","24.8413","12.4368","31.8191","0.255039","0.14109","3.68911","8.46485","14.0107","34.324","0.269601","0.130645","-0.0770705","0.185959","0.52565","0.93494","0.00104784","0.000696323","0.00328531","0.00000158284","0.0200428","0.0127036","0.0479323","94359","4658.28","25583.6","94.0233","2.89379","3224.48","2326.86","9496.23","40.7954","-103.266","9.47506","25.5158","2.35041","5.78769","488.639","266.283","1725.67","488.571","570.498","9.11643","1.59798","48.8281","1260.72","488.65","2.58"
"30_MNTRL_RR_V3_an1","30_MNTRL_RR_V3","7.66","28.9","193","747","0.03831","1","False","10.36","10.7","13.69","13.96","263","272","350","357","30","STABLE","MNTRL","L","R","0.448727","0.290497","1.53779","0.636407","0.55311","2.42675","0.19588","0.153325","0.941111","0.172376","0.16834","1.38512","20.0161","12.61","68.5398","30.4867","86.1951","0.468763","0.298659","13.3693","27.5291","39.322","109.871","0.539945","0.343661","-0.0280925","0.129467","0.330625","0.559386","0.000680202","0.000472136","0.00206641","0.000000685587","0.0115522","0.0102537","0.0402441","96273.3","4495.08","25998","95.3874","4.47759","2997.33","3196.01","17811.2","68.1695","-134.373","15.6065","42.9723","-12.4888","10.9329","504.66","287.298","1772.96","504.617","569.759","16.0218","2.81203","133.059","1508.63","504.56","2.99"
"30_MNTRL_RR_V3_an2","30_MNTRL_RR_V3","7.66","28.9","193","747","0.03831","2","False","18.38","19.34","22.6","22.92","472","497","582","591","30","STABLE","MNTRL","L","R","0.371274","0.254572","1.43236","0.720977","0.596104","3.32392","0.179357","0.129159","0.812645","0.200408","0.140849","0.761179","6.71209","4.10132","19.8104","15.4301","32.8725","0.288906","0.18955","4.87177","9.26107","16.8183","41.8087","0.306538","0.192617","-0.115525","0.13549","0.370495","0.656021","0.000980087","0.000527111","0.0023156","0.00000123842","0.0166663","0.012216","0.0645796","94681.9","4571.87","22149.5","95.0816","1.59641","2432.89","1865.17","7513.88","57.3744","-123.393","10.2085","35.1423","-29.7969","9.0445","508.263","281.209","1965.78","508.294","570.341","13.8117","2.42166","91.8598","1656.95","508.266","3.26"
"30_MNTRL_RR_V3_an3","30_MNTRL_RR_V3","7.66","28.9","193","747","0.03831","3","True","26.16","26.62",NULL,"28.9","675","687",NULL,"747","30","STABLE","MNTRL","L","R","0.306507","0.221048","1.13484","0.465229","0.317167","1.82237","0.182572","0.147833","0.88362","0.150176","0.101379","0.626212","7.91719","2.698","17.2974","17.6201","20.7938","0.252534","0.14398","9.35951","4.277","23.9463","19.7133","0.273542","0.122162","-0.166009","0.080446","0.332683","0.333632","0.00103775","0.000502386","0.00207927","0.00000132931","0.0145209","0.0108171","0.0450317","93736.6","2888.41","16064.8","95.7684","2","2548.71","1646.87","6839.24","30.2003","-129.181","8.68943","23.6352","-31.204","7.1775","506.941","277.384","1929.16","506.811","571.314","11.1145","1.94542","64.0879","1155.49","506.793","2.28"
"30_MNTRR_RR_V1_an1","30_MNTRR_RR_V1","7.72","29.42","191","755","0.03798","1","False","10.33","10.76","14.27","14.87","259","271","363","379","30","STABLE","MNTRR","R","L","0.372715","0.252317","1.72907","0.35292","0.300421","2.09455","0.204521","0.170934","1.12734","0.128718","0.0733467","0.579252","7.82959","4.84472","21.8721","11.2526","34.5452","0.214298","0.119965","1.72835","9.84804","10.2063","38.8843","0.230154","0.136474","-0.0508456","0.144121","0.363008","0.680402","0.000758604","0.000580401","0.0022688","0.000000912346","0.01441","0.0125791","0.0527816","97970.2","6079.58","25908.2","99.7209","6.37277","2775.81","2320.81","11913.1","28.1666","-113.613","5.96637","28.3255","-43.5323","7.46756","484.097","265.877","1835.13","484.091","579.546","12.7432","2.19883","99.7944","1699.28","484.125","3.51"
"30_MNTRR_RR_V1_an2","30_MNTRR_RR_V1","7.72","29.42","191","755","0.03798","2","False","18.1","18.46","19.05","19.26","464","473","489","495","30","STABLE","MNTRR","R","L","0.516021","0.254438","1.14518","1.33965","0.916493","3.09856","0.21594","0.160221","0.940588","0.259396","0.171063","0.731023","3.75343","2.04962","8.64089","5.44694","7.03939","0.352825","0.166511","0.621815","1.34731","1.966","5.741","0.198448","0.140118","-0.16563","0.0827759","0.345035","0.320889","0.00103519","0.000517349","0.00215647","0.00000133926","0.0182932","0.0112362","0.0410001","87517.6","2958.01","10934.3","90.8166","2.42945","2766.51","1958.05","7703.06","11.3246","-95.7368","2.49106","6.24605","-67.2176","1.54381","499.181","261.462","1483.58","498.889","576.406","18.2845","3.17216","76.2959","294.386","498.96","0.59"
"30_MNTRR_RR_V1_an3","30_MNTRR_RR_V1","7.72","29.42","191","755","0.03798","3","False","19.66","20","22.34","22.83","505","514","575","588","30","STABLE","MNTRR","R","L","0.254035","0.185061","1.12506","0.432304","0.4191","1.87869","0.119315","0.0959048","0.881224","0.128726","0.0912718","0.641682","7.26563","2.71274","12.7221","19.3578","9.94283","0.205554","0.10984","7.42589","3.56391","22.8723","11.6883","0.217875","0.091819","-0.16786","0.120128","0.423537","0.574563","0.00111922","0.000641648","0.0026471","0.00000166437","0.0180671","0.0130755","0.0486886","89819.4","4783.77","22791.7","91.831","2.95458","2916.39","2402.4","10824.3","40.1065","-99.5542","10.1421","24.142","-58.2502","6.57169","482.873","268.079","1639.99","482.616","578.722","9.28671","1.60469","78.7363","1129.42","482.66","2.34"
"30_MNTRR_RR_V1_an4","30_MNTRR_RR_V1","7.72","29.42","191","755","0.03798","4","True","26.25","26.56","28.7","28.9","678","687","743","748","30","STABLE","MNTRR","R","L","0.336729","0.239747","1.30604","0.736573","0.574279","2.8357","0.15209","0.117095","0.722972","0.165077","0.122278","0.742623","10.4268","6.67297","35.9926","14.9842","45.9773","0.328103","0.234296","7.01409","12.4968","25.771","50.0957","0.345197","0.238349","-0.199276","0.103403","0.477639","0.493721","0.001249","0.000639428","0.00298524","0.00000196888","0.0187992","0.0140486","0.0552383","89272.3","3961.22","17909.5","92.5671","3.03495","2714.94","1814.85","8548.47","35.5189","-86.9444","8.29472","22.6236","-64.4503","5.41204","490.935","265.175","2058.37","490.693","579.094","9.13133","1.57683","65.6137","1050.07","490.689","2.14"
"30_MNTRR_RR_V2_an1","30_MNTRR_RR_V2","7.74","30.15","190","773","0.03839","1","False","10.14","10.98","14.5","14.92","252","274","366","377","30","STABLE","MNTRR","R","L","0.307388","0.240286","1.77979","0.513333","0.586734","3.13075","0.151436","0.125531","0.910355","0.141906","0.103637","0.746299","8.39919","4.78244","24.8473","12.3809","31.9369","0.200918","0.160645","3.95915","8.13605","16.288","31.3723","0.193191","0.119679","-0.0648342","0.148306","0.36176","0.72011","0.000846888","0.000553305","0.002261","0.00000102337","0.0173591","0.0121748","0.0549616","95430.2","5905.45","25569.1","94.8409","4.67168","2665.47","2091.14","9805","32.1074","-100.811","6.86763","35.3069","-46.052","8.43807","479.833","267.415","1861.79","479.921","579.379","11.5517","1.99381","102.846","1689.25","479.9","3.52"
"30_MNTRR_RR_V2_an2","30_MNTRR_RR_V2","7.74","30.15","190","773","0.03839","2","False","18.24","18.7","20.5","20.79","463","475","522","529","30","STABLE","MNTRR","R","L","0.381718","0.265073","1.57351","0.894075","0.655274","3.10846","0.173762","0.153848","0.929393","0.197572","0.122306","0.664901","10.0343","7.40711","40.4101","17.1632","49.6731","0.437853","0.31397","7.51135","14.9136","31.0417","59.1107","0.465083","0.358965","-0.187797","0.0916432","0.352146","0.415305","0.00119197","0.000533772","0.00220091","0.00000170571","0.0180753","0.0151957","0.0651955","89250.4","2223.48","11214.1","93.4374","1.98371","2251.92","1463.53","6866.96","26.7048","-90.8353","8.02457","24.7997","-68.3394","5.43879","485.928","274.302","1830.3","485.645","579.74","11.2162","1.93469","72.6328","874.185","485.658","1.8"
"30_MNTRR_RR_V2_an3","30_MNTRR_RR_V2","7.74","30.15","190","773","0.03839","3","False","21.53","21.88","22.18","22.71","549","558","566","580","30","STABLE","MNTRR","R","L","1.02911","0.339026","1.88935","1.67461","0.823029","3.29423","0.193434","0.126696","0.544839","0.295803","0.122294","0.578109","9.91027","5.52788","20.8432","13.5761","33.6799","1.22753","0.327761","5.08298","14.4636","16.8863","46.2717","1.65179","0.164728","-0.0288565","0.0855918","0.195835","0.265691","0.000469072","0.000314116","0.00122397","0.000000318698","0.0130578","0.00981254","0.0284955","94401.1","2371.57","6850.08","93.3035","1.9276","1712.34","1466.76","4732.29","11.2225","-87.9607","2.39623","20.3774","-36.1751","4.85986","475.716","255.837","1380.01","474.156","584.603","9.13388","1.56241","31.7392","142.24","474.135","0.3"
"30_MNTRR_RR_V2_an4","30_MNTRR_RR_V2","7.74","30.15","190","773","0.03839","4","False","23.35",NULL,NULL,"23.72","596",NULL,NULL,"606","30","UNSTABLE","MNTRR","R","L","1.2409","0.525958","2.48002","8.98843","6.00139","17.6061","0.311762","0.218752","1.02853","0.704027","0.30164","1.30418","40.8194","22.7441","85.6898","78.4911","112.546","4.3473","0.693959","18.9122","34.9314","63.7943","117.666","3.6571","0.444585","-0.211518","0.064672","0.37002","0.220112","0.00132199","0.0004042","0.00231263","0.00000191103","0.0127486","0.0111028","0.0313284","90338.9","2069.84","6281.58","94.1902","3.23405","1343.58","791.938","2645.96","24.2292","-61.6414","5.57813","6.14187","-60.9938","1.74079","512.094","280.698","1611.25","512.482","549.95","27.4106","4.98419","101.625","189.575","512.365","0.37"
"30_MNTRR_RR_V2_an5","30_MNTRR_RR_V2","7.74","30.15","190","773","0.03839","5","True","26.13","26.47","28.98","29.15","669","678","743","748","30","STABLE","MNTRR","R","L","0.366488","0.325797","1.66669","0.746556","0.84818","4.52905","0.134437","0.112606","0.659631","0.165517","0.126319","1.00383","19.591","15.7664","89.8205","52.7502","94.2516","0.584066","0.60111","17.8876","24.5546","65.7717","110.971","0.630707","0.681519","-0.140447","0.133935","0.435445","0.824957","0.00106867","0.00057375","0.00272153","0.00000147124","0.017416","0.0120823","0.0523224","93048","4392.47","26560.3","94.1362","2.76832","2774.49","2892.21","18317.1","59.3708","-101.564","13.3514","16.0493","-60.8801","3.98818","481.276","265.272","2090.71","481.2","578.261","8.07126","1.39578","55.5429","1207.71","481.159","2.51"
"30_MNTRR_RR_V3_an1","30_MNTRR_RR_V3","7.77","29.35","192","753","0.03842","1","False","10.4","10.77","14.51","14.97","260","270","367","379","30","STABLE","MNTRR","R","L","0.364474","0.225736","1.37052","0.421159","0.482922","3.05901","0.172544","0.132473","0.713152","0.124586","0.077638","0.511203","8.79855","3.04855","18.6444","22.2441","25.6301","0.208113","0.124745","8.96102","5.05985","25.214","27.8117","0.199245","0.128301","-0.112302","0.113619","0.420756","0.636146","0.000828018","0.00055795","0.00262973","0.000000996922","0.015193","0.012677","0.0517578","95304.6","4668.24","27023.9","95.9605","3.46243","2370.63","1901.22","8114.74","33","-108.22","8.30819","28.7142","-61.5622","7.51624","491.824","273.587","1775.31","491.824","578.769","10.4396","1.80377","77.5156","1839.19","491.761","3.74"
"30_MNTRR_RR_V3_an2","30_MNTRR_RR_V3","7.77","29.35","192","753","0.03842","2","False","18.67","19.07","22.56","23","475","486","576","588","30","STABLE","MNTRR","R","L","0.206179","0.146396","1.19763","0.349937","0.408023","2.20161","0.126583","0.122042","0.826833","0.1348","0.113332","0.864691","6.95135","4.2809","24.636","15.4701","31.4733","0.190951","0.143103","6.23747","8.24724","20.843","34.612","0.19479","0.129333","-0.152107","0.106939","0.405885","0.544043","0.00101016","0.000574504","0.00253678","0.00000135049","0.0170128","0.0125083","0.0553384","91546.4","3367.53","16603.7","93.5511","2.69447","2454.63","1654.16","6420.93","30.6585","-112.894","6.52557","27.2252","-64.8498","6.06268","500.037","269.137","2125.42","500.109","578.454","6.47423","1.11923","46.0815","1745.27","500.078","3.49"
"30_MNTRR_RR_V3_an3","30_MNTRR_RR_V3","7.77","29.35","192","753","0.03842","3","False","26.17","26.62","27.43","27.95","670","682","703","717","30","STABLE","MNTRR","R","L","0.403503","0.210935","0.904986","1.47528","0.924202","3.32047","0.152479","0.0789613","0.403118","0.321282","0.233157","1.2413","3.89346","2.13622","9.893","7.44689","10.1531","0.33592","0.156596","3.04596","2.80425","11.6073","10.658","0.224475","0.131374","-0.221323","0.0866759","0.417452","0.375432","0.00138327","0.000541725","0.00260908","0.00000220691","0.0188742","0.0115113","0.0410723","89147.6","1476.18","4942.35","92.4481","1.33137","2171.53","1196.38","4600.42","19.8375","-116.294","4.59447","4.89821","-77.0207","1.26702","500.559","263.122","1657.84","500.571","578.358","12.0276","2.07962","51.5757","405.395","500.487","0.81"
"30_MNTRR_RR_V3_an4","30_MNTRR_RR_V3","7.77","29.35","192","753","0.03842","4","True","28.45","28.67",NULL,"29.35","730","735",NULL,"753","30","STABLE","MNTRR","R","L","0.305553","0.141465","0.61765","0.985411","0.669634","2.63531","0.124194","0.0568798","0.278377","0.253036","0.184386","0.891588","3.372","1.87522","7.6243","3.54172","5.58256","0.251566","0.1897","1.42346","1.65419","4.53967","5.49667","0.170958","0.0629705","-0.181043","0.0969208","0.424795","0.460557","0.00115505","0.00055959","0.00265497","0.00000164727","0.0171225","0.0173276","0.0561109","92525.1","2241.61","9015.26","95.472","1.95782","1917.42","1155.49","4472.25","27.3047","-103.624","7.10588","7.97991","-78.1001","1.65732","509.37","280.03","1566.72","509.156","575.236","21.8508","3.79858","87.5874","346.252","509.195","0.68"
"30_TRLGL_RR_V1_an1","30_TRLGL_RR_V1","7.82","29.48","193","757","0.03834","1","False","10.54","11.04","24.22","24.59","263","276","620","630","30","STABLE","TRLGL","L","R","0.244443","0.222705","1.77308","0.325272","0.335439","3.52422","0.125745","0.0944394","0.8927","0.113015","0.0833035","0.888464","13.5677","9.49082","66.2713","38.312","80.0164","0.193541","0.141613","9.24421","19.826","49.0757","104.363","0.219534","0.173614","-0.151616","0.133339","0.434","0.801171","0.001117","0.000587166","0.0027125","0.00000159245","0.0169098","0.0123112","0.075832","91122.2","4201.48","21461.4","93.7913","2.92819","2291.43","1833.07","10385.3","52.6503","-115.926","8.6146","35.0227","-12.9278","9.46456","493.094","271.542","1813.41","493.09","570.521","7.85592","1.37697","125.429","6499.11","493.104","13.18"
"30_TRLGL_RR_V1_an2","30_TRLGL_RR_V1","7.82","29.48","193","757","0.03834","2","True","25.46","25.97",NULL,"29.48","653","666",NULL,"757","30","STABLE","TRLGL","L","R","0.330637","0.220329","1.3169","0.505092","0.429289","2.38366","0.204917","0.209441","1.52392","0.164658","0.122594","0.685105","10.646","5.56684","37.6642","23.9309","45.5299","0.277673","0.211882","8.17285","13.4748","30.1337","65.027","0.315485","0.28274","-0.16142","0.0948567","0.385283","0.51571","0.00104143","0.000533598","0.00240802","0.00000136931","0.0177836","0.0142778","0.0736246","89899.3","3351.65","17302","94.2731","3.6769","2101.73","1633.25","7386.67","47.6401","-90.6558","9.51106","16.3","-30.3757","3.73532","482.584","269.354","1824.49","482.582","569.512","7.76176","1.36288","49.4385","1693.84","482.577","3.51"
"30_TRLGL_RR_V2_an1","30_TRLGL_RR_V2","7.75","29.65","192","765","0.03821","1","False","10.84","11.23","26.47","26.83","272","283","681","691","30","STABLE","TRLGL","L","R","0.261947","0.212523","2.03148","0.439228","0.640753","5.20592","0.147133","0.123984","1.46839","0.140057","0.138107","1.45652","13.6345","8.68264","56.4847","45.8239","67.9667","0.209518","0.160864","12.535","14.8139","57.9267","89.265","0.231521","0.200084","-0.162224","0.109506","0.531216","0.821178","0.00108031","0.000573882","0.0033201","0.00000149642","0.0160461","0.0121133","0.0588301","92156.4","4183.69","24419.5","94.6472","5.03106","2436.14","1729.09","10194.4","74.8583","-106.014","12.0081","37.4795","13.0597","9.61309","490.465","271.479","1862.48","490.441","569.467","12.2809","2.15656","169.681","7474.44","490.449","15.24"
"30_TRLGL_RR_V2_an2","30_TRLGL_RR_V2","7.75","29.65","192","765","0.03821","2","True","27.43","28.3",NULL,"29.65","706","729",NULL,"765","30","STABLE","TRLGL","L","R","0.445135","0.331856","1.57124","1.03399","0.423115","2.00095","0.179616","0.130536","0.794775","0.226342","0.124942","0.833165","10.4666","5.80392","23.7193","28.5654","24.5064","0.376089","0.123123","7.43813","11.8896","28.9253","36.7757","0.413664","0.164615","-0.177252","0.0824372","0.325318","0.312915","0.00110783","0.000515233","0.00203324","0.00000149275","0.0159064","0.0114892","0.0413893","91503.9","2565.55","9306.94","95.4875","2.59272","1699.29","1451.94","5038.06","45.2713","-83.3361","9.09831","34.3748","14.4087","10.9195","489.275","276.219","1892.69","488.976","568.926","13.371","2.35021","82.7045","660.125","488.981","1.35"
"30_TRLGL_RR_V3_an1","30_TRLGL_RR_V3","7.76","29.37","192","756","0.03828","1","True","10.37","10.95",NULL,"29.37","260","275",NULL,"756","30","STABLE","TRLGL","L","R","0.244816","0.242111","1.92066","0.294787","0.351934","2.57207","0.136997","0.115996","1.06623","0.116542","0.0992405","1.05474","11.1961","7.47581","39.315","37.1273","48.4427","0.174176","0.110244","9.78701","12.7248","45.602","63.9473","0.184595","0.114083","-0.15279","0.126752","0.424393","0.845946","0.0010939","0.000585558","0.00265246","0.00000153949","0.0168547","0.0126271","0.0563937","91365.1","4070.87","26097","94.6401","3.95524","2292.25","1864.46","15364","66.6078","-86.2797","10.5279","42.1126","13.1518","8.22692","486.153","267.073","2112.44","486.182","569.343","9.47039","1.66339","163.882","8955","486.157","18.42"
"30_TRLGR_RR_V1_an1","30_TRLGR_RR_V1","7.81","28.85","194","740","0.03847","1","False","10.01",NULL,NULL,"17.79","251",NULL,NULL,"453","30","UNSTABLE","TRLGR","R","L","0.401027","0.260772","1.69601","0.870156","1.05313","5.24677","0.179346","0.125084","0.942962","0.18293","0.144089","1.06691","14.3148","10.9554","83.0297","24.0483","101.611","0.350963","0.350234","4.22669","17.144","19.6937","109.062","0.343977","0.393814","-0.131295","0.133282","0.465586","0.849424","0.00102793","0.000557347","0.00290991","0.00000136728","0.0167328","0.0126335","0.0631776","94421.3","4823.18","27798.6","94.75","3.08695","2722.28","2265.22","11491","67.2575","-139.777","10.4842","33.6358","-34.2897","8.32086","498.311","279.373","1863.47","498.359","578.378","14.484","2.50424","130.922","3877.09","498.34","7.78"
"30_TRLGR_RR_V1_an2","30_TRLGR_RR_V1","7.81","28.85","194","740","0.03847","2","True","18.63","19.17",NULL,"28.85","475","489",NULL,"740","30","STABLE","TRLGR","R","L","0.306356","0.257648","2.18523","0.303523","0.22605","1.55759","0.144583","0.112025","0.817808","0.109208","0.0688606","0.527068","9.34692","4.68112","20.6527","25.7624","32.6286","0.225413","0.113546","9.0293","8.29752","38.5367","38.1113","0.245129","0.132987","-0.159919","0.0906358","0.388261","0.623506","0.00102325","0.000522354","0.00242663","0.00000131989","0.0158246","0.0120582","0.0642925","93336.4","2637.15","13571.4","95.1418","1.83053","2179.06","1555.53","7483.86","54.1977","-133.475","10.2179","34.3594","-30.3752","8.56884","493.192","274.722","1878.37","493.2","579.289","10.3965","1.7947","107.424","4774.26","493.209","9.68"
"30_TRLGR_RR_V2_an1","30_TRLGR_RR_V2","7.72","29.02","196","749","0.03851","1","False","10.04",NULL,NULL,"11.45","256",NULL,NULL,"292","30","UNSTABLE","TRLGR","R","L","0.568013","0.272813","1.34353","1.5382","0.73777","4.13538","0.213263","0.132597","0.609361","0.272823","0.132195","0.658637","19.7954","12.7966","63.2672","10.2884","82.5076","0.798237","0.480508","3.10173","24.5815","15.303","92.329","0.782766","0.693251","-0.152381","0.0929785","0.367453","0.369522","0.000953078","0.000579968","0.00229658","0.00000124472","0.013582","0.0101424","0.0398854","95995.1","3797.95","20802.8","99.6426","2.52973","4121.28","3737.24","20802.8","47.5605","-99.0097","9.26855","17.5543","-27.1463","4.90479","491.495","274.543","1784.31","491.63","566.245","22.5505","3.98247","90.6391","693.186","491.622","1.41"
"30_TRLGR_RR_V2_an2","30_TRLGR_RR_V2","7.72","29.02","196","749","0.03851","2","False","11.91","12.22","28.57","28.91","304","312","737","746","30","STABLE","TRLGR","R","L","0.217436","0.14508","1.14537","0.21131","0.169371","1.81163","0.109217","0.0663711","0.931599","0.114556","0.116932","1.35601","14.2374","8.23824","48.4589","54.8295","51.8564","0.184353","0.0942917","15.1924","8.54808","59.157","56.096","0.189014","0.107084","-0.139302","0.123325","0.36418","0.698569","0.00103566","0.000528695","0.00227613","0.00000135212","0.0147086","0.0112893","0.0601988","93679.6","3467.44","22865.5","95.2754","1.29361","2265.88","1656.4","10061.3","65.2714","-95.4408","14.7556","37.149","-25.1568","7.67632","471.779","261.599","2066.98","471.84","579.822","6.26362","1.08027","66.8344","7713.88","471.797","16.35"
"30_TRLGR_RR_V3_an1","30_TRLGR_RR_V3","7.76","28.9","192","743","0.03831","1","True","10.34","10.99",NULL,"28.9","259","276",NULL,"743","30","STABLE","TRLGR","R","L","0.191609","0.14656","1.41084","0.185029","0.136497","1.24043","0.137797","0.151047","1.20113","0.116032","0.11719","1.14519","8.64026","3.71419","16.7685","29.8482","20.4701","0.145384","0.068712","8.10977","5.61309","32.981","20.578","0.159887","0.0823954","-0.140804","0.130521","0.444215","0.839541","0.00106023","0.000561966","0.00277634","0.0000014399","0.0169285","0.0126808","0.0824091","90925.3","4139.02","26298.1","93.4882","3.24071","2309.43","1791.64","10372.1","46.0719","-62.3901","9.30081","28.4943","-26.9667","6.62402","466.42","255.127","2040.54","466.444","579.871","5.57363","0.961184","82.0942","8353.4","466.41","17.91"
"31_MNTRL_RR_V1_an1","31_MNTRL_RR_V1","7.84","28.9","194","743","0.03834","1","False","9.99","10.85","14.16","14.69","250","272","358","372","31","STABLE","MNTRL","L","R","0.413416","0.353179","2.24261","0.631294","0.756552","4.61538","0.189002","0.143744","1.04076","0.214466","0.217202","1.47339","14.0869","6.35335","27.3245","41.5032","23.7334","0.23005","0.126249","15.4684","7.68796","42.1867","28.6447","0.222572","0.115997","0.042164","0.127045","0.284018","0.488851","0.000673542","0.000496261","0.00177511","0.000000699933","0.015542","0.0117784","0.0539698","98552.7","5126.87","23044.3","98.5971","8.69399","2822.6","2163.6","11877.1","62.9485","-43.6376","15.7483","30.5059","0.498273","7.33156","419.645","239.388","1671.09","419.605","681.892","13.4265","1.96901","68.0552","1389.09","419.666","3.31"
"31_MNTRL_RR_V1_an2","31_MNTRL_RR_V1","7.84","28.9","194","743","0.03834","2","False","18.48","19.1","22.34","22.86","471","487","572","585","31","STABLE","MNTRL","L","R","0.346703","0.260629","2.10317","0.625948","0.566355","2.85956","0.169022","0.115493","0.912453","0.203405","0.198977","1.55251","12.4268","6.16914","28.1983","30.8052","34.8325","0.231555","0.110541","11.3105","7.88684","32.8333","28.1537","0.217702","0.110217","-0.121339","0.14597","0.386405","0.634112","0.00107102","0.000510255","0.00241503","0.00000140743","0.0180985","0.0121424","0.0500271","91584","4408.16","19344.9","93.6806","2.96294","2139.28","1528.03","8455.8","56.2079","-51.2102","13.4514","40.2612","-9.30717","8.70672","408.155","222.717","1481.6","408.156","682.432","12.8804","1.88743","82.0942","1322.58","408.203","3.24"
"31_MNTRL_RR_V1_an3","31_MNTRL_RR_V1","7.84","28.9","194","743","0.03834","3","True","26.16","26.82",NULL,"28.9","671","689",NULL,"743","31","STABLE","MNTRL","L","R","0.332941","0.246717","1.25907","1.05333","0.850385","3.78332","0.156356","0.103193","0.667635","0.263104","0.203726","1.0944","9.14273","3.24903","16.4897","21.1453","15.0728","0.231826","0.123406","6.41667","5.91483","21.0803","21.472","0.200849","0.0983982","-0.163981","0.0911359","0.435404","0.517602","0.00104991","0.000522039","0.00272128","0.00000137483","0.0174811","0.0124188","0.0537371","89341.2","3227.98","15105.8","92.4547","3.80448","2725.07","2095.68","10756.3","35.0351","-62.0725","8.1435","24.1941","3.54212","6.2734","396.756","221.129","1320.35","396.76","682.998","11.1701","1.63545","58.2895","825.304","396.781","2.08"
"31_MNTRL_RR_V2_an1","31_MNTRL_RR_V2","7.71","28.8","191","741","0.03833","1","False","10.33","11.76","14.26","14.72","259","296","361","373","31","STABLE","MNTRL","L","R","0.81158","0.58483","2.97338","1.73791","1.14785","5.81103","0.344748","0.247695","1.24338","0.410675","0.267003","1.3325","16.4483","6.8907","30.0408","19.5413","32.7902","0.673625","0.427895","16.0524","11.3252","53.6303","37.2217","0.500977","0.351171","0.0198123","0.140557","0.340961","0.658217","0.000716986","0.000522492","0.00213101","0.000000787067","0.0164231","0.0138678","0.0610983","95937.3","4235.58","16421.3","92.612","7.46304","2019.71","1451.6","6111.76","161.055","-103.904","30.5098","53.8422","38.6638","14.5877","537.751","383.014","3310.99","537.772","680.191","57.6654","8.47783","492.561","1344.37","537.748","2.5"
"31_MNTRL_RR_V2_an2","31_MNTRL_RR_V2","7.71","28.8","191","741","0.03833","2","False","18.19","18.6","21.72","21.96","464","475","556","562","31","STABLE","MNTRL","L","R","0.735366","0.498978","2.82648","1.87152","1.62656","7.11715","0.274345","0.179161","1.21458","0.345448","0.223857","1.41643","23.1758","16.0979","89.4926","17.8793","128.174","0.727458","0.461247","5.73873","42.7442","26.9843","177.306","0.748812","0.525584","-0.110402","0.216741","0.529724","1.00483","0.00133593","0.000725552","0.00331078","0.00000231114","0.0239571","0.0170728","0.0954187","95832.5","6416.75","27852.2","92.7","3.42755","3290.43","2420.23","9082.08","45.0108","-115.589","9.98314","58.2064","-1.07068","19.0338","442.22","251.085","1738.35","442.31","682.696","29.4696","4.31666","175.174","1379.86","442.264","3.12"
"31_MNTRL_RR_V2_an3","31_MNTRL_RR_V2","7.71","28.8","191","741","0.03833","3","True","26.4","26.87",NULL,"28.8","678","690",NULL,"741","31","STABLE","MNTRL","L","R","0.542026","0.283952","1.75312","1.00673","0.665739","3.46589","0.238173","0.145271","1.03741","0.276411","0.196022","1.21002","8.47674","3.74469","23.682","14.7655","20.0485","0.276576","0.179078","5.2099","5.24869","18.3473","18.3943","0.21774","0.09279","-0.179989","0.126994","0.515217","0.636777","0.00117576","0.000716256","0.00322011","0.00000189544","0.0209172","0.0143513","0.0533823","92047.9","3253.45","16283.3","91.6227","3.34622","2467.71","1890.6","9255.26","38.3645","-170.721","8.98697","33.9687","-13.2306","8.1544","447.648","261.62","1654.55","447.759","684.024","17.8162","2.60461","79.0424","864.217","447.781","1.93"
"31_MNTRL_RR_V3_an1","31_MNTRL_RR_V3","7.64","28.93","188","743","0.03831","1","False","10.85","11.42","14.39","14.97","271","286","364","379","31","STABLE","MNTRL","L","R","0.427743","0.318499","1.69768","0.981188","1.11321","5.14317","0.196901","0.149294","0.836947","0.209568","0.185428","1.29105","9.60599","4.95509","19.5821","30.1949","8.72022","0.263512","0.210466","8.32489","2.00649","25.2583","8.00833","0.181271","0.118687","-0.0340348","0.147529","0.329783","0.655458","0.00079636","0.000511118","0.00206115","0.000000895431","0.0138181","0.0114837","0.0517506","95992.2","4562.35","20379.9","96.3539","6.86343","2371.75","1784.89","8339.57","63.6442","-72.9101","13.7313","36.5379","6.58744","9.34783","428.322","242.809","1932.39","428.393","682.165","15.0611","2.20784","106.203","1272.27","428.373","2.97"
"31_MNTRL_RR_V3_an2","31_MNTRL_RR_V3","7.64","28.93","188","743","0.03831","2","False","18.18","18.72","22.39","22.96","463","477","573","587","31","STABLE","MNTRL","L","R","0.335974","0.26567","1.86259","0.498224","0.522937","3.03718","0.172543","0.144401","0.899401","0.181526","0.159105","0.853488","3.7626","1.4688","11.5537","10.3594","10.861","0.163154","0.0979735","4.77776","2.2261","16.9797","8.924","0.145263","0.0755759","-0.103057","0.16798","0.453077","0.772216","0.00107788","0.000596061","0.00283173","0.00000151712","0.0163971","0.0129591","0.0686614","91257.7","4382.66","22863.5","91.7591","3.65156","2687.5","2020.47","9420.58","41.4658","-74.2821","7.97956","40.781","2.81347","8.58622","423.658","232.567","1526.03","423.559","682.89","14.1857","2.07731","90.0288","1554.24","423.498","3.67"
"31_MNTRL_RR_V3_an3","31_MNTRL_RR_V3","7.64","28.93","188","743","0.03831","3","True","26.28","26.91",NULL,"28.9","674","691",NULL,"742","31","STABLE","MNTRL","L","R","0.466574","0.282872","1.42273","0.609656","0.363586","1.82547","0.21843","0.1516","0.91972","0.174391","0.105542","0.570726","5.9116","2.24445","16.0367","7.09778","14.4172","0.222502","0.112787","1.48645","2.23407","5.51467","7.026","0.140633","0.0695029","-0.186167","0.0943053","0.391082","0.351356","0.00116355","0.000589408","0.00244427","0.00000170124","0.0197456","0.0131059","0.0527237","89449.8","1546.49","6935.18","92.5143","2.67368","1443.32","1028.86","3670.59","29.1371","-73.8883","7.83545","27.7116","2.56995","7.7415","438.183","239.669","1811.87","438.433","682.861","12.6078","1.84632","54.6274","872.244","438.313","1.99"
"31_MNTRR_RR_V1_an1","31_MNTRR_RR_V1","7.68","28.91","188","733","0.03895","1","False","10.82","11.39","14.48","14.96","268","283","362","374","31","STABLE","MNTRR","R","L","0.237502","0.149709","0.866262","0.568187","0.654815","3.10123","0.116019","0.0603823","0.346642","0.151179","0.134196","1.13779","9.64551","3.07344","16.1638","19.8918","25.0133","0.208477","0.11069","4.01243","7.80707","11.444","25.8767","0.186235","0.0948935","-0.00731088","0.143782","0.400572","0.722474","0.000759736","0.000482122","0.00250357","0.00000080964","0.0154983","0.0119634","0.0467123","96776.6","6135.98","33365.7","92.6541","7.36267","2723.17","2300.08","13661.2","33.4739","-5.25529","8.1467","32.2367","-89.7374","8.42801","404.093","210.704","1359.1","404.129","687.528","9.57841","1.39317","60.1206","1248.63","404.088","3.09"
"31_MNTRR_RR_V1_an2","31_MNTRR_RR_V1","7.68","28.91","188","733","0.03895","2","False","18.76","19.34","22.53","23.08","472","487","569","583","31","STABLE","MNTRR","R","L","0.289626","0.187471","1.13307","0.810303","0.788651","4.16988","0.143901","0.106562","1.10151","0.248824","0.229084","1.49019","4.7378","2.07769","10.5169","9.36111","12.8819","0.19992","0.114676","2.1775","5.14909","10.5053","17.978","0.180742","0.0923539","-0.143889","0.122423","0.400365","0.527821","0.0010423","0.000554791","0.00250228","0.00000139419","0.0150379","0.0130181","0.0600576","89881.1","4247.92","19844.8","90.0983","4.3961","2418.21","1799.41","8621.22","34.2269","-9.50351","7.4816","33.0675","-93.2761","8.91819","404.048","218.617","1465.63","404.048","687.411","12.4442","1.81031","68.9707","1288.83","404.022","3.19"
"31_MNTRR_RR_V1_an3","31_MNTRR_RR_V1","7.68","28.91","188","733","0.03895","3","True","26.46","26.98",NULL,"28.4","670","683",NULL,"720","31","STABLE","MNTRR","R","L","0.544111","0.334886","1.47692","1.42738","1.06428","4.17657","0.202551","0.138592","1.15588","0.301367","0.215318","1.10548","8.6606","4.92902","16.618","20.159","17.2128","0.300859","0.14718","4.00477","2.9108","11.4047","10.7163","0.147394","0.0724059","-0.186047","0.0844839","0.377195","0.356297","0.00116279","0.000528024","0.00235747","0.0000016309","0.0145523","0.0109892","0.0389144","89165.8","1587.91","7320.44","92.0793","2.97296","1573.01","1344.2","5685.49","39.2887","-5.12442","9.7303","24.32","-92.4446","7.80196","426.887","234.909","1356.12","426.998","688.053","18.6111","2.70489","95.8271","606.236","426.927","1.42"
"31_MNTRR_RR_V2_an1","31_MNTRR_RR_V2","7.63","28.85","191","747","0.03815","1","False","10.71","11.48","14.19","14.55","271","291","362","372","31","STABLE","MNTRR","R","L","0.344598","0.271965","1.60386","1.24205","1.28153","6.35939","0.141707","0.084787","0.651273","0.24448","0.197896","0.998596","13.5631","4.41318","23.8523","20.7637","34.88","0.287291","0.123956","3.34386","15.3504","13.9587","44.6583","0.261551","0.154079","0.0388492","0.142111","0.321409","0.617813","0.000763268","0.000515038","0.0020088","0.000000847842","0.0170729","0.0117875","0.0478325","97124.6","4246.63","20007","94.3605","10.0309","1815.68","1383.85","5686.19","39.0426","-66.0338","9.24255","40.7578","-107.599","11.1675","422.297","232.077","1941.97","422.321","686.917","14.6977","2.13967","106.507","1144.44","422.303","2.71"
"31_MNTRR_RR_V2_an2","31_MNTRR_RR_V2","7.63","28.85","191","747","0.03815","2","False","17.94","18.57","22.24","22.96","461","477","573","592","31","STABLE","MNTRR","R","L","0.252208","0.161849","0.901009","0.630233","0.751168","4.73391","0.11627","0.0663077","0.399292","0.162808","0.128063","0.89502","5.8131","3.58164","19.9568","15.7748","26.8379","0.193987","0.128437","3.94668","6.78256","17.834","28.582","0.180543","0.0995665","-0.159133","0.163234","0.394976","0.778243","0.0012941","0.000596089","0.0024686","0.00000203003","0.0183205","0.0144438","0.0574559","90051.3","5372.26","24964.7","89.2098","4.57868","2584.29","2099.6","11764.2","31.2117","-61.0109","6.25218","34.6814","-99.738","8.60349","416.418","224.807","1498.15","416.428","687.188","11.8882","1.72997","72.6328","1528.26","416.421","3.67"
"31_MNTRR_RR_V2_an3","31_MNTRR_RR_V2","7.63","28.85","191","747","0.03815","3","True","26.03","27.23",NULL,"28.85","673","704",NULL,"747","31","STABLE","MNTRR","R","L","0.419982","0.276957","1.5922","0.80178","0.55182","3.56728","0.172915","0.097554","0.524959","0.232194","0.161768","1.15421","6.46175","3.58738","17.6837","20.1622","13.6094","0.289963","0.159945","3.93058","5.07313","12.6427","19.387","0.213301","0.112991","-0.198595","0.0740835","0.372249","0.331769","0.00124122","0.000463022","0.00232656","0.00000175501","0.0140358","0.0116566","0.039302","87030.9","2538.98","10975.4","88.5696","3.67099","2455.17","1522","5999.88","43.801","-50.7622","9.66244","26.3211","-96.1353","6.43689","436.24","234.233","1503.16","436.352","686.515","19.8644","2.89352","90.0288","706.832","436.316","1.62"
"31_MNTRR_RR_V3_an1","31_MNTRR_RR_V3","7.6","28.95","190","746","0.03834","1","False","10.26","11.55","14.16","14.58","259","293","361","372","31","STABLE","MNTRR","R","L","0.401456","0.237315","1.21109","1.1381","0.782264","3.33913","0.164343","0.127622","0.973086","0.2779","0.262574","2.06141","7.97092","2.93497","13.6597","20.0811","12.2878","0.281305","0.12863","5.84212","5.25209","16.595","18.5547","0.185441","0.092569","0.00644093","0.148458","0.344918","0.678469","0.000797206","0.000476464","0.00215573","0.000000862555","0.0171088","0.0109727","0.0490245","96486.1","6556.19","23146.7","92.4727","7.21146","2324.64","1788.74","7728.04","40.5854","-46.3652","10.7096","31.6511","-112.953","6.69114","415.657","220.729","1811.61","415.816","688.477","13.8903","2.01754","66.8344","1085.06","415.731","2.61"
"31_MNTRR_RR_V3_an2","31_MNTRR_RR_V3","7.6","28.95","190","746","0.03834","2","False","18.22","18.76","22.4","22.87","467","481","576","588","31","STABLE","MNTRR","R","L","0.324869","0.215228","0.906961","0.698941","0.771131","4.33167","0.134307","0.077917","0.696779","0.242703","0.192252","1.09208","8.21803","3.14528","17.3265","11.5177","30.3707","0.22665","0.156039","4.45137","8.36406","17.3967","31.506","0.205143","0.106409","-0.130771","0.17369","0.552759","0.91827","0.00120107","0.000635527","0.00345475","0.00000184646","0.015746","0.0118738","0.0530774","90223.5","4933.69","26874.9","90.9645","4.05167","2741.69","2481.39","11037","34.0401","-50.0519","8.37018","37.4399","-95.3915","9.16086","420.526","227.676","1565.57","420.523","687.667","15.0793","2.19281","92.7753","1530.57","420.486","3.64"
"31_MNTRR_RR_V3_an3","31_MNTRR_RR_V3","7.6","28.95","190","746","0.03834","3","True","26.08","27.03",NULL,"28.85","672","696",NULL,"744","31","STABLE","MNTRR","R","L","0.309155","0.244794","1.18861","0.637592","0.594324","3.24154","0.142657","0.0855276","0.46693","0.21243","0.175532","0.803738","5.66154","2.52803","15.4027","12.2329","15.4059","0.23075","0.121246","3.28223","5.1454","9.85867","17.5543","0.180833","0.0792922","-0.191987","0.0872729","0.391241","0.438606","0.001212","0.000518054","0.00244526","0.00000173733","0.0126603","0.00855773","0.0321506","88439.7","2423.18","10557.1","91.9557","4.03852","1958.51","1441.69","5985.47","32.8532","-57.2047","8.81381","30.8677","-94.5635","8.32245","418.684","226.461","1315.78","418.461","687.116","15.5887","2.26871","77.8208","761.602","418.463","1.82"
"31_TRLGL_RR_V1_an1","31_TRLGL_RR_V1","7.75","29.3","193","754","0.03835","1","True","10.69","11.45",NULL,"29","269","289",NULL,"747","31","STABLE","TRLGL","L","R","0.254061","0.185329","1.52984","0.286475","0.267541","2.46297","0.159595","0.126371","1.10032","0.116285","0.088766","0.952096","6.74078","3.37243","21.0599","31.8744","19.6643","0.124758","0.0722462","6.54913","4.83028","35.9373","23.4873","0.117107","0.0717179","-0.171476","0.131309","0.504996","0.836044","0.00119915","0.000619799","0.00315623","0.00000182211","0.017838","0.0131581","0.0643416","90507","4564.2","28378.8","92.7487","5.56054","2172.93","1718.83","10317.6","62.5858","-58.9154","8.08626","46.2505","6.52616","7.39948","410.575","225.078","1582.04","410.552","683.403","9.11973","1.33446","92.4702","7205.44","410.566","17.55"
"31_TRLGL_RR_V2_an1","31_TRLGL_RR_V2","7.81","29.54","194","758","0.03847","1","False","10.31","11.62","15.03","15.35","258","293","381","389","31","STABLE","TRLGL","L","R","0.45227","0.295067","1.58313","1.03527","0.77816","4.0763","0.245738","0.200607","1.32762","0.291963","0.202833","1.27005","35.4274","30.1128","121.862","13.1622","48.1226","0.644764","0.655132","5.00611","15.5426","25.7237","64.7153","0.292569","0.259271","-0.000424181","0.133013","0.289152","0.553349","0.000712664","0.000428056","0.0018072","0.000000691122","0.014424","0.0117607","0.0442804","96767.5","3735.56","17418.1","96.6135","7.47198","2479.56","1986.24","8791.93","44.4032","-41.672","10.3155","49.5182","37.5042","11.5373","416.561","232.198","1598.93","416.504","682.175","24.3099","3.56359","121.767","1420.28","416.504","3.41"
"31_TRLGL_RR_V2_an2","31_TRLGL_RR_V2","7.81","29.54","194","758","0.03847","2","True","16.16","16.67",NULL,"29.54","411","424",NULL,"758","31","STABLE","TRLGL","L","R","0.278193","0.211775","1.6581","0.329378","0.332496","3.58865","0.177625","0.161438","1.12602","0.121583","0.0903524","0.831989","8.8839","4.56506","22.6804","30.2326","24.678","0.165892","0.104812","9.71773","5.51536","34.31","23.9787","0.155762","0.0935153","-0.179527","0.12954","0.513479","0.889016","0.00123199","0.000629833","0.00320924","0.00000191448","0.0168551","0.0128062","0.067252","91793","5879.51","40783.2","92.3971","4.15741","2417.09","1915.44","11051.8","52.0701","-42.2119","8.05817","42.7594","25.5578","8.09005","404.926","221.613","1690.05","404.929","682.794","9.30166","1.36229","76.9062","5211.62","404.943","12.87"
"31_TRLGL_RR_V3_an1","31_TRLGL_RR_V3","7.67","29.37","192","760","0.03816","1","True","10.65","11.33",NULL,"29.37","270","287",NULL,"760","31","STABLE","TRLGL","L","R","0.247183","0.203236","1.60729","0.343715","0.440915","4.03125","0.14746","0.126853","1.16177","0.119991","0.100634","0.964476","9.55588","3.74184","20.337","24.6148","25.9317","0.150084","0.0843922","7.06092","8.83032","28.092","34.5627","0.136155","0.072942","-0.162941","0.123507","0.485983","0.838846","0.00112176","0.000612059","0.00303739","0.00000163296","0.0160239","0.0122697","0.0586079","90696.9","4879.07","38278.3","93.2869","4.64426","2271.4","1898.5","17202.7","43.535","-50.3328","7.63252","37.1363","32.0885","8.30082","408.631","223.863","1759.13","408.634","682.84","8.90629","1.3043","77.5156","7371.82","408.637","18.04"
"31_TRLGR_RR_V1_an1","31_TRLGR_RR_V1","7.59","28.97","188","746","0.03828","1","True","10.1","11.45",NULL,"28.97","253","288",NULL,"746","31","STABLE","TRLGR","R","L","0.164102","0.115812","1.1766","0.236792","0.284633","3.13697","0.102344","0.0560755","0.415295","0.105855","0.0747308","1.08623","9.12773","4.99308","25.9843","37.6879","24.1713","0.129482","0.0777039","9.0227","5.04259","38.067","21.124","0.122974","0.0705071","-0.168681","0.14288","0.501728","0.966628","0.00123563","0.000618159","0.0031358","0.0000019089","0.017847","0.0146141","0.0762279","88625.6","5544.41","32453","89.4527","5.03179","1955.28","1483.03","8156.63","45.5189","-57.5448","7.64947","39.3016","-107.85","7.6936","416.06","223.304","1596","416.088","689.313","6.96984","1.01113","65.9199","7289.37","416.06","17.52"
"31_TRLGR_RR_V2_an1","31_TRLGR_RR_V2","7.64","28.61","193","741","0.03825","1","True","10.49","11.54",NULL,"28.61","267","294",NULL,"741","31","STABLE","TRLGR","R","L","0.160194","0.126216","1.44342","0.240008","0.235326","2.93589","0.094386","0.057175","0.597944","0.100782","0.0718132","0.879528","6.06089","2.57127","13.4511","17.5319","19.8413","0.11465","0.0618015","5.36949","5.06934","23.9383","23.6733","0.111982","0.0591316","-0.146746","0.151334","0.498339","0.985393","0.00116832","0.00060894","0.00311462","0.00000173579","0.0169707","0.0132038","0.0631337","89454.1","4680.16","27417.5","90.7489","4.99775","2092.32","1525.92","8676.49","40.1699","-61.2566","6.06757","40.9848","-100.193","7.36619","408.214","222.517","1609.96","408.255","689.672","7.71545","1.11871","112.307","6968.33","408.221","17.07"
"31_TRLGR_RR_V3_an1","31_TRLGR_RR_V3","7.68","28.82","190","741","0.03831","1","True","10.19","11.72",NULL,"28.82","255","295",NULL,"741","31","STABLE","TRLGR","R","L","0.196773","0.151325","1.23326","0.314589","0.360686","2.80514","0.106085","0.0635895","0.416084","0.115601","0.0906495","1.13633","9.53598","3.28078","17.4598","30.2564","21.36","0.145207","0.0801691","7.44738","6.48945","29.6257","23.4","0.136946","0.0720391","-0.167272","0.138863","0.456391","0.911192","0.00120828","0.000621509","0.00285244","0.00000184621","0.0180978","0.0128928","0.0754069","88606.7","4752.57","27606.4","89.0511","4.67536","2180.85","1730.39","11559.8","42.3743","-39.9702","7.88023","34.9666","-92.1819","7.36736","409.428","220.528","1573.8","409.435","689.754","9.24474","1.3403","92.4702","7001.27","409.431","17.1"
"32_MNTRL_RR_V1_an1","32_MNTRL_RR_V1","7.67","29.25","195","764","0.03788","1","False","10.91","11.41","14.19","14.77","280","293","367","382","32","STABLE","MNTRL","L","R","0.47479","0.48193","3.12796","0.325704","0.178513","1.00348","0.272285","0.320719","1.89796","0.110874","0.0639531","0.400177","12.4727","3.41341","18.598","30.0174","24.1287","0.239199","0.114808","13.8607","7.71468","38.672","25.9477","0.3094","0.232573","0.0709413","0.163976","0.441327","0.648521","0.000930816","0.000616835","0.0027583","0.0000012469","0.015164","0.0116033","0.048551","97884","5601.29","22290.9","96.8702","5.58509","2668.69","2072.81","12607.8","51.1823","-130.119","13.3527","42.1481","84.115","11.0297","506.912","284.31","1952.6","506.971","594.211","13.4239","2.25911","102.235","1409.18","506.9","2.78"
"32_MNTRL_RR_V1_an2","32_MNTRL_RR_V1","7.67","29.25","195","764","0.03788","2","False","18.92","19.39","22.32","22.64","491","504","581","590","32","STABLE","MNTRL","L","R","0.424177","0.307837","1.80092","0.519661","0.472126","2.48923","0.227199","0.245029","1.16668","0.138258","0.0959897","0.615052","6.41909","3.54258","19.8401","16.2834","22.2226","0.217883","0.109511","7.23141","4.78265","22.2683","23.2117","0.24741","0.127834","-0.16078","0.0821537","0.360222","0.384005","0.00101062","0.00050206","0.00225139","0.00000127342","0.013399","0.00965085","0.0400338","90258.6","3586.65","16839.2","92.8042","4.23806","2453.28","1876.86","7900.99","37.5895","-143.286","9.06711","35.2178","89.1681","9.21978","519.83","285.089","2061.77","519.932","594.082","14.215","2.39276","70.4966","1523.14","519.844","2.93"
"32_MNTRL_RR_V1_an3","32_MNTRL_RR_V1","7.67","29.25","195","764","0.03788","3","True","26.34","26.75",NULL,"29.25","687","698",NULL,"764","32","STABLE","MNTRL","L","R","0.389298","0.311691","1.74122","0.376162","0.238622","1.30588","0.229874","0.277324","2.01244","0.116848","0.0612357","0.337313","7.5473","3.27216","15.1368","18.6917","21.5673","0.230512","0.0967372","7.66","6.3687","26.471","25.453","0.286661","0.145093","-0.202601","0.0964483","0.505117","0.530159","0.00127093","0.000592888","0.00315698","0.00000196677","0.0194512","0.0143474","0.0691289","87893.1","2740.09","14643.9","90.5659","2.91188","2616.75","1760.02","8013.32","38.0361","-138.466","10.3848","36.9224","94.7281","10.5727","505.216","281.309","1726.59","505.396","593.691","8.43385","1.42058","49.4394","1263.3","505.32","2.5"
"32_MNTRL_RR_V2_an1","32_MNTRL_RR_V2","7.57","29.3","192","768","0.03769","1","False","10.65","11.1","14.35","14.94","273","285","371","387","32","STABLE","MNTRL","L","R","0.393049","0.270535","1.83154","0.592338","0.447825","1.79327","0.205806","0.228438","1.26318","0.142052","0.086786","0.494256","4.26482","1.74337","9.24723","10.6211","13.4696","0.202974","0.105859","6.48566","3.28197","19.963","11.649","0.247459","0.208855","0.0595548","0.183645","0.526027","0.778733","0.000994509","0.000683301","0.00328767","0.00000145595","0.0156984","0.0111716","0.0521394","99068.9","4151.74","20075.8","97.2533","9.19639","2300.85","1874.89","12217.4","48.3325","-82.2902","8.38342","38.6852","74.5942","10.2826","490.847","261.908","2053.14","490.938","593.963","15.5916","2.62501","109.864","1595.58","490.947","3.25"
"32_MNTRL_RR_V2_an2","32_MNTRL_RR_V2","7.57","29.3","192","768","0.03769","2","False","18.6","19.22","22.46","23.13","484","501","587","604","32","STABLE","MNTRL","L","R","0.297455","0.248602","1.71681","0.408613","0.33482","1.8242","0.171262","0.177478","1.42101","0.112296","0.077583","0.520982","4.64492","2.87869","9.93405","12.5567","15.3912","0.165275","0.0739906","5.31655","5.0733","18.797","19.4667","0.18568","0.0853548","-0.171188","0.109577","0.501676","0.643694","0.00111258","0.000613138","0.00313548","0.00000161377","0.0180293","0.0146814","0.0663908","89218.3","3179.14","14376.6","90.7498","3.80037","2192.65","1582.39","7059.78","30.2822","-78.0363","6.44577","30.3922","84.904","7.80697","485.316","261.259","1605.64","485.39","593.828","9.61358","1.61892","58.8999","1572.81","485.434","3.24"
"32_MNTRL_RR_V2_an3","32_MNTRL_RR_V2","7.57","29.3","192","768","0.03769","3","True","26.83","27.22",NULL,"29.3","702","713",NULL,"768","32","STABLE","MNTRL","L","R","0.407427","0.35142","2.29552","0.400993","0.279587","1.18401","0.199473","0.206316","1.43402","0.11842","0.0614398","0.356679","4.70927","2.21534","8.21736","8.3615","14.5603","0.18711","0.0813077","2.33785","3.57066","7.856","12.0223","0.177781","0.0975418","-0.199165","0.0973202","0.397915","0.405427","0.00124646","0.000604808","0.00248697","0.00000191945","0.0197259","0.0123978","0.0632688","88806.7","2573.09","12988.3","92.0812","2.80784","2372.92","1820.25","7470.95","30.1771","-83.3541","8.62953","38.5392","86.9701","11.0901","493.887","263.757","1784.12","493.913","593.839","14.6248","2.46276","97.0469","1027.44","493.963","2.08"
"32_MNTRL_RR_V3_an1","32_MNTRL_RR_V3","7.61","29","195","764","0.03758","1","False","10.69","11.63","14.34","14.84","276","301","374","387","32","STABLE","MNTRL","L","R","0.281446","0.256576","1.55402","0.273967","0.225281","1.15104","0.183917","0.190857","1.28589","0.111613","0.0778251","0.64099","5.0089","2.07492","12.1444","12.6868","13.7908","0.141374","0.0861527","2.96558","4.13981","8.808","14.0243","0.162574","0.223866","0.0500325","0.188326","0.421035","0.776042","0.00102195","0.000662437","0.00263147","0.00000148321","0.018459","0.0131846","0.0532413","98066.7","5355.25","20725.9","96.3255","7.64079","1904.22","1400.77","6702.97","30.2215","-84.1554","5.74897","28.8939","86.7318","7.24345","484.002","263.296","1716.38","484.056","593.647","6.1518","1.03627","30.5185","1311.6","483.986","2.71"
"32_MNTRL_RR_V3_an2","32_MNTRL_RR_V3","7.61","29","195","764","0.03758","2","False","18.56","19.09","22.35","23.02","486","500","587","605","32","STABLE","MNTRL","L","R","0.350365","0.299031","2.51123","0.446033","0.365382","1.73893","0.198582","0.19411","1.51111","0.12913","0.089424","0.599129","8.54997","3.99388","17.8752","18.7431","28.8424","0.252997","0.137436","7.93339","6.51207","29.3893","21.5417","0.291346","0.272252","-0.148975","0.106213","0.406933","0.634887","0.00100178","0.000551394","0.00254333","0.00000130761","0.0144611","0.0102458","0.0533224","90096.1","3720.12","17930.5","92.2551","3.99481","2218.22","1871.8","9464.73","44.1275","-86.5861","10.3132","40.8874","87.0397","12.6168","489.807","264.841","1663.53","489.946","593.545","9.75076","1.6428","74.1587","1597.04","489.888","3.26"
"32_MNTRL_RR_V3_an3","32_MNTRL_RR_V3","7.61","29","195","764","0.03758","3","True","26.48","26.98",NULL,"29","697","710",NULL,"764","32","STABLE","MNTRL","L","R","0.392262","0.364332","2.15193","0.367904","0.206739","1.20758","0.303469","0.410924","2.80907","0.117429","0.0868084","0.713116","6.09768","2.43895","14.2948","9.66206","20.7971","0.19568","0.0927289","3.64537","5.70936","15.8973","19.8067","0.225743","0.143485","-0.210152","0.0868067","0.419072","0.407658","0.00131345","0.000542542","0.0026192","0.0000020195","0.0145254","0.0114435","0.0411813","90030.5","2401.04","11447.7","93.2197","2.75686","1966.46","1644.38","6242.47","30.8177","-82.0129","7.31476","36.0844","83.8236","8.82047","488.778","268.267","1795.4","488.722","593.847","9.98613","1.6816","58.2895","987.177","488.701","2.02"
"32_MNTRR_RR_V1_an1","32_MNTRR_RR_V1","7.59","29.2","191","762","0.0378","1","False","11.32","11.75","14.37","14.7","289","301","370","379","32","STABLE","MNTRR","R","L","0.319593","0.176858","1.01176","0.445489","0.342034","2.17303","0.110262","0.058293","0.338827","0.145889","0.113344","0.675664","6.52853","3.52327","17.4775","10.8022","25.4939","0.234355","0.138927","4.34137","7.17398","14.4193","28.458","0.250514","0.162605","0.00307179","0.156428","0.346243","0.678689","0.000832473","0.000513031","0.00216402","0.000000956212","0.0141726","0.00930212","0.0402114","97050.9","7569.44","27154.2","93.2407","4.76714","2140.29","1576.01","9590.3","26.501","-69.2747","6.32933","30.7967","-77.3904","8.3408","466.377","245.347","1568.92","466.392","594.052","8.55737","1.44051","42.4204","1221.92","466.384","2.62"
"32_MNTRR_RR_V1_an2","32_MNTRR_RR_V1","7.59","29.2","191","762","0.0378","2","False","18.77","19.12","22.34","22.93","486","495","581","596","32","STABLE","MNTRR","R","L","0.335283","0.206612","1.31404","0.47977","0.297525","1.97451","0.119083","0.0714282","0.434053","0.156167","0.122851","0.812191","6.8685","4.27111","17.4365","8.59428","30.3064","0.201805","0.112834","4.03305","8.85886","13.1727","38.9543","0.201766","0.1233","-0.143441","0.117451","0.460946","0.723288","0.00100272","0.00058064","0.00288091","0.00000134258","0.0162288","0.0121149","0.0536722","89454.3","3707.77","18372.9","90.6514","2.86556","1901.83","1485.17","5886.25","24.3428","-75.1755","6.40296","39.5323","-81.3449","10.1759","474.712","260.513","1614.87","474.76","594.342","10.8318","1.82248","55.5429","1528.77","474.774","3.22"
"32_MNTRR_RR_V1_an3","32_MNTRR_RR_V1","7.59","29.2","191","762","0.0378","3","True","26.65","27.05",NULL,"29.2","695","705",NULL,"762","32","STABLE","MNTRR","R","L","0.262123","0.148017","0.820356","0.544725","0.409105","2.29524","0.113788","0.0639697","0.455559","0.157163","0.114815","0.715261","7.98476","3.18654","15.1809","7.03744","25.5154","0.191475","0.0685795","1.91152","8.39402","5.80033","29.2307","0.195413","0.129418","-0.203389","0.098968","0.478205","0.499511","0.00127577","0.000609023","0.00298878","0.00000199851","0.0183932","0.0136492","0.0490898","88276.4","2817.86","14036.8","90.6126","3.60402","1985.37","1596.96","7599","25.2018","-82.3754","5.90325","34.629","-87.0635","9.33418","482.992","263.687","1793.11","483.027","594.954","9.97997","1.67744","58.5947","1038.42","482.988","2.15"
"32_MNTRR_RR_V2_an1","32_MNTRR_RR_V2","7.66","29.3","194","768","0.03767","1","False","11.2","11.52","14.39","14.76","287","296","372","382","32","STABLE","MNTRR","R","L","0.350002","0.219995","1.13896","0.47538","0.250786","1.30578","0.129047","0.067419","0.418859","0.129701","0.0819517","0.529587","6.68934","2.9116","16.8395","19.6131","23.0849","0.263388","0.149111","7.49697","6.38345","24.0033","29.2893","0.288241","0.167272","0.150996","0.20541","0.537872","0.813943","0.00132273","0.000888361","0.0033617","0.00000253879","0.0165794","0.0122642","0.0606846","100712","5327.74","23630.5","98.7624","5.83989","2125.62","1972.2","9733.11","41.2349","-85.8443","10.1286","34.7231","-80.3367","9.08916","473.737","264.17","2050.18","473.847","594.661","13.3413","2.24351","86.0605","1359.79","473.793","2.87"
"32_MNTRR_RR_V2_an2","32_MNTRR_RR_V2","7.66","29.3","194","768","0.03767","2","False","18.7","19.03","22.51","22.86","487","495","588","597","32","STABLE","MNTRR","R","L","0.371079","0.216465","1.25569","0.43562","0.38173","2.17561","0.120047","0.0691636","0.361412","0.128927","0.0913058","0.600443","9.53886","4.08586","18.9617","28.2381","26.0876","0.308756","0.131302","8.75914","8.08445","29.41","36.5723","0.306664","0.13282","-0.185869","0.118686","0.46887","0.589305","0.00122048","0.000640451","0.00293044","0.00000189975","0.0192417","0.012976","0.0587932","89220.2","3367.14","17721.3","90.5287","3.79598","1986.61","1617.97","8673.52","59.1921","-81.7241","13.5029","31.4822","-80.2794","8.56017","475.759","258.276","1715.71","475.778","594.446","11.7787","1.98146","55.2378","1655.43","475.698","3.48"
"32_MNTRR_RR_V2_an3","32_MNTRR_RR_V2","7.66","29.3","194","768","0.03767","3","True","26.78","27.15",NULL,"29.3","701","711",NULL,"768","32","STABLE","MNTRR","R","L","0.291324","0.258238","1.34359","0.412381","0.334432","2.04097","0.105097","0.0682115","0.416388","0.141684","0.105959","0.593536","5.60114","3.12684","14.0981","17.9153","16.2708","0.236685","0.108216","4.21607","4.94395","17.3867","18.1807","0.213101","0.121146","-0.20704","0.0958736","0.498987","0.436154","0.001294","0.00059921","0.00311867","0.00000203349","0.0199708","0.0143479","0.0683228","88070.6","2682.23","13816.5","89.7091","3.95132","2198.42","1727.36","7758.2","33.197","-97.3062","8.44911","41.0893","-88.4694","7.96944","486.513","264.011","1608.82","486.679","594.708","12.0633","2.02843","88.8071","1046.2","486.604","2.15"
"32_MNTRR_RR_V3_an1","32_MNTRR_RR_V3","7.6","28.73","195","756","0.03766","1","False","10.99","11.35","13.53","13.77","285","294","352","358","32","STABLE","MNTRR","R","L","0.39868","0.274247","1.4757","0.864866","0.589321","2.69931","0.138349","0.0873623","0.633205","0.227381","0.226591","1.63711","6.1677","2.63523","12.9296","13.3078","19.8983","0.222928","0.0881422","6.42951","6.83723","22.4113","21.5713","0.246517","0.148438","0.0563189","0.147501","0.342206","0.600927","0.000836979","0.000522713","0.00213878","0.000000973762","0.0150841","0.0097748","0.038197","101794","4924.27","29933.6","97.1411","10.4989","2430.89","2120.38","12471.2","47.2602","-78.0506","12.2538","41.0547","-89.1124","9.15437","475.717","260.278","2051.34","475.616","594.395","8.90312","1.49785","57.9844","1036.73","475.564","2.18"
"32_MNTRR_RR_V3_an2","32_MNTRR_RR_V3","7.6","28.73","195","756","0.03766","2","False","14.26",NULL,NULL,"14.68","372",NULL,NULL,"382","32","UNSTABLE","MNTRR","R","L","0.289583","0.159991","0.690879","3.15006","1.32654","4.94209","0.102717","0.0524207","0.245921","0.474281","0.225577","1.13076","6.69714","3.63317","15.6429","7.23206","21.0145","0.636258","0.306973","2.57609","6.40525","8.61633","21.6957","0.608894","0.446541","-0.212959","0.0616555","0.299156","0.208777","0.00133099","0.000385347","0.00186973","0.00000192004","0.006756","0.00477428","0.0145632","92800.5","1331.84","4491.78","94.6218","2.54802","1339.17","1099.56","3720.11","12.4701","-60.2399","3.62401","3.33718","-92.1941","0.764771","493.895","257.665","1592.31","494.023","592.024","18.24","3.08096","59.8154","207.559","494.189","0.42"
"32_MNTRR_RR_V3_an3","32_MNTRR_RR_V3","7.6","28.73","195","756","0.03766","3","False","18.68","19.12","22.42","22.83","489","500","588","599","32","STABLE","MNTRR","R","L","0.433578","0.261891","1.84022","0.498403","0.335491","1.54653","0.145758","0.0859637","0.721478","0.153525","0.104129","0.754418","6.80728","3.3313","16.4967","13.156","28.7448","0.257004","0.139599","4.02986","6.61281","14.9513","35.7067","0.223261","0.141453","-0.176089","0.115058","0.340453","0.603957","0.00117669","0.000586306","0.00212783","0.00000172835","0.0184164","0.0121129","0.0520852","88987.6","4160.71","19371.5","90.2133","3.87362","2799.43","2130.38","12102.6","37.5069","-76.1144","7.62544","37.53","-68.3973","10.725","481.924","266.182","1670.18","481.86","594.881","17.0384","2.86418","104.371","1590.03","481.827","3.3"
"32_MNTRR_RR_V3_an4","32_MNTRR_RR_V3","7.6","28.73","195","756","0.03766","4","True","26.66","27.05",NULL,"28.5","701","711",NULL,"750","32","STABLE","MNTRR","R","L","0.408704","0.267257","1.61775","0.997991","0.819045","3.17011","0.142942","0.0854561","0.555623","0.195087","0.168098","1.16854","3.48843","1.82441","11.4988","7.93967","13.4994","0.25122","0.172745","3.5477","4.18463","11.9717","18.2903","0.216714","0.161209","-0.210103","0.109665","0.448045","0.431833","0.00131314","0.000685408","0.00280028","0.00000219412","0.0238926","0.0139953","0.0508642","87664.4","2435.14","11411.9","88.8702","3.04109","2119.19","1627.95","5807.36","35.9533","-66.3673","8.77585","38.6493","-74.5567","11.4194","473.424","261.913","1624.66","473.586","594.248","11.7343","1.97465","60.4258","686.67","473.565","1.45"
"32_TRLGL_RR_V1_an1","32_TRLGL_RR_V1","7.61","29.46","193","772","0.03771","1","True","11.25","11.89",NULL,"29.46","289","306",NULL,"772","32","STABLE","TRLGL","L","R","0.31026","0.25056","2.44131","0.337422","0.207504","1.21941","0.18605","0.210249","1.80527","0.110868","0.0632635","0.547603","10.2056","4.4604","19.2278","24.7317","35.2232","0.190547","0.0990456","9.10878","9.98611","36.2533","42.092","0.229219","0.195473","-0.144907","0.131936","0.413959","0.79116","0.00109069","0.000557305","0.00258725","0.0000015002","0.0165169","0.0116711","0.0635747","90171.1","5051.56","36466.7","91.6641","3.51644","2176","1606.59","8719.22","48.6722","-81.3338","9.86886","46.9272","78.3913","11.4927","485.451","264.319","1907.39","485.448","594.061","10.1932","1.71585","79.6518","8529.47","485.457","17.57"
"32_TRLGL_RR_V2_an1","32_TRLGL_RR_V2","7.64","29.55","193","770","0.03791","1","True","11.48","12.02",NULL,"29.55","294","308",NULL,"770","32","STABLE","TRLGL","L","R","0.358795","0.350428","4.21521","0.359944","0.249715","1.97515","0.189491","0.220874","2.23478","0.113445","0.0693474","0.50109","9.79752","5.03999","23.7554","30.6108","33.0564","0.204708","0.107738","9.12101","8.31782","37.3707","38.2187","0.23005","0.1558","-0.150041","0.146133","0.483249","0.944313","0.00116654","0.000593927","0.0030203","0.00000171356","0.0166402","0.0122036","0.0599763","90336.6","5055.1","33040.4","91.1856","4.01894","2165.3","1629.35","8952.04","50.3726","-92.7215","9.90845","47.2505","75.7902","11.5198","484.425","263.121","1804.95","484.443","594.136","12.7436","2.1449","164.493","8491.83","484.417","17.53"
"32_TRLGL_RR_V3_an1","32_TRLGL_RR_V3","7.55","29.48","193","768","0.03811","1","False","11.22","11.86","15.77","16.16","289","306","408","418","32","STABLE","TRLGL","L","R","0.273273","0.276631","2.62964","0.4832","0.388414","1.78257","0.184466","0.248176","1.56912","0.126465","0.0792309","0.575533","9.57134","5.44165","21.0176","19.8879","33.9183","0.174045","0.0715447","4.16957","8.07699","14.8257","28.6407","0.17788","0.168168","0.024344","0.161397","0.42264","0.759134","0.000830763","0.000592052","0.0026415","0.00000104069","0.0134293","0.0105126","0.0490096","97244","5276.21","21652.8","93.8815","5.72286","1845.62","1439.96","7471.85","42.7138","-92.3021","8.85855","34.4352","84.9238","10.4245","488.534","266.184","1831.85","488.542","593.756","7.5249","1.26734","41.5049","1910.29","488.566","3.91"
"32_TRLGL_RR_V3_an2","32_TRLGL_RR_V3","7.55","29.48","193","768","0.03811","2","True","16.87","17.27",NULL,"29.48","437","448",NULL,"768","32","STABLE","TRLGL","L","R","0.414577","0.348782","2.52719","0.426083","0.306004","1.91254","0.193627","0.228861","1.5987","0.120471","0.0729062","0.545503","14.6802","7.38752","31.3006","36.9034","51.0895","0.253867","0.121597","11.307","13.9523","50.783","54.4923","0.289992","0.199073","-0.192724","0.0913362","0.536147","0.625074","0.00121191","0.000555002","0.00335092","0.00000177675","0.0161068","0.0121318","0.0698465","89257.6","2775.5","16362.7","91.1732","3.22382","2058.79","1527.9","7507.74","59.8173","-81.4283","11.5804","52.5411","76.1101","15.1631","485.388","263.724","1792.77","485.374","594.189","15.2402","2.56487","177.005","5926.56","485.386","12.21"
"32_TRLGR_RR_V1_an1","32_TRLGR_RR_V1","7.86","28.87","195","751","0.03778","1","False","12.33","12.75","18.72","19.07","313","324","482","491","32","STABLE","TRLGR","R","L","0.430309","0.403106","3.7541","0.463777","0.364226","2.26441","0.143883","0.117305","1.00431","0.136393","0.0950149","0.818919","10.4575","5.21753","25.7876","22.853","41.6458","0.251885","0.114862","7.77735","10.8174","31.928","47.7213","0.285488","0.14702","-0.114968","0.153887","0.397311","0.719773","0.00105259","0.00057743","0.00248319","0.00000144136","0.0170203","0.0117514","0.0484472","92965.5","4392.62","22279.5","93.7531","3.48229","2059.5","1490.79","7476.49","57.5556","-64.9189","10.4431","47.9788","-89.9146","12.5609","475.289","262.742","1826.92","475.289","595.154","14.7748","2.48252","139.162","2837.45","475.285","5.97"
"32_TRLGR_RR_V1_an2","32_TRLGR_RR_V1","7.86","28.87","195","751","0.03778","2","True","19.35","19.73",NULL,"28.87","499","509",NULL,"751","32","STABLE","TRLGR","R","L","0.269168","0.181062","1.25983","0.336249","0.219895","1.51561","0.104715","0.0597446","0.494655","0.123247","0.0870849","0.61593","6.41037","4.88017","25.3487","27.7134","28.7516","0.171356","0.0900631","6.70761","5.2125","36.1597","28.371","0.163026","0.100833","-0.18625","0.091864","0.405101","0.558547","0.00118001","0.000540619","0.00253188","0.00000168469","0.0169666","0.0119899","0.0555051","89216.5","2836.88","19564.7","91.3412","3.68322","2157.31","1622.66","9305.98","55.3129","-69.6362","9.19291","45.8156","-95.0451","9.2063","473.305","256.434","1831.71","473.317","595.125","9.98246","1.67737","69.581","4326.14","473.319","9.14"
"32_TRLGR_RR_V2_an1","32_TRLGR_RR_V2","7.61","29.36","192","766","0.03786","1","False","11.79",NULL,NULL,"12.33","302",NULL,NULL,"316","32","UNSTABLE","TRLGR","R","L","0.201187","0.0528623","0.296828","1.50589","0.391341","2.34679","0.0814107","0.0337459","0.187459","0.251286","0.134381","0.678296","4.76548","2.43998","11.3808","7.35567","12.8238","0.399859","0.154072","1.11064","3.96463","4.17233","13.6783","0.270777","0.114816","0.00129508","0.111346","0.226657","0.393717","0.000564092","0.000407625","0.0014166","0.000000484357","0.0115215","0.0106796","0.0421497","102394","4668.42","19140.3","105.377","6.30994","2976.16","2203.43","7724.88","10.7327","-79.2199","2.65863","7.67439","-103.098","2.43416","473.329","256.145","1393.51","473.336","591.765","9.37263","1.58384","33.2651","255.622","473.373","0.54"
"32_TRLGR_RR_V2_an2","32_TRLGR_RR_V2","7.61","29.36","192","766","0.03786","2","False","12.71","13.2","23.06","23.36","326","339","600","608","32","STABLE","TRLGR","R","L","0.302956","0.220924","1.38711","0.32951","0.21201","1.46986","0.117951","0.0772991","0.893825","0.111924","0.0851854","1.13548","10.0086","5.25305","23.9819","24.3681","36.5257","0.176129","0.1037","6.73575","8.643","24.4467","39.5727","0.169671","0.105674","-0.150674","0.116082","0.46243","0.689516","0.00105221","0.000553222","0.00289019","0.00000141319","0.0164678","0.0134351","0.082325","89596.9","3475.98","23729.7","90.6892","3.23241","1981.02","1651.34","8183.35","51.733","-69.8919","9.68206","47.0866","-92.7523","11.3083","474.991","259.427","1995.8","475.025","595.4","10.518","1.76654","83.3139","4683.74","475.024","9.86"
"32_TRLGR_RR_V2_an3","32_TRLGR_RR_V2","7.61","29.36","192","766","0.03786","3","False","23.9","24.28","25.37","25.65","622","632","661","668","32","STABLE","TRLGR","R","L","0.344842","0.236772","1.07225","0.469411","0.252029","1.25642","0.11607","0.0634086","0.382641","0.172216","0.156711","1.04646","3.64194","1.33327","6.35812","3.7305","11.1153","0.223984","0.0734046","1.00953","3.92309","3.503","12.9447","0.207928","0.0750735","-0.213595","0.0982607","0.390513","0.352195","0.00133497","0.000614129","0.00244071","0.0000021593","0.0177977","0.0121618","0.0417092","86584","2848.63","10575.3","86.0529","3.47261","1918.33","1213.07","5108.27","17.7815","-62.8638","4.85367","34.3569","-101.337","10.4112","492.806","263.034","1759.72","492.917","594.156","10.3951","1.74956","47.9136","537.32","492.955","1.09"
"32_TRLGR_RR_V2_an4","32_TRLGR_RR_V2","7.61","29.36","192","766","0.03786","4","True","26.49","26.74",NULL,"29.36","690","697",NULL,"766","32","STABLE","TRLGR","R","L","0.291544","0.164497","0.952008","0.462871","0.295197","1.54106","0.11057","0.0571142","0.389627","0.135929","0.104241","0.946188","10.3051","4.1948","21.2663","17.4481","30.9595","0.21088","0.105336","3.72757","13.4718","10.652","41.9723","0.212566","0.0883144","-0.174235","0.101292","0.394163","0.489919","0.00112756","0.000561466","0.00246352","0.00000158664","0.0202","0.013974","0.0659495","87790.4","2002.85","10145.6","89.3823","2.99574","1813.62","1473.8","6650.84","26.9417","-70.2766","7.19675","35.2757","-79.9479","9.57053","473.765","254.863","1587.98","473.699","594.889","13.1342","2.20784","72.938","1241.02","473.671","2.62"
"32_TRLGR_RR_V3_an1","32_TRLGR_RR_V3","7.65","29.1","194","760","0.03786","1","False","11.7","12.84","13.3","13.63","300","331","343","351","32","STABLE","TRLGR","R","L","0.259305","0.222093","0.91898","0.500807","0.195191","0.870726","0.105802","0.0517663","0.244193","0.11478","0.0513137","0.253427","3.63084","1.76987","6.87248","8.53067","8.61394","0.32356","0.0721089","1.54233","2.17414","4.568","7.21333","0.232622","0.101466","0.18784","0.0957339","0.365215","0.323539","0.001174","0.000598337","0.0022826","0.00000173628","0.0144653","0.0127687","0.0440153","101817","3073.28","8708.26","96.3953","2.30863","2143.18","1232.66","4427.52","22.5815","-71.5363","8.19479","19.1225","-60.4455","4.70548","469.643","257.786","1476.17","470.008","591.971","8.84033","1.49337","37.5376","216.165","469.923","0.46"
"32_TRLGR_RR_V3_an2","32_TRLGR_RR_V3","7.65","29.1","194","760","0.03786","2","False","14.13","14.49","19.18","19.46","365","374","498","505","32","STABLE","TRLGR","R","L","0.447492","0.350586","2.54582","0.588249","0.894293","5.27261","0.144953","0.0998435","1.00625","0.155532","0.13857","1.03871","8.53236","5.48089","27.1238","32.3737","32.1013","0.253611","0.18396","7.14802","8.92432","40.6017","35.668","0.251072","0.260643","-0.177649","0.0803087","0.37307","0.377042","0.0011107","0.00050105","0.00233169","0.00000148471","0.0148436","0.0114021","0.0516572","89140.7","2254.06","9732.6","90.7987","3.21501","2058.38","1525.13","6969.8","72.6551","-65.5052","10.9751","47.6881","-57.867","10.5949","482.502","268.51","2280.93","482.528","595.546","21.7693","3.65535","228.274","2263.2","482.559","4.69"
"32_TRLGR_RR_V3_an3","32_TRLGR_RR_V3","7.65","29.1","194","760","0.03786","3","True","20.12","20.4",NULL,"29.1","523","530",NULL,"760","32","STABLE","TRLGR","R","L","0.429794","0.304909","2.12954","0.375844","0.225706","1.26307","0.131572","0.0808907","0.777747","0.126008","0.0790814","0.670284","8.11079","3.36218","14.6549","25.1717","23.72","0.219518","0.104209","7.7716","7.08853","30.0803","27.6547","0.216735","0.112032","-0.192636","0.101069","0.438642","0.616811","0.00122103","0.000598039","0.00274151","0.00000184857","0.0166131","0.0125671","0.0521806","89251.6","3503.97","22321.4","90.413","3.35592","2286.84","1643.21","7561.38","54.5793","-64.6647","9.55155","43.329","-61.6808","10.2365","470.703","258.957","1938.21","470.742","596.105","13.4472","2.25584","90.6382","4095.23","470.716","8.7"
"35_MNTRL_RR_V1_an1","35_MNTRL_RR_V1","7.63","29.06","195","764","0.03765","1","False","9.84083","10.19","11.46","11.6033","253","262","296","300","35","STABLE","MNTRL","L","R","1.04154","0.857298","4.22681","1.00346","0.605746","2.67786","0.434567","0.37377","1.88916","0.226983","0.116348","0.571984","7.50511","3.00781","16.7471","9.77528","23.0091","0.390765","0.176361","4.29053","10.012","12.155","35.7403","0.406373","0.202458","-0.0774893","0.0965213","0.356463","0.436039","0.000561231","0.000532442","0.00222789","0.000000598475","0.0137466","0.0098077","0.0398638","100639","5507.76","25092.3","106.073","3.78033","6033.18","5387.65","22214.8","42.0616","-36.629","11.436","44.8634","53.024","15.9812","402.934","227.572","1648.01","402.961","743.842","26.7816","3.60044","158.389","511.698","402.912","1.27"
"35_MNTRL_RR_V1_an2","35_MNTRL_RR_V1","7.63","29.06","195","764","0.03765","2","False","12.06","12.2","13.99","14.64","312","316","363","381","35","STABLE","MNTRL","L","R","1.4767","1.02399","4.50594","1.03919","0.442552","2.15558","0.578376","0.474788","2.22326","0.262353","0.128008","0.764419","11.7889","7.36113","34.0761","41.2758","31.2234","0.478353","0.240633","13.7606","6.03723","46.3493","28.5627","0.431463","0.298905","0.183885","0.124754","0.484919","0.586023","0.00118604","0.000722566","0.00303075","0.00000192879","0.0154783","0.01114","0.0402329","100548","4541.41","21053.6","89.9621","4.02486","2265.58","1828.8","8878.7","112.745","0.631482","27.1813","39.5075","44.2966","11.1464","417.927","242.083","1776.5","417.808","743.819","27.6004","3.71063","163.272","747.737","417.73","1.79"
"35_MNTRL_RR_V1_an3","35_MNTRL_RR_V1","7.63","29.06","195","764","0.03765","3","False","15.05",NULL,NULL,"15.43","392",NULL,NULL,"402","35","UNSTABLE","MNTRL","L","R","1.72364","0.553254","3.1338","8.44665","5.98867","16.2937","0.667848","0.351132","1.554","0.788751","0.384219","1.56416","27.4648","15.4157","58.347","53.0407","83.1047","2.74877","0.639853","9.37064","11.6123","32.0817","41.3767","1.41388","0.246428","-0.196022","0.0882698","0.34494","0.292975","0.00122513","0.000551686","0.00215588","0.00000180531","0.0202723","0.0150105","0.0421263","90470.1","1443.09","5350.77","93.595","0.66534","1604.61","965.722","3527.1","41.3364","-31.7974","9.66112","19.6861","52.999","7.10651","414.842","225.076","1235.87","415.509","722.346","37.7636","5.22791","123.903","157.933","415.614","0.38"
"35_MNTRL_RR_V1_an4","35_MNTRL_RR_V1","7.63","29.06","195","764","0.03765","4","False","18.1558","18.83","22.07","22.49","474","492","578","589","35","STABLE","MNTRL","L","R","1.75891","1.09289","7.05043","1.20743","0.593266","3.0703","0.642913","0.452755","2.50024","0.278453","0.145965","0.843081","15.5403","6.98192","35.6528","58.4113","22.1644","0.449948","0.181177","19.9292","5.8625","71.5823","26.5487","0.444861","0.185226","-0.105574","0.15392","0.378358","0.74798","0.00102189","0.000562645","0.00236474","0.00000136083","0.0159038","0.0123518","0.0610322","94116.8","5555.25","31538.3","93.1516","3.49845","3011.02","2384.26","8972.25","92.2634","0.925263","23.3591","38.7958","45.573","11.5312","409.866","233.312","1669.76","409.967","746.411","23.5661","3.15726","134.584","1328.21","409.942","3.24"
"35_MNTRL_RR_V1_an5","35_MNTRL_RR_V1","7.63","29.06","195","764","0.03765","5","True","25.8508","26.68","28.34","28.48","678","700","744","748","35","STABLE","MNTRL","L","R","0.557428","0.449531","1.71378","0.489427","0.29561","1.5068","0.363565","0.304859","1.36506","0.135613","0.0773127","0.385975","9.09092","2.72453","19.6862","19.7601","25.0875","0.361125","0.13733","8.23069","9.99549","25.7257","34.7943","0.431193","0.169344","-0.170922","0.116219","0.433308","0.527053","0.00112393","0.000636853","0.00270818","0.00000166879","0.0237876","0.0142349","0.0566831","92657.6","3194.09","15279.3","93.5471","4.45546","3150.08","2256.53","9624.67","60.6666","-46.417","15.8508","32.5503","58.9847","8.36843","397.042","212.455","1390.91","397.118","743.685","11.5587","1.55424","79.6518","659.164","397.087","1.66"
"35_MNTRL_RR_V2_an1","35_MNTRL_RR_V2","7.65","28.7","192","751","0.03765","1","False","10.6933",NULL,NULL,"12.605","272",NULL,NULL,"323","35","UNSTABLE","MNTRL","L","R","0.968917","0.745836","4.01846","1.41937","1.21572","4.71178","0.431866","0.336318","1.86388","0.280038","0.173248","0.828916","8.84735","4.73843","26.3592","15.3043","31.2048","0.469005","0.324668","4.7467","9.49282","17.002","34.3153","0.342169","0.23203","0.119371","0.229365","0.617656","0.801335","0.00129027","0.000973065","0.00386035","0.00000261164","0.0152493","0.0116126","0.0471837","99883.3","5249.35","19913.2","97.7349","6.28803","3088.85","2751.09","14260","37.6425","-38.9739","9.24927","40.6505","51.3533","13.429","404.18","225.828","1284.73","404.297","744.568","28.0728","3.77035","196.841","772.9","404.306","1.91167"
"35_MNTRL_RR_V2_an2","35_MNTRL_RR_V2","7.65","28.7","192","751","0.03765","2","False","13.01","13.05","14.03","14.66","334","335","361","378","35","STABLE","MNTRL","L","R","0.882384","0.544787","2.57212","1.4574","1.28145","5.90239","0.309599","0.248955","1.34408","0.268457","0.134261","0.706547","10.6903","5.20318","29.0732","23.0616","30.1501","0.623096","0.321203","6.66524","8.06521","22.6233","29.1957","0.427141","0.258294","0.189773","0.233848","0.559517","0.644538","0.00142469","0.00123011","0.00349698","0.00000354291","0.0145041","0.0132662","0.0468698","99319.2","3741.17","13894.5","92.8648","1.5101","3288.57","2009.51","7375.75","49.0441","-17.7503","13.0407","27.6062","35.4083","7.52237","388.304","223.579","1652.35","388.337","743.545","28.1054","3.77992","97.353","380.637","388.405","0.98"
"35_MNTRL_RR_V2_an3","35_MNTRL_RR_V2","7.65","28.7","192","751","0.03765","3","False","18.6808","18.95","19.2","19.35","484","492","498","502","35","STABLE","MNTRL","L","R","0.332093","0.107936","0.53235","1.21206","0.375871","1.80724","0.135777","0.059222","0.268002","0.272221","0.0993896","0.446542","3.38742","1.54723","5.63037","6.83428","4.28044","0.511517","0.115962","1.65629","2.7333","5.87833","8.853","0.441237","0.15616","-0.191986","0.128201","0.467683","0.443436","0.00119991","0.000801256","0.00292302","0.0000020818","0.0191731","0.0165142","0.0496701","90293.6","1679.95","4485.62","95.8433","2.14363","1987.31","1240.73","3890.28","10.4537","-30.851","3.34042","2.65874","69.8522","0.684568","372.751","211.536","1167.06","373.882","730.296","36.5986","5.01147","94.9106","93.462","373.848","0.25"
"35_MNTRL_RR_V2_an4","35_MNTRL_RR_V2","7.65","28.7","192","751","0.03765","4","False","19.79",NULL,NULL,"20.7633","514",NULL,NULL,"540","35","UNSTABLE","MNTRL","L","R","1.10536","0.950001","4.50523","2.40864","1.74285","7.03516","0.382512","0.323693","1.59021","0.391282","0.184706","0.890444","10.758","5.08195","24.607","29.6383","16.905","0.727852","0.363375","12.5611","5.3292","36.5057","18.4463","0.578033","0.194227","-0.173625","0.138433","0.423188","0.506735","0.00119065","0.000713087","0.00264492","0.00000192615","0.0241339","0.0179934","0.0841194","92375.5","4768.14","18727.2","91.6841","3.45768","3702.46","2732.9","10096.8","73.1901","-15.9554","21.7343","43.584","56.0942","17.9864","404.951","231.284","1373","405.089","735.754","35.5539","4.83231","156.558","394.292","405.096","0.97333"
"35_MNTRL_RR_V2_an5","35_MNTRL_RR_V2","7.65","28.7","192","751","0.03765","5","False","21.02","21.11","22.13","22.2","547","549","576","578","35","STABLE","MNTRL","L","R","1.09585","0.93061","4.14479","1.28751","1.03986","4.22382","0.498489","0.362548","1.67781","0.254913","0.126506","0.70538","7.51339","4.26759","21.4835","7.63483","27.3601","0.556944","0.256214","2.67394","7.11667","11.5837","26.4107","0.461765","0.219056","-0.11341","0.115409","0.372769","0.545304","0.000835762","0.000569384","0.00232981","0.0000010227","0.0206389","0.0130173","0.0565466","93025","3837.82","13004.1","94.1419","4.34788","2801.89","1855.63","6569.19","48.187","-13.9541","13.5627","41.3797","52.3494","13.2438","412.934","234.942","1618.33","412.911","738.366","21.627","2.92904","97.353","421.296","413.035","1.02"
"35_MNTRL_RR_V2_an6","35_MNTRL_RR_V2","7.65","28.7","192","751","0.03765","6","True","26.1708","26.44","27.05","27.2","683","691","707","711","35","STABLE","MNTRL","L","R","0.99643","0.731075","2.57924","1.69571","0.634972","3.24558","0.419932","0.300884","1.15123","0.283379","0.156489","0.722767","5.09474","2.07916","10.9698","10.4441","9.06883","0.444239","0.133864","2.08563","2.6685","7.152","9.95367","0.302385","0.15095","-0.165866","0.102091","0.31962","0.316609","0.00103666","0.000638067","0.00199763","0.0000014818","0.0237154","0.0136723","0.0423054","93172.4","3685.23","17326","94.7278","3.75278","3299.09","3116.84","11313.7","23.0839","-34.589","6.80401","23.6897","62.1979","7.27292","395.633","210.546","1189.88","395.866","737.327","13.0252","1.76654","53.7119","241.459","395.834","0.61"
"35_MNTRL_RR_V3_an1","35_MNTRL_RR_V3","7.58","29.22","193","765","0.03778","1","False","10.0717","10.41","11.36","11.4717","258","267","293","296","35","STABLE","MNTRL","L","R","0.651233","0.438065","2.30692","1.081","0.625106","3.21448","0.33443","0.260759","1.3382","0.232034","0.148634","0.654669","4.40641","2.17229","10.4045","13.2406","8.78544","0.300051","0.153681","3.58926","2.89633","10.7763","9.599","0.264948","0.15978","0.0302742","0.0757092","0.181979","0.311576","0.000432296","0.000269859","0.00113737","0.000000259703","0.0129502","0.00873248","0.0343191","108478","6866.74","29157.9","113.839","3.59164","7662.97","6019.94","25174.8","44.3679","-38.638","13.0288","29.511","60.5651","7.70601","390.727","221.924","1348.92","390.881","739.838","13.6814","1.84925","66.8344","371.254","390.794","0.95"
"35_MNTRL_RR_V3_an2","35_MNTRL_RR_V3","7.58","29.22","193","765","0.03778","2","False","11.81","11.97","12.38","12.5","304","309","320","323","35","STABLE","MNTRL","L","R","0.649283","0.339249","1.55599","0.952254","0.391734","2.047","0.364171","0.205728","0.994691","0.243347","0.118318","0.572948","3.54214","1.70019","8.20014","7.15539","9.47539","0.413983","0.114793","1.88152","3.70272","7.06733","12.641","0.358511","0.123182","0.257213","0.140799","0.474518","0.490176","0.00162389","0.000849518","0.00296574","0.00000335871","0.0219405","0.0137969","0.0457891","104092","2704.07","10000.2","95.2792","3.48656","2596.09","1551.05","5608.02","13.213","-28.1139","3.63811","8.90002","65.5329","2.33712","399.136","222.959","1215.63","399.376","733.035","16.3133","2.22544","70.1914","163.724","399.326","0.41"
"35_MNTRL_RR_V3_an3","35_MNTRL_RR_V3","7.58","29.22","193","765","0.03778","3","False","13.01","13.32","14.02","15.02","336","344","363","389","35","STABLE","MNTRL","L","R","1.23966","0.628878","3.67029","1.19855","0.400038","2.12212","0.44938","0.375948","1.71263","0.272824","0.13431","0.710149","7.62414","4.62763","19.9905","23.7874","20.4294","0.55514","0.225157","5.96213","6.91882","20.7037","22.283","0.456126","0.206809","-0.0765045","0.0846997","0.239517","0.364297","0.00059771","0.000389369","0.00149698","0.000000508866","0.0141091","0.0111809","0.0427416","92583","2301.7","8097.03","91.7019","2.61781","1638.27","1270.93","4866.89","44.0416","-21.1035","11.7852","30.5504","37.6917","8.49632","413.513","236.305","1462.35","413.612","744.357","27.9413","3.75376","135.195","289.525","413.608","0.7"
"35_MNTRL_RR_V3_an4","35_MNTRL_RR_V3","7.58","29.22","193","765","0.03778","4","False","18.5575",NULL,NULL,"19.05","483",NULL,NULL,"496","35","UNSTABLE","MNTRL","L","R","0.736256","0.408505","2.15291","2.52149","0.88918","4.62912","0.36174","0.250297","1.07455","0.37595","0.139478","0.8359","6.65937","3.08076","16.4319","9.34667","20.2292","0.790379","0.296361","3.29993","3.6754","10.272","14.3453","0.49643","0.26265","-0.123448","0.0635953","0.197591","0.177304","0.000771551","0.000397471","0.00123495","0.000000753273","0.0151569","0.00911448","0.0293317","93454.3","4292.58","17134.5","96.7428","4.07766","2800.7","2503.15","9290.11","45.1565","-32.747","13.1334","22.042","59.4318","7.2577","398.533","219.076","1319.5","398.277","735.58","30.0945","4.09126","109.56","196.161","398.297","0.4925"
"35_MNTRL_RR_V3_an5","35_MNTRL_RR_V3","7.58","29.22","193","765","0.03778","5","False","19.32",NULL,NULL,"19.79","503",NULL,NULL,"516","35","UNSTABLE","MNTRL","L","R","0.468234","0.374989","1.78345","3.43861","1.43905","6.24829","0.246246","0.22544","1.36953","0.416332","0.158932","0.69871","4.45734","1.69502","9.51706","6.43294","10.0995","0.570963","0.13871","0.651282","2.07354","2.20267","7.045","0.298434","0.17149","-0.199797","0.142418","0.435193","0.561992","0.00136195","0.000704793","0.00271996","0.00000235163","0.0176998","0.00831988","0.0316433","92358.4","3225.83","10245.1","91.3248","2.51403","3243.29","2387.58","9289.64","34.5101","-43.9268","8.86494","13.7454","63.5603","4.21173","409.786","219.842","1349.25","409.909","731.268","28.5798","3.90825","91.5537","192.641","409.874","0.47"
"35_MNTRL_RR_V3_an6","35_MNTRL_RR_V3","7.58","29.22","193","765","0.03778","6","False","20.02","20.18","22.41","22.87","522","526","585","597","35","STABLE","MNTRL","L","R","1.14966","0.888468","4.57885","1.0665","0.554093","3.80133","0.46343","0.349636","1.86507","0.26606","0.142381","0.936708","9.81017","3.25304","19.4033","28.3254","30.2491","0.430896","0.189069","8.7399","8.22639","31.5977","32.203","0.410486","0.160211","-0.148181","0.103379","0.383278","0.483205","0.000969832","0.000578464","0.00239549","0.00000127519","0.0184194","0.0120731","0.0475573","92643.1","3306.9","14674.8","93.4303","3.94399","2597.97","2041.57","8232.33","76.8248","-30.6529","18.684","41.7832","50.1357","15.0523","415.301","231.866","1489.65","415.333","743.649","25.0053","3.36251","156.862","926.221","415.346","2.23"
"35_MNTRL_RR_V3_an7","35_MNTRL_RR_V3","7.58","29.22","193","765","0.03778","7","False","26.18","26.51","27.16","27.25","685","694","711","713","35","STABLE","MNTRL","L","R","1.08341","0.776572","3.72565","2.15058","0.968671","4.70176","0.451001","0.33094","1.49519","0.383351","0.184586","0.866259","3.33159","2.26159","10.2971","4.34144","7.67289","0.440946","0.228782","1.11924","2.57223","3.90533","8.34333","0.285087","0.195528","-0.203392","0.121662","0.386593","0.416348","0.00129187","0.000724727","0.0024162","0.00000219415","0.0175652","0.010317","0.0345722","91815.5","2806.35","8922.6","92.554","3.79225","2714.65","1241.45","5705.23","28.3265","-29.702","7.66355","31.6387","56.0581","11.2439","415.742","217.157","1262.2","416.145","732.925","30.718","4.19115","123.598","270.476","416.117","0.65"
"35_MNTRL_RR_V3_an8","35_MNTRL_RR_V3","7.58","29.22","193","765","0.03778","8","True","27.46","27.59","29.11","29.22","719","722","762","765","35","STABLE","MNTRL","L","R","0.806376","0.648325","3.41119","0.983659","0.944179","4.555","0.426792","0.316581","1.69023","0.207749","0.132919","0.766486","6.16492","3.18856","16.5338","7.95633","23.7762","0.325127","0.227651","2.85876","9.22506","9.12567","32.0057","0.290569","0.0805474","-0.197565","0.0939171","0.435116","0.43181","0.00123478","0.000586982","0.00271947","0.00000186923","0.0183217","0.0122762","0.0530778","90997.9","2568.55","10577.5","95.2287","4.1006","2932.9","2029.75","8241.25","40.8347","-30.0707","10.2212","39.5433","55.6802","11.5911","400.25","222.24","1426.35","400.269","739.751","23.7651","3.21258","123.598","608.279","400.183","1.52"
"35_MNTRR_RR_V1_an2","35_MNTRR_RR_V1","7.59","28.96","194","759","0.03776","2","False","11.3","11.47","12.77","12.9067","292","296","331","335","35","STABLE","MNTRR","R","L","0.687278","0.603896","3.12925","1.19926","0.845876","4.10671","0.219808","0.190397","0.911693","0.322105","0.245929","1.36545","11.2364","6.46096","26.8878","11.4331","44.0084","0.421782","0.122917","4.64281","19.4443","15.2653","64.4073","0.543008","0.189574","0.191477","0.180192","0.456671","0.656621","0.00144264","0.000786933","0.00285419","0.00000270049","0.0185252","0.0118074","0.0419897","102145","3526.56","15465.3","98.1049","6.22343","2133.22","1665.48","6138.8","18.9438","-104.757","4.28461","43.5212","-82.4833","15.1184","392.469","214.288","1376.91","392.395","749.876","18.739","2.49895","103.456","510.018","392.322","1.3"
"35_MNTRR_RR_V1_an3","35_MNTRR_RR_V1","7.59","28.96","194","759","0.03776","3","False","13.61",NULL,NULL,"13.92","353",NULL,NULL,"361","35","UNSTABLE","MNTRR","R","L","0.845405","0.473441","1.81346","4.25936","1.13045","6.27608","0.280897","0.127573","0.554564","0.701452","0.269753","1.15154","5.04399","1.9652","9.79661","8.31972","11.2283","0.820015","0.252909","1.54484","3.91515","5.15067","12.6913","0.562627","0.223187","0.260611","0.0645953","0.34441","0.231623","0.00162882","0.000403721","0.00215256","0.00000281604","0.0100576","0.00408098","0.0178559","102998","2719.85","9024.92","94.6744","3.22852","1792.26","1886.46","6044.64","38.488","-94.9071","14.3046","11.3606","-86.8821","4.24031","421.183","236.534","1297.76","420.692","716.211","46.1436","6.44274","142.215","130.37","420.549","0.31"
"35_MNTRR_RR_V1_an4","35_MNTRR_RR_V1","7.59","28.96","194","759","0.03776","4","False","14.28",NULL,NULL,"14.67","371",NULL,NULL,"381","35","UNSTABLE","MNTRR","R","L","1.05039","0.181961","1.47676","3.49729","1.08905","5.64419","0.200079","0.0782923","0.404477","0.567542","0.307379","1.23475","8.591","4.53336","18.4029","4.84778","28.9822","0.866932","0.2428","2.44158","8.36118","7.00133","26.936","0.747584","0.5657","-0.168976","0.11544","0.299409","0.375725","0.00114282","0.000574337","0.00187131","0.0000016359","0.0284785","0.0166887","0.057278","92852.7","1012.42","3648.4","95.2945","0.850108","926.412","799.228","2918.52","12.784","-109.053","3.70343","6.61858","-80.1944","1.78799","372.459","197.389","1318.42","372.645","740.275","18.2121","2.46018","71.1069","145.326","372.632","0.39"
"35_MNTRR_RR_V1_an5","35_MNTRR_RR_V1","7.59","28.96","194","759","0.03776","5","False","17.9867",NULL,NULL,"18.32","469",NULL,NULL,"478","35","UNSTABLE","MNTRR","R","L","0.615693","0.219722","1.12796","2.71793","0.677367","4.06533","0.144113","0.0682986","0.303297","0.856815","0.486134","1.8238","11.1074","6.26407","23.6985","6.05567","41.4018","1.30326","0.266684","3.30041","13.5794","11.3277","44.955","1.40943","0.578617","0.155337","0.239857","0.465952","0.67715","0.00150547","0.000960961","0.0029122","0.00000318988","0.0199781","0.0155395","0.0539669","98682","4450.69","12036.8","92.8019","4.44927","2299.78","2096.9","6881.01","24.2724","-90.4396","8.01718","7.67945","-87.82","2.88967","382.389","206","1146.57","382.195","739.094","19.7198","2.6681","63.7827","127.401","382.208","0.33333"
"35_MNTRR_RR_V1_an6","35_MNTRR_RR_V1","7.59","28.96","194","759","0.03776","6","False","18.56",NULL,NULL,"20.5667","484",NULL,NULL,"537","35","UNSTABLE","MNTRR","R","L","0.777977","0.53007","2.60123","1.78519","0.996762","4.82004","0.256473","0.18002","0.93327","0.370095","0.242288","1.52972","17.3336","4.94899","37.672","36.9631","49.4794","0.589057","0.240296","12.1402","19.2068","38.0203","74.066","0.669171","0.216508","-0.214847","0.16988","0.675899","0.85479","0.00139776","0.000988264","0.00422437","0.0000029304","0.0205177","0.0145956","0.0549508","91177.6","4514.9","19830.5","90.8908","4.16273","2646.19","2113.41","9508.2","67.5547","-91.135","15.091","43.6864","-80.6576","14.9932","403.857","223.422","1494","403.919","747.521","21.7348","2.90759","115.358","810.363","403.835","2.00667"
"35_MNTRR_RR_V1_an7","35_MNTRR_RR_V1","7.59","28.96","194","759","0.03776","7","False","21.13","21.24","21.56","21.69","552","555","563","567","35","STABLE","MNTRR","R","L","1.01216","0.650172","2.24954","8.88167","5.63434","15.8464","0.358262","0.232591","1.0344","0.839793","0.417981","1.67412","17.1744","8.67365","36.8897","40.2797","41.0942","2.12728","0.577947","8.33145","9.23717","26.9587","30.081","1.29491","0.406097","-0.171741","0.109165","0.333424","0.336594","0.00107779","0.000675304","0.0020839","0.00000161766","0.0230534","0.00943229","0.0364814","89439.2","2074.02","6632.99","90.804","2.78976","2728.02","1648.84","5698.43","27.9217","-84.3508","8.36894","10.7246","-68.6787","2.96967","453.086","260.458","1311.43","453.5","692.197","40.5294","5.85519","143.74","145.136","453.551","0.32"
"35_MNTRR_RR_V1_an8","35_MNTRR_RR_V1","7.59","28.96","194","759","0.03776","8","False","22.61",NULL,NULL,"23.15","591",NULL,NULL,"606","35","UNSTABLE","MNTRR","R","L","0.996715","0.405794","1.78961","3.59607","2.62549","8.81234","0.283089","0.188078","0.979308","0.438969","0.182848","1.02648","18","9.85659","36.9226","42.1812","53.6725","1.31072","0.17453","11.2221","10.3287","36.8013","34.8927","1.07342","0.374936","-0.206199","0.0696936","0.329992","0.206996","0.00128874","0.000435585","0.00206245","0.00000185059","0.0146829","0.00878698","0.034194","89594.1","2532.78","9960.28","91.8904","4.0829","2399.64","1461.88","4484.81","28.0578","-106.003","6.49802","14.3417","-63.2084","3.64734","391.357","202.131","1091.38","391.25","749.392","13.1485","1.75456","53.1015","211.313","391.32","0.54"
"35_MNTRR_RR_V1_an9","35_MNTRR_RR_V1","7.59","28.96","194","759","0.03776","9","False","26.0833","26.52","27.74","27.8","683","695","727","729","35","STABLE","MNTRR","R","L","0.726896","0.475693","2.73499","3.72677","4.73338","15.8879","0.212742","0.148014","0.842405","0.377077","0.302746","1.23841","19.7789","14.3204","61.1894","82.1302","46.0263","0.893509","0.559685","21.0803","10.9654","71.3753","40.1343","0.744011","0.179156","-0.186632","0.111721","0.402322","0.447368","0.00119323","0.000651439","0.00251451","0.00000184816","0.0202192","0.0121212","0.0524093","89136.7","3435.37","15205","91.6012","4.06859","2758.91","1940.33","7530.77","57.0493","-94.4712","11.5023","20.112","-61.6257","4.4559","389.169","220.403","1256.22","389.257","740.507","23.1257","3.12296","95.8271","474.857","389.227","1.22"
"35_MNTRR_RR_V1_an10","35_MNTRR_RR_V1","7.59","28.96","194","759","0.03776","10","True","28.21","28.28","28.89","28.96","740","741","758","759","35","STABLE","MNTRR","R","L","1.17733","0.935258","3.22425","5.75201","3.11937","11.7521","0.321571","0.223732","1.21995","0.716306","0.413087","1.64152","18.038","9.81082","41.2643","42.4051","54.4736","1.27383","0.3618","5.56442","15.3215","17.804","54.2957","0.948288","0.379345","0.108893","0.317013","0.753404","1.05834","0.0016422","0.00130079","0.00470878","0.00000438887","0.0246269","0.0163539","0.0548208","98834.8","7624.75","21874.7","91.0179","2.77641","2634.25","2061.34","8894.21","39.9392","-98.5319","13.8033","28.1212","-86.4579","10.5807","403.16","222.669","1199.21","403.115","733.034","33.0488","4.5085","109.865","245.869","403.065","0.61"
"35_MNTRR_RR_V2_an1","35_MNTRR_RR_V2","7.53","28.76","197","756","0.03791","1","False","10.4983","10.82","10.95","11.03","275","283","287","289","35","STABLE","MNTRR","R","L","0.616973","0.273952","0.967611","3.58055","0.713065","4.55053","0.298807","0.128121","0.546727","0.908852","0.300111","1.35121","1.22725","0.727655","2.93816","1.95633","0.777444","0.373259","0.200403","0.471223","1.2548","1.35","3.61767","0.342825","0.142195","0.0479831","0.0412544","0.101181","0.106175","0.000312379","0.000242565","0.000632381","0.000000156418","0.0096257","0.00336011","0.0132707","108524","2670.51","6911.36","114.666","2.57015","4545.26","2194.82","6911.36","8.63622","-55.4964","2.62728","1.8432","-82.3526","0.378779","372.36","200.945","1066.65","373.42","709.116","28.044","3.95478","80.8725","48.5234","373.257","0.13"
"35_MNTRR_RR_V2_an2","35_MNTRR_RR_V2","7.53","28.76","197","756","0.03791","2","False","11.34",NULL,NULL,"12.7758","297",NULL,NULL,"335","35","UNSTABLE","MNTRR","R","L","0.523457","0.365931","1.83535","2.07401","1.52839","5.49978","0.19136","0.103483","0.643","0.369015","0.21424","1.12877","6.63961","3.38983","17.6857","8.81906","16.8765","0.412044","0.252311","1.9438","9.90988","9.67767","31.6273","0.348153","0.170229","0.0811898","0.150635","0.340851","0.614142","0.000878575","0.000609884","0.00213032","0.00000114385","0.016365","0.0120332","0.040198","103097","3009.05","13324.6","100.497","10.5087","2559.21","1644.86","6696.35","37.9908","-68.0592","7.45055","19.823","-78.3074","5.17512","376.318","205.406","1153.71","376.359","747.149","17.91","2.39712","88.1977","540.392","376.362","1.43583"
"35_MNTRR_RR_V2_an3","35_MNTRR_RR_V2","7.53","28.76","197","756","0.03791","3","False","13.01",NULL,NULL,"13.29","341",NULL,NULL,"348","35","UNSTABLE","MNTRR","R","L","0.562422","0.284052","1.29449","2.77325","1.05769","5.2359","0.249189","0.117133","0.464603","0.576989","0.180768","0.921792","3.41324","1.60131","8.9211","5.60411","8.45944","0.659399","0.396459","0.995066","4.0941","3.29833","12.9427","0.535533","0.319318","0.00202079","0.0771361","0.134146","0.237142","0.000421983","0.000233476","0.000838411","0.00000023258","0.0164462","0.00778937","0.0293561","99314.9","1209.15","3879.69","95.124","0.955599","1449.34","497.962","2503.83","35.9811","-98.8673","12.029","3.73874","-74.3131","0.979143","431.754","247.197","1310.37","432.013","715.28","49.6684","6.94391","148.929","120.941","431.932","0.28"
"35_MNTRR_RR_V2_an4","35_MNTRR_RR_V2","7.53","28.76","197","756","0.03791","4","False","13.87",NULL,NULL,"14.06","364",NULL,NULL,"369","35","UNSTABLE","MNTRR","R","L","0.5075","0.111276","0.695406","4.82612","1.04297","6.18867","0.182511","0.0973946","0.465667","0.597265","0.301494","1.3575","4.45282","2.41984","8.64223","4.64244","5.16622","0.843748","0.169855","2.85687","1.17883","9.20767","3.85667","0.551958","0.164619","0.195195","0.0601164","0.267707","0.151577","0.00121997","0.000375727","0.00167317","0.00000162949","0.00886258","0.00799413","0.0227931","98944.8","1048.39","2637.59","93.5713","0.812961","611.863","410.705","1075.92","17.3809","-51.2443","5.28037","6.5135","-81.445","2.08197","394.713","199.397","1133.55","395.334","746.316","18.9164","2.53464","58.2886","75.1227","395.383","0.19"
"35_MNTRR_RR_V2_an5","35_MNTRR_RR_V2","7.53","28.76","197","756","0.03791","5","False","18.595","18.9","20.63","20.6675","488","496","542","543","35","STABLE","MNTRR","R","L","0.71811","0.46147","2.53295","1.86423","1.24851","4.86469","0.228798","0.146952","0.81553","0.455045","0.28713","1.62141","11.5067","5.24009","27.6262","28.1172","31.8994","0.477684","0.274849","9.22693","17.2213","28.146","61.796","0.542823","0.191242","-0.175171","0.117622","0.431256","0.544756","0.0011604","0.000626514","0.00269535","0.00000173905","0.0177098","0.0140549","0.0684348","91573.9","3823.67","17318.8","92.2076","3.44373","3121.38","2461.4","8780.38","61.3059","-54.7405","12.1924","45.8197","-72.3611","14.4423","382.385","204.911","1184.07","382.27","746.249","23.6434","3.16829","104.372","661.289","382.248","1.73"
"35_MNTRR_RR_V2_an6","35_MNTRR_RR_V2","7.53","28.76","197","756","0.03791","6","False","21.86","21.86","22.41","22.78","574","574","589","599","35","STABLE","MNTRR","R","L","0.513453","0.282193","1.38259","2.61055","1.2261","4.95927","0.265409","0.192895","0.883912","0.563711","0.474076","2.24594","6.14023","2.31653","13.7281","6.98778","17.8079","0.617811","0.259789","2.88154","3.79003","9.45667","12.965","0.363671","0.145066","-0.188256","0.0932877","0.326853","0.321206","0.0011766","0.000583048","0.00204283","0.00000172434","0.0194427","0.0116526","0.047868","93580.8","2991.96","10649.3","93.0055","4.24527","2170.26","1866.34","6229.35","34.9519","-43.079","9.61726","6.78279","-83.0687","1.5333","397.647","218.393","1103.54","397.849","744.402","25.0425","3.36411","108.339","218.809","397.835","0.55"
"35_MNTRR_RR_V2_an7","35_MNTRR_RR_V2","7.53","28.76","197","756","0.03791","7","True","26.2533","26.7","28.61","28.71","690","702","753","755","35","STABLE","MNTRR","R","L","0.602481","0.418578","2.19398","1.23478","1.15504","5.98897","0.196727","0.12917","0.851317","0.30948","0.240253","1.30415","10.2613","4.84696","33.311","12.2332","41.4036","0.439953","0.322547","2.2772","15.5945","7.00833","58.3613","0.420677","0.233205","-0.186863","0.113924","0.428297","0.511126","0.00121446","0.000629314","0.00267686","0.00000187096","0.0186381","0.0109573","0.057279","92116.6","3813.3","18336.1","92.8123","3.19028","2958.31","2345.84","8500.65","32.3774","-76.1329","6.55112","27.9297","-75.0801","8.29364","384.505","216.741","1586.54","384.308","746.515","16.0613","2.1515","75.0742","733.952","384.268","1.91"
"35_MNTRR_RR_V3_an1","35_MNTRR_RR_V3","7.68","29.07","195","762","0.0377","1","False","10.2775","10.67","11.74","11.9092","263","274","302","307","35","STABLE","MNTRR","R","L","0.931675","0.632638","2.76854","1.47974","0.729792","3.31928","0.264405","0.201351","1.28784","0.554974","0.371734","1.47477","3.75488","2.23681","12.7941","5.61589","15.7272","0.317771","0.179684","2.46348","5.40334","9.176","19.6403","0.355864","0.134557","-0.0309861","0.0893313","0.219601","0.381041","0.000473216","0.000353969","0.00137251","0.000000349227","0.00967251","0.00788727","0.0263268","101623","5267.15","22461.9","111.676","3.58977","5029.04","5585.76","18558.4","21.5592","-61.8689","5.88197","37.985","-38.2327","11.1825","384.195","204.876","1329.75","383.96","749.584","13.6037","1.81484","60.4248","410.748","383.877","1.07"
"35_MNTRR_RR_V3_an2","35_MNTRR_RR_V3","7.68","29.07","195","762","0.0377","2","False","12.93","12.93","13.72","13.84","334","334","355","358","35","STABLE","MNTRR","R","L","0.476577","0.400666","1.66428","1.0564","0.856949","4.44524","0.182437","0.119028","0.616715","0.362501","0.282302","1.19416","6.0266","3.79501","16.4824","3.36506","26.1702","0.361145","0.214711","1.06209","9.37052","3.04667","31.5863","0.409674","0.107858","0.0864542","0.135442","0.302832","0.498559","0.000857613","0.000522539","0.0018927","0.00000100855","0.0138098","0.0121251","0.0561651","98554.4","3813.52","12306.7","90.4355","0.657745","2175.02","1716.87","6319.54","17.8812","-72.2897","4.88831","18.5422","-48.5174","3.83961","382.94","210.338","1083.21","382.823","744.947","21.8292","2.93031","88.5019","302.432","382.825","0.79"
"35_MNTRR_RR_V3_an3","35_MNTRR_RR_V3","7.68","29.07","195","762","0.0377","3","False","14.24",NULL,NULL,"15","369",NULL,NULL,"389","35","UNSTABLE","MNTRR","R","L","0.831046","0.323473","1.42672","3.32827","1.96442","6.25459","0.195822","0.102547","0.546733","0.417524","0.160888","0.851059","14.3953","7.73137","38.5721","19.1571","51.3345","1.06058","0.399763","8.21362","14.1379","23.9437","52.8473","0.975563","0.689926","-0.0864065","0.160452","0.328165","0.565834","0.0010199","0.000507056","0.00205103","0.00000129731","0.0159346","0.01194","0.046659","90751.4","3163.59","12526.3","90.5062","4.36884","1891.22","1078.26","3936.62","31.1034","-64.1845","8.82045","19.1419","-32.0941","5.39418","380.879","195.287","1052.56","380.727","745.427","31.7768","4.26289","114.748","289.364","380.743","0.76"
"35_MNTRR_RR_V3_an4","35_MNTRR_RR_V3","7.68","29.07","195","762","0.0377","4","False","18.8483","19.09","20.95","21.0108","491","497","547","548","35","STABLE","MNTRR","R","L","0.795853","0.598329","3.5306","1.3373","1.00941","4.37128","0.258394","0.191779","1.53556","0.312394","0.209231","0.92328","10.4887","6.12268","34.4846","19.5802","37.9966","0.431411","0.280128","5.95079","10.2006","19.2887","43.116","0.413855","0.277463","-0.211066","0.104018","0.44911","0.442322","0.00131916","0.000650115","0.00280694","0.00000216283","0.0178349","0.0143259","0.066191","89381.4","3029.67","13015.9","90.2843","3.22133","2375.92","1768.46","7564.11","51.7857","-39.1418","10.1075","39.6206","-32.321","12.9047","383.82","216.96","1364.22","383.684","748.273","19.1546","2.55984","122.683","713.655","383.685","1.86"
"35_MNTRR_RR_V3_an5","35_MNTRR_RR_V3","7.68","29.07","195","762","0.0377","5","False","21.41","21.52","22.29","22.86","559","562","582","597","35","STABLE","MNTRR","R","L","0.806222","0.441619","2.31964","2.15908","0.789732","3.79778","0.256646","0.167625","1.0397","0.50185","0.261133","1.21433","4.68315","2.91571","13.547","7.10922","13.7256","0.43445","0.208271","2.19638","5.11274","6.74667","17.6363","0.411904","0.142274","-0.161509","0.194093","0.466196","0.658112","0.00130217","0.000891554","0.00291373","0.00000249052","0.017065","0.0107586","0.0367263","94973.5","4516.74","18723.9","90.9132","3.04909","4427.3","2559.05","9095.98","45.0596","-36.6001","14.2499","29.4761","-42.0866","10.1146","390.079","212.227","1340.65","389.907","747.916","21.8969","2.92772","93.996","300.17","389.831","0.77"
"35_MNTRR_RR_V3_an6","35_MNTRR_RR_V3","7.68","29.07","195","762","0.0377","6","False","26.5833","26.86","27.84","27.95","696","703","729","732","35","STABLE","MNTRR","R","L","0.675511","0.364709","1.76092","1.51757","0.937829","3.62091","0.226438","0.119655","0.607808","0.360507","0.227032","1.46727","6.196","3.50976","17.0922","20.2162","11.0069","0.399372","0.171539","4.37326","4.33392","14.3467","16.664","0.319401","0.151598","-0.166677","0.0931628","0.341679","0.41344","0.00107495","0.000518375","0.00213549","0.00000142424","0.0169165","0.0141094","0.0518421","89604.3","3024.44","9823.48","92.0432","3.40889","2575.42","2311.95","8366.46","36.0888","-45.3412","8.10988","24.4886","-45.7814","6.40827","378.905","214.895","1360.2","379.284","746.188","21.3615","2.86275","80.5683","371.643","379.227","0.98"
"35_MNTRR_RR_V3_an7","35_MNTRR_RR_V3","7.68","29.07","195","762","0.0377","7","True","28.23","28.36","28.73","28.81","740","743","753","755","35","STABLE","MNTRR","R","L","0.747069","0.485719","1.90721","3.37216","0.549939","4.44267","0.261536","0.13708","0.563469","0.649804","0.298907","1.33039","3.83913","1.45172","9.09699","6.29906","6.81233","0.591803","0.267648","3.30647","2.40035","10.3267","7.79533","0.432068","0.0819241","-0.155481","0.0637626","0.299267","0.234847","0.000971755","0.000398516","0.00187042","0.00000110312","0.0112247","0.00753001","0.0280977","91868.8","2957.93","12260.2","93.5388","3.1083","2686.03","1803.33","5335.87","42.3126","-23.8861","11.368","13.5377","-47.5066","4.28704","385.497","221.112","1327.14","385.928","728.613","30.2993","4.15848","83.3139","142.765","385.851","0.37"
"35_MNTRR_RR_V4_an1","35_MNTRR_RR_V4","7.53","29.11","193","764","0.03774","1","False","10.6408",NULL,NULL,"11.22","275",NULL,NULL,"290","35","UNSTABLE","MNTRR","R","L","0.903749","0.233091","1.33906","4.61323","4.47563","12.792","0.238539","0.171198","1.13702","0.468627","0.226987","0.977963","17.2526","10.105","39.8064","33.3982","61.782","1.34827","0.369132","3.99418","16.5489","14.506","52.3837","0.968495","0.34972","-0.0401585","0.0746885","0.181952","0.285138","0.000418771","0.000324857","0.0011372","0.000000280901","0.0162454","0.0139173","0.0393775","96628.2","4707.34","18908","103.494","3.06512","4621.32","4124.37","16442.6","41.737","-17.7512","16.2348","28.6401","-34.1352","10.4885","404.733","215.473","1276.27","404.054","737.429","23.76","3.222","75.6845","233.997","404.022","0.57917"
"35_MNTRR_RR_V4_an2","35_MNTRR_RR_V4","7.53","29.11","193","764","0.03774","2","False","11.9","11.92","14.67","15.0792","308","309","382","393","35","STABLE","MNTRR","R","L","0.708948","0.524453","2.97484","2.64013","1.88395","11.2678","0.242481","0.19547","1.09288","0.43973","0.266326","1.29794","18.6787","4.16681","33.7163","39.6434","55.5643","0.592273","0.29074","20.1552","17.8579","55.2297","73.7827","0.60113","0.30761","0.116521","0.154412","0.527344","0.720039","0.000897628","0.000809937","0.0032959","0.00000146173","0.0171687","0.0113654","0.0564595","100286","4227.29","18959.6","96.3293","2.63712","2048.42","1374.73","5293.16","76.6614","-14.1925","22.7125","38.9367","-40.4382","11.9773","369.382","205.673","1403.08","369.453","751.17","26.4983","3.5276","150.759","1015.89","369.414","2.75"
"35_MNTRR_RR_V4_an3","35_MNTRR_RR_V4","7.53","29.11","193","764","0.03774","3","False","18.2425","18.6","21.13","21.21","476","486","553","555","35","STABLE","MNTRR","R","L","0.611358","0.461266","2.61349","0.877592","0.809842","5.50699","0.207813","0.156813","1.11397","0.247787","0.193247","1.18701","13.6086","6.27118","38.6029","19.4875","51.981","0.412087","0.265362","5.48901","17.247","22.046","61.9887","0.445382","0.249677","-0.201913","0.152046","0.613885","0.740932","0.00133282","0.000848042","0.00383678","0.00000249558","0.0197946","0.0141238","0.0574739","94096.3","4952.91","23190.1","92.2077","3.33942","2974.57","2249.82","8950.64","28.8133","-31.0043","7.9815","45.1225","-42.6151","14.4133","366.231","202.295","1406.19","366.388","748.287","15.9645","2.13347","97.0478","926.823","366.333","2.53"
"35_MNTRR_RR_V4_an4","35_MNTRR_RR_V4","7.53","29.11","193","764","0.03774","4","False","21.66","21.78","22.41","22.9325","567","570","587","601","35","STABLE","MNTRR","R","L","0.604669","0.265458","1.28329","2.10553","1.2702","4.2878","0.151327","0.095427","0.478462","0.524564","0.330806","1.36559","5.53987","2.79672","13.8921","3.08022","19.8966","0.45714","0.214389","2.50053","4.02409","7.01133","14.4153","0.289762","0.0601904","-0.0751179","0.151601","0.315602","0.525423","0.00089358","0.000565418","0.00197251","0.00000111818","0.0210037","0.0125327","0.0408903","93092.9","3781.17","12430.3","90.2711","3.53241","3047.91","2286.68","7326.81","34.1265","-31.231","12.3985","29.9664","-50.5667","9.96106","378.756","211.376","1235.14","378.687","743.918","17.479","2.34958","61.3413","238.536","378.629","0.63"
"35_MNTRR_RR_V4_an5","35_MNTRR_RR_V4","7.53","29.11","193","764","0.03774","5","False","26.4625","26.74","27.31","27.47","694","701","717","721","35","STABLE","MNTRR","R","L","0.873615","0.764907","2.80182","2.73529","1.81802","6.01051","0.312449","0.21131","1.0037","0.487882","0.274771","1.50293","5.81084","1.8236","11.1397","10.4553","9.78","0.507237","0.121674","3.82963","6.3033","12.7207","19.656","0.515118","0.185764","-0.151066","0.117254","0.358374","0.382053","0.000961576","0.000709838","0.00223983","0.0000014285","0.0230784","0.0174684","0.0616707","87867.3","2735.58","9375.01","90.111","2.92559","2409.57","2214.64","9375.01","33.1147","-51.5352","10.7282","31.937","-55.9966","8.39079","390.486","222.388","1409.97","390.103","742.628","29.4787","3.96952","92.7753","222.3","389.999","0.57"
"35_MNTRR_RR_V4_an6","35_MNTRR_RR_V4","7.53","29.11","193","764","0.03774","6","True","27.95","28.05","28.63","28.71","734","736","752","754","35","STABLE","MNTRR","R","L","1.0327","0.464515","2.20438","2.65509","1.45015","6.19693","0.286111","0.171269","0.840612","0.568691","0.3299","1.59333","6.13303","3.14995","17.6163","7.76617","17.0234","0.676744","0.342197","3.42362","5.38288","9.64867","20.665","0.573497","0.275097","-0.0930816","0.168382","0.372186","0.653533","0.00104377","0.000597085","0.00232616","0.00000144597","0.0217079","0.0145391","0.0547343","91899","5668.61","19447.8","91.6539","3.7198","2803.49","1867.93","6508.42","52.3744","-25.5273","14.9826","31.5677","-49.1836","11.3948","392.823","215.836","1188.6","393.119","731.751","22.9674","3.13869","96.7426","227.988","393.083","0.58"
"35_TRLGL_RR_V1_an1","35_TRLGL_RR_V1","7.62","29.73","192","777","0.03779","1","False","10.29","11.09","12.33","12.52","262","283","316","321","35","STABLE","TRLGL","L","R","0.59379","0.35672","1.623","0.562583","0.258631","1.22916","0.247475","0.174729","0.777312","0.146558","0.0809078","0.475433","4.39796","2.11703","10.6346","9.9695","12.5861","0.234452","0.087548","3.91354","7.14164","13.9487","22.1697","0.263768","0.116591","0.0815892","0.190142","0.399697","0.586498","0.00105885","0.00074238","0.0024981","0.0000016723","0.0147775","0.0115534","0.0468833","102272","4559.5","19665.4","105.321","6.79036","3797.11","3277.33","10597.3","45.0338","-45.0626","11.3048","28.6227","42.2071","7.89726","385.085","205.974","1234.71","385.307","746.535","14.5069","1.94324","66.8344","477.686","385.23","1.24"
"35_TRLGL_RR_V1_an2","35_TRLGL_RR_V1","7.62","29.73","192","777","0.03779","2","False","12.9","13.15","16.29","16.46","331","338","421","425","35","STABLE","TRLGL","L","R","0.801974","0.595048","3.22313","0.674496","0.488187","2.50184","0.364643","0.272817","1.33152","0.17863","0.106906","0.6838","12.2112","4.88943","22.9316","25.8709","27.4528","0.238761","0.10351","9.86615","11.5643","27.51","38.6747","0.263305","0.096168","-0.0691499","0.165695","0.339235","0.665615","0.000973815","0.000557607","0.00212022","0.00000125924","0.0157812","0.0118054","0.0519553","94073.7","3882.13","17822.2","93.0808","2.88022","1928.46","1830.09","8230.14","51.8079","-28.0566","12.9242","42.7708","34.7755","12.8178","392.117","218.353","1362.75","392.214","747.207","15.8557","2.122","100.71","1231.5","392.196","3.14"
"35_TRLGL_RR_V1_an3","35_TRLGL_RR_V1","7.62","29.73","192","777","0.03779","3","False","16.89","17.14","17.78","19.38","437","443","460","503","35","STABLE","TRLGL","L","R","1.05079","0.569959","2.47498","1.36294","0.50041","2.20265","0.393019","0.296309","1.21896","0.285812","0.13751","0.628077","9.35661","4.58488","18.1385","21.4227","25.4714","0.583605","0.10733","5.11655","9.23671","19.2713","28.6043","0.585185","0.103246","-0.173118","0.0932407","0.404163","0.384688","0.00108199","0.000582754","0.00252602","0.0000015103","0.0149019","0.0136334","0.0386544","92441.3","2309.07","8778.97","94.5683","4.17476","2638.29","1953.96","7147.17","33.4294","-37.7662","8.7942","37.507","18.8075","12.2409","403.184","223.757","1396.52","403.582","742.66","15.9866","2.15262","60.1206","258.225","403.476","0.64"
"35_TRLGL_RR_V1_an4","35_TRLGL_RR_V1","7.62","29.73","192","777","0.03779","4","False","20.47","20.91","22.45","22.67","532","543","584","590","35","STABLE","TRLGL","L","R","0.886508","0.817825","3.72611","0.70929","0.471368","2.07414","0.396401","0.332976","1.37832","0.199282","0.143213","0.647424","7.90471","4.33111","17.0579","14.1598","25.0874","0.307159","0.139368","5.44481","7.6189","18.0553","28.602","0.27409","0.125058","-0.190248","0.0994197","0.424659","0.467368","0.00120426","0.000591361","0.00265412","0.00000179994","0.0151577","0.0114278","0.0414114","89950.6","2752.98","12797.3","91.566","4.3232","2829.95","1925.61","8240.45","37.4621","-21.6787","7.83985","40.9155","35.9255","11.8819","388.126","212.821","1439.94","388.215","746.476","18.8765","2.52875","119.02","597.743","388.145","1.54"
"35_TRLGL_RR_V1_an5","35_TRLGL_RR_V1","7.62","29.73","192","777","0.03779","5","False","23.1","23.35","27.73","28.02","601","608","724","731","35","STABLE","TRLGL","L","R","0.683546","0.598271","3.76851","0.679769","0.397652","1.83037","0.31273","0.273134","1.52123","0.156354","0.0900588","0.587808","7.5932","3.96026","15.3302","25.8119","14.56","0.23608","0.0941373","9.23224","6.14587","36.1097","22.6293","0.204098","0.0990411","-0.140371","0.182301","0.661871","1.19233","0.00119508","0.000799788","0.0041367","0.00000206788","0.0199309","0.0147513","0.066896","94155.4","5673.06","35155.1","93.7156","4.26394","3410.26","2889.23","18149.9","53.6175","-12.4532","11.0385","34.8795","39.3015","9.48459","371.198","207.264","1332.8","371.284","747.909","14.5684","1.94789","101.625","1626","371.234","4.38"
"35_TRLGL_RR_V1_an6","35_TRLGL_RR_V1","7.62","29.73","192","777","0.03779","6","False","28.33",NULL,NULL,"28.48","740",NULL,NULL,"744","35","UNSTABLE","TRLGL","L","R","0.189044","0.0903015","0.369904","0.892335","0.625261","1.91228","0.116215","0.0847389","0.283808","0.197968","0.116543","0.530597","0.867181","0.479656","1.93099","0.748889","2.02128","0.230634","0.0829767","0.551953","0.101357","1.71667","0.347","0.122791","0.0181225","-0.145129","0.134042","0.27271","0.349798","0.00109978","0.000561327","0.00170444","0.0000015246","0.0261407","0.0189286","0.0578523","91338.9","1731.67","4051.6","94.7918","1.68901","2327.4","1552.78","3928.53","6.91883","-28.6328","1.90315","0.961473","47.2288","0.183053","376.593","211.102","1021.87","376.169","730.925","6.21984","0.850955","22.583","56.417","376.113","0.15"
"35_TRLGL_RR_V1_an7","35_TRLGL_RR_V1","7.62","29.73","192","777","0.03779","7","True","28.8","29.22",NULL,"29.73","752","763",NULL,"777","35","STABLE","TRLGL","L","R","0.676202","0.34496","1.92724","0.360286","0.269108","1.12713","0.30537","0.236322","1.09482","0.122239","0.0648799","0.343353","2.06988","0.894088","3.61224","3.45878","4.86917","0.182591","0.0701821","1.11393","1.89079","2.86333","5.86033","0.136665","0.0633885","-0.169032","0.117457","0.30867","0.423459","0.00115354","0.000569502","0.00192919","0.000001655","0.0209395","0.0154242","0.064462","90143.7","2368.47","9218.23","92.0463","3.88696","2050.67","1697.06","5849.12","11.4608","-22.5898","3.5238","21.1588","31.0141","6.75672","386.138","199.523","1140.4","386.839","747.494","11.639","1.55706","49.4394","197.252","386.769","0.51"
"35_TRLGL_RR_V2_an1","35_TRLGL_RR_V2","7.63","29.75","196","784","0.03758","1","False","9.94","10.44","11.49","11.64","257","270","298","302","35","STABLE","TRLGL","L","R","1.13823","0.859897","3.96936","1.07569","0.479636","2.23597","0.419792","0.338701","1.8059","0.239862","0.12893","0.72882","8.79496","2.99372","15.5986","21.3784","18.7269","0.474672","0.188","8.77634","7.06334","27.0117","22.8663","0.476198","0.128459","0.0232619","0.0939374","0.184018","0.364942","0.000518886","0.00031079","0.00115012","0.000000365834","0.0163453","0.0130961","0.0461116","107414","6133.6","28607.3","112.928","3.64561","6646.69","5520.45","25684.7","75.4578","-13.1412","23.4637","50.0151","20.9211","14.3154","405.038","227.434","1312.09","405.125","744.504","23.1976","3.11585","109.56","425.405","405.147","1.05"
"35_TRLGL_RR_V2_an2","35_TRLGL_RR_V2","7.63","29.75","196","784","0.03758","2","False","11.87","12.13","13.54","13.73","308","315","353","358","35","STABLE","TRLGL","L","R","1.46855","1.32107","7.42439","0.889882","0.456877","1.95239","0.523228","0.375403","2.03438","0.250255","0.11907","0.607327","6.86241","3.36071","13.052","16.7923","17.8374","0.346659","0.18625","4.75755","6.60836","17.1737","24.3863","0.320496","0.163866","0.173756","0.155684","0.674283","0.721536","0.00111139","0.00094389","0.00421427","0.00000212612","0.0177044","0.0143257","0.0681741","100578","3332.56","12536.5","93.2249","1.9251","2028.73","1787.74","8294.57","38.3513","-14.7508","9.31962","43.8871","33.5547","15.9432","410.973","245.948","1701.58","411.067","745.589","29.9703","4.01968","166.324","579.573","411.045","1.41"
"35_TRLGL_RR_V2_an3","35_TRLGL_RR_V2","7.63","29.75","196","784","0.03758","3","False","14.01","14.23","17.57","17.74","365","371","460","465","35","STABLE","TRLGL","L","R","1.03625","0.754851","4.64328","0.555652","0.361275","1.9424","0.444839","0.302428","1.75486","0.169168","0.0935735","0.586594","7.68767","3.2817","17.0737","13.257","27.1553","0.251291","0.122889","3.54073","7.20852","11.5457","31.3603","0.219447","0.117721","-0.163635","0.115502","0.378933","0.687871","0.00111923","0.000560705","0.00236833","0.00000156707","0.0175442","0.0123008","0.0590513","91251.6","3726.71","18483.9","93.3869","3.45861","2080.94","1476.76","5813.75","46.1088","-18.711","10.4836","40.4398","34.153","11.6014","396.065","219.874","1667.46","396.022","747.288","17.8975","2.395","129.702","1322.79","396.044","3.34"
"35_TRLGL_RR_V2_an4","35_TRLGL_RR_V2","7.63","29.75","196","784","0.03758","4","False","18.03",NULL,NULL,"18.44","472",NULL,NULL,"483","35","UNSTABLE","TRLGL","L","R","0.384813","0.236846","1.03558","1.79762","0.451792","2.4977","0.220265","0.150626","0.664932","0.306889","0.127499","0.565135","3.6493","1.56187","7.55497","6.71494","9.94122","0.447164","0.142127","2.1824","0.642634","6.95733","2.60133","0.216131","0.0644289","-0.207914","0.0618863","0.321667","0.229801","0.00129946","0.000386789","0.00201042","0.00000183821","0.0140556","0.00733108","0.0238828","90832.8","2709.57","8728.99","92.5804","3.7852","2921.22","2407.79","6839.45","18.6904","-29.8182","6.3639","3.2203","47.6244","0.822981","360.853","194.872","1158.15","361.081","734.234","14.0812","1.91781","54.9326","148.046","361.088","0.41"
"35_TRLGL_RR_V2_an5","35_TRLGL_RR_V2","7.63","29.75","196","784","0.03758","5","False","18.69","18.95","20.04","21.87","490","497","526","574","35","STABLE","TRLGL","L","R","0.750673","0.549048","2.56436","0.945634","0.597275","2.20459","0.338243","0.311174","2.19547","0.195826","0.145686","0.761179","10.5313","4.41761","17.5174","17.6006","29.6891","0.361256","0.147545","4.08638","12.4706","17.147","36.8557","0.405485","0.123424","-0.153517","0.0998433","0.330424","0.424082","0.00102646","0.000506333","0.00206515","0.00000131","0.018757","0.0126241","0.050756","92392.6","3015.12","12690.1","95.8762","3.60313","2537.64","1836.26","7886","26.6721","-24.1377","6.92921","43.5504","22.9395","13.4548","386.448","205.725","1652.78","386.587","745.67","11.3788","1.52599","49.1333","421.388","386.595","1.09"
"35_TRLGL_RR_V2_an6","35_TRLGL_RR_V2","7.63","29.75","196","784","0.03758","6","False","22.3",NULL,NULL,"23.29","586",NULL,NULL,"612","35","UNSTABLE","TRLGL","L","R","1.6898","1.07542","4.26118","4.4697","3.70475","12.4533","0.385703","0.274449","1.55017","0.494672","0.219344","1.09665","17.8156","8.61953","46.539","50.412","55.7242","1.03223","0.448958","6.5582","10.7366","23.3193","34.6763","0.56449","0.197688","-0.194681","0.065979","0.348171","0.292727","0.00121676","0.000412369","0.00217607","0.00000165054","0.0112067","0.00812453","0.0308379","89970.2","2083.05","8759.13","93.4211","3.9156","2163.58","1294.67","4817.45","83.0664","-9.2709","23.6947","38.5116","14.7531","10.2897","414.278","246.247","1669.83","414.018","742.784","37.8053","5.08968","157.167","409.872","414.012","0.99"
"35_TRLGL_RR_V2_an7","35_TRLGL_RR_V2","7.63","29.75","196","784","0.03758","7","False","23.84",NULL,NULL,"24.18","627",NULL,NULL,"636","35","UNSTABLE","TRLGL","L","R","0.586391","0.273522","1.32886","3.18268","0.923395","4.62493","0.349395","0.199425","0.872471","0.461652","0.167357","0.844891","4.2067","1.90296","9.5943","11.6778","5.32067","0.665217","0.209229","2.02372","1.11319","7.223","3.49567","0.333866","0.206359","-0.195452","0.0922127","0.318428","0.331938","0.00123846","0.000539083","0.00199017","0.0000018244","0.0205759","0.0137036","0.046192","90066.1","1861","6323.83","92.8647","3.01617","2518.3","1703.97","5000.77","28.2386","-64.7128","7.43165","8.82747","43.1038","2.40375","414.77","225.679","1546.62","415.137","726.484","28.2294","3.88575","93.0796","141.112","415.037","0.34"
"35_TRLGL_RR_V2_an8","35_TRLGL_RR_V2","7.63","29.75","196","784","0.03758","8","False","24.47","24.72","26.93","27.14","644","650","709","715","35","STABLE","TRLGL","L","R","0.937206","0.772099","4.16581","0.554202","0.349447","1.55328","0.39798","0.287872","1.74323","0.1672","0.0896214","0.553859","9.29416","3.39804","17.5181","24.0269","18.9431","0.305522","0.120524","8.63663","6.39279","27.2903","22.5597","0.278366","0.125739","-0.179596","0.125021","0.420094","0.584783","0.00120176","0.0006529","0.00262559","0.0000018705","0.0184494","0.0130339","0.0600024","91938.3","3110.46","13549.4","94.7987","3.82477","2612.06","1855.45","7815.4","51.1493","-19.7931","13.6654","35.6866","34.3765","11.5131","383.77","209.478","1341.75","383.819","747.585","14.9551","2.00046","80.8735","848.188","383.795","2.21"
"35_TRLGL_RR_V2_an9","35_TRLGL_RR_V2","7.63","29.75","196","784","0.03758","9","True","27.48","27.68",NULL,"29.75","724","729",NULL,"784","35","STABLE","TRLGL","L","R","0.627904","0.476926","2.1814","0.617764","0.420939","1.96618","0.279623","0.221018","1.3943","0.1534","0.0984149","0.587742","12.1594","4.16601","20.3979","25.7243","25.2833","0.245098","0.122552","8.7815","9.29125","25.3763","25.4527","0.233644","0.0952695","-0.1605","0.208236","0.90938","1.18611","0.00126599","0.00104755","0.00568363","0.00000270009","0.0197177","0.0156199","0.0579269","94347.3","6016.79","28143.4","94.1368","4.07885","3808.18","2915.02","12631.5","55.0317","-27.7339","14.8025","37.1842","31.034","11.6964","372.267","199.612","1360.68","372.205","748.096","9.70591","1.29741","45.7764","770.452","372.199","2.07"
"35_TRLGL_RR_V3_an1","35_TRLGL_RR_V3","7.58","29.52","194","777","0.03759","1","False","10.02",NULL,NULL,"10.84","258",NULL,NULL,"280","35","UNSTABLE","TRLGL","L","R","0.606433","0.394707","2.34743","2.22128","0.460063","3.45567","0.314245","0.266188","1.32274","0.374932","0.149372","0.76188","11.332","5.88606","30.1084","16.4359","38.6064","0.739143","0.292925","2.94398","9.86321","11.306","36.8663","0.601401","0.404074","-0.0884788","0.103224","0.328629","0.416327","0.000634944","0.000564679","0.00205393","0.000000722017","0.0188017","0.0160601","0.0692217","96931.1","4741.91","18081.4","96.524","1.71491","5361.05","3797.04","15221.1","16.8015","-12.9622","4.11493","22.1702","36.7679","7.33022","369.637","208.733","1107.64","369.468","747.113","20.1359","2.69516","81.4838","303.011","369.525","0.82"
"35_TRLGL_RR_V3_an2","35_TRLGL_RR_V3","7.58","29.52","194","777","0.03759","2","False","11.08","11.31","11.67","11.85","287","293","302","307","35","STABLE","TRLGL","L","R","0.662617","0.441612","2.06401","1.11591","0.263038","1.73823","0.333086","0.20558","0.811297","0.267435","0.106942","0.486893","4.16759","2.24912","8.63647","7.79528","12.5795","0.454465","0.0879529","2.3283","5.79623","7.805","18.2607","0.600411","0.16007","-0.159333","0.0801232","0.292421","0.259213","0.000995833","0.00050077","0.00182763","0.00000124245","0.0109265","0.00794394","0.0277152","97469.5","3191.91","10420","100.741","2.35378","3894.16","1678.06","6730.96","16.6051","-60.6876","4.30219","17.3644","40.6102","4.1848","374.088","204.512","1207.97","374.458","742.885","13.91","1.87243","56.4585","134.78","374.389","0.36"
"35_TRLGL_RR_V3_an3","35_TRLGL_RR_V3","7.58","29.52","194","777","0.03759","3","False","12.3","12.64","23.29","24.18","319","328","611","635","35","STABLE","TRLGL","L","R","1.02672","0.773364","4.62901","0.743883","0.585744","3.2269","0.47931","0.37055","2.19713","0.184132","0.116641","0.711295","10.5741","5.30875","24.5629","28.1984","39.9236","0.26267","0.123079","6.88467","8.325","29.9307","37.5123","0.222681","0.126002","-0.130084","0.152077","0.42921","0.846003","0.00109226","0.000609427","0.00268256","0.00000156443","0.0174647","0.013238","0.0692436","92205.8","4251.66","25374.2","92.6632","4.15641","2282.38","1759.16","8880.3","72.73","-27.4709","12.6684","47.6433","24.773","13.8109","390.783","215.651","1619.88","390.779","748.59","15.3276","2.04752","130.617","4161.61","390.762","10.65"
"35_TRLGL_RR_V3_an4","35_TRLGL_RR_V3","7.58","29.52","194","777","0.03759","4","False","24.73","25.07","28.14","28.42","650","659","740","748","35","STABLE","TRLGL","L","R","1.17628","1.06987","7.7125","1.15454","0.812455","2.98712","0.494223","0.372671","2.33496","0.241852","0.153626","0.838738","15.5872","4.45265","25.9125","43.0621","35.1599","0.395109","0.180351","17.5511","10.7261","54.9707","39.8643","0.37263","0.128324","-0.176153","0.0887753","0.402266","0.410516","0.00110221","0.000552343","0.00251416","0.00000151995","0.0153857","0.01205","0.0614827","89871.2","2775.24","13691.8","93.6376","4.06623","2700.9","1728.41","6484.25","72.6237","-7.83057","20.5197","41.2486","26.6282","11.2707","389.229","217.602","1342.3","389.294","747.629","20.8179","2.78452","127.565","1195.11","389.286","3.07"
"35_TRLGL_RR_V3_an5","35_TRLGL_RR_V3","7.58","29.52","194","777","0.03759","5","False","28.86",NULL,NULL,"29.39","760",NULL,NULL,"774","35","UNSTABLE","TRLGL","L","R","0.866802","0.466566","1.91878","1.66025","0.917839","3.13335","0.348584","0.235279","0.90416","0.2795","0.135231","0.635272","4.2791","1.73837","8.57224","5.10317","11.0878","0.489827","0.217293","0.790541","3.02922","2.37133","10.0713","0.270141","0.18038","-0.183949","0.112661","0.369179","0.451188","0.00121802","0.000577916","0.00230737","0.00000181757","0.021515","0.0188364","0.0663925","90297.9","2188.34","6787.68","94.1805","3.95291","2022.87","1399.06","5335.69","24.6999","-11.9554","8.06203","18.575","38.8821","6.00937","367.281","211.354","1255.13","367.39","739.174","18.4791","2.49996","68.0552","194.69","367.34","0.53"
"35_TRLGL_RR_V4_an1","35_TRLGL_RR_V4","8.06","30.08","206","791","0.0376","1","False","10.64",NULL,NULL,"13.23","274",NULL,NULL,"343","35","UNSTABLE","TRLGL","L","R","0.816567","0.715713","3.98826","1.04142","0.632832","3.12731","0.348724","0.322949","2.32031","0.223594","0.126307","0.799394","11.7692","5.33413","32.7153","22.0961","40.5147","0.370562","0.197139","8.81106","8.58661","27.842","34.9477","0.33986","0.164904","-0.0733311","0.140194","0.355254","0.64517","0.000804569","0.00057487","0.00222034","0.000000977807","0.0149014","0.011338","0.0553265","97506","4589.96","23680.9","101.676","4.455","3295.6","2676.03","16053","47.4154","-46.7918","12.2666","42.8243","32.6862","14.6473","392.498","219.262","1513.22","392.52","747.641","20.7665","2.7776","144.96","1016.6","392.51","2.59"
"35_TRLGL_RR_V4_an2","35_TRLGL_RR_V4","8.06","30.08","206","791","0.0376","2","False","13.51","13.69","15.8","15.89","350","355","411","414","35","STABLE","TRLGL","L","R","1.00825","1.03026","6.81443","1.44325","0.67156","3.20489","0.385437","0.326889","1.83885","0.267919","0.156265","0.779727","16.6179","3.49102","24.4454","37.2149","38.7904","0.468426","0.128287","13.0465","16.2866","40.2207","50.9407","0.518826","0.16056","-0.0902691","0.157156","0.421067","0.772909","0.000994254","0.000542708","0.00263167","0.00000128307","0.0135144","0.0101765","0.0429013","93962.9","4678.02","18189.2","91.1471","2.76694","2214.15","1603.41","5976.38","81.0117","-18.6909","19.937","52.7404","26.1292","18.7497","394.256","221.936","1435.58","394.178","746.099","23.7708","3.18601","139.772","831.713","394.177","2.11"
"35_TRLGL_RR_V4_an3","35_TRLGL_RR_V4","8.06","30.08","206","791","0.0376","3","False","16.17","16.49","17.63","17.85","421","430","460","466","35","STABLE","TRLGL","L","R","1.32233","1.22016","5.95981","1.31427","0.590825","3.01088","0.360425","0.305284","1.82765","0.275122","0.160582","0.813983","13.9559","5.69971","29.9118","43.8763","21.4022","0.620401","0.164207","15.013","10.5948","46.2983","31.5053","0.675003","0.168536","-0.195401","0.0895585","0.412496","0.409457","0.00122126","0.000559741","0.0025781","0.00000180477","0.0135919","0.0106898","0.0428357","87197","2852.08","10075.8","89.351","3.32365","2208.14","1565.33","6925.59","91.1147","20.4297","28.0436","49.5698","29.4555","14.5575","405.974","233.009","1575.35","406.216","746.459","21.8032","2.92088","100.71","463.06","406.193","1.14"
"35_TRLGL_RR_V4_an4","35_TRLGL_RR_V4","8.06","30.08","206","791","0.0376","4","False","18.27",NULL,NULL,"19.39","477",NULL,NULL,"507","35","UNSTABLE","TRLGL","L","R","1.4867","1.1096","4.3163","2.11334","1.02916","5.52839","0.372475","0.278228","1.24291","0.310219","0.16775","0.843538","11.604","3.67679","22.8975","12.1966","32.4467","0.56572","0.117993","7.21492","10.1466","20.7227","39.9943","0.674105","0.340317","-0.196906","0.0775874","0.393341","0.368963","0.00123066","0.000484921","0.00245838","0.00000174968","0.0149983","0.011571","0.0613302","90481.2","3439.05","13423","92.5702","5.23889","2703.36","1692.76","6740.98","78.2327","-2.84132","23.7477","48.3394","26.3082","18.6428","408.974","226.311","1419.99","409.062","743.025","21.4347","2.88478","110.781","458.17","409.08","1.12"
"35_TRLGL_RR_V4_an5","35_TRLGL_RR_V4","8.06","30.08","206","791","0.0376","5","False","19.91","20.18","20.5","20.68","521","528","536","541","35","STABLE","TRLGL","L","R","0.552147","0.274242","1.2737","1.82911","0.465044","2.52675","0.329299","0.263943","1.45859","0.378624","0.188596","0.986927","1.37216","0.338381","2.22932","1.563","3.58272","0.224924","0.0473269","1.35536","2.62484","4.181","8.67033","0.311189","0.108988","-0.19559","0.0920458","0.305561","0.273819","0.00122244","0.000575286","0.00190975","0.00000182531","0.0192991","0.00911724","0.037964","89940.6","1647.85","4457.86","92.6578","3.77039","1482.82","984.815","3511.41","14.8983","-19.5626","3.9789","5.02645","50.9918","1.6484","378.206","203.553","1420.61","376.824","747.833","26.1843","3.50136","98.8789","120.546","376.707","0.32"
"35_TRLGL_RR_V4_an6","35_TRLGL_RR_V4","8.06","30.08","206","791","0.0376","6","False","21.11","21.38","23.54","23.83","553","560","617","625","35","STABLE","TRLGL","L","R","0.932168","0.842659","4.24608","2.0317","2.88739","15.2751","0.340109","0.300938","2.03583","0.319302","0.226122","1.38181","19.194","9.96924","60.0766","38.9054","71.6736","0.479782","0.447299","3.84606","24.3369","16.8047","69.7423","0.387054","0.220964","-0.180501","0.100283","0.409604","0.480554","0.00114483","0.000595727","0.00256002","0.00000166552","0.0168205","0.0139727","0.0798793","92780.4","3196.33","19044.9","94.9022","4.73901","2993.48","2302.91","12665.8","35.1544","-13.5663","7.77193","45.6881","30.3102","18.3217","383.823","208.71","1339.3","383.641","744.089","17.757","2.38641","101.015","828.722","383.667","2.16"
"35_TRLGL_RR_V4_an7","35_TRLGL_RR_V4","8.06","30.08","206","791","0.0376","7","False","24.04","26.38","27.75","27.91","631","693","729","733","35","STABLE","TRLGL","L","R","0.979011","0.757282","3.90467","0.754193","0.369321","1.86714","0.385514","0.314717","1.73095","0.192881","0.105842","0.558907","7.85772","5.21257","23.7538","14.4927","30.5993","0.378977","0.188286","3.58592","9.21873","11.5963","33.875","0.384675","0.228672","-0.174922","0.082633","0.330851","0.312017","0.00109326","0.000516456","0.00206782","0.00000146195","0.0150824","0.00858219","0.0322004","90473.8","4155.93","15700.7","90.2053","4.40801","2092.81","1574.96","6083.81","35.0084","-40.3576","8.18894","42.2074","-24.3706","11.7112","376.607","209.126","1411.06","376.55","747.031","14.6084","1.95553","76.601","515.869","376.546","1.37"
"35_TRLGL_RR_V4_an8","35_TRLGL_RR_V4","8.06","30.08","206","791","0.0376","8","False","28.37",NULL,NULL,"28.57","746",NULL,NULL,"751","35","UNSTABLE","TRLGL","L","R","0.602395","0.304996","1.16233","2.36318","0.901836","4.08392","0.199183","0.0943827","0.437385","0.404048","0.172841","0.677304","2.90291","1.57016","5.3864","7.34544","5.5475","0.556968","0.0367982","2.89967","0.706105","8.919","2.32567","0.512779","0.0616387","-0.0832893","0.10884","0.20849","0.30949","0.000761047","0.0003931","0.00130306","0.00000073372","0.0165849","0.0113136","0.0370551","91811.8","2214","6741.67","91.6901","1.50231","2947.36","1903.36","5150.26","20.336","-27.2157","6.34432","8.80677","-0.881028","2.56186","419.122","254.199","1184.29","419.717","727.556","21.7603","2.99088","69.581","83.923","419.615","0.2"
"35_TRLGL_RR_V4_an9","35_TRLGL_RR_V4","8.06","30.08","206","791","0.0376","9","False","28.9","29.11",NULL,"30.08","760","765",NULL,"791","35","STABLE","TRLGL","L","R","1.17658","0.698902","3.31101","0.660619","0.323156","1.63943","0.457113","0.277391","1.23881","0.192638","0.0896115","0.494635","2.6969","1.57956","8.33652","2.74589","8.97722","0.227669","0.149855","0.644403","3.46007","2.506","12.9023","0.220648","0.12492","-0.202809","0.0864365","0.344549","0.353479","0.00127169","0.000530423","0.00215343","0.00000189855","0.0150852","0.0126643","0.0502104","90072.1","2720.3","9277.48","92.5587","3.56849","2518.91","2186.94","8418.29","23.5295","-39.1216","4.48914","35.2445","-16.0002","10.1309","384.911","202.24","1137.36","385.134","745.418","13.6709","1.83399","55.2368","373.593","385.148","0.97"
"35_TRLGR_RR_V1_an1","35_TRLGR_RR_V1","7.64","29.41","185","764","0.03757","1","False","10.74","11.75","12.95","13.06","267","294","326","329","35","STABLE","TRLGR","R","L","0.58922","0.31156","1.86583","1.83569","0.932842","4.39851","0.184481","0.116983","0.817295","0.321149","0.179495","0.944425","7.53914","3.21773","19.1947","7.77533","26.7171","0.485206","0.138889","2.43008","8.57043","7.55733","33.9753","0.467714","0.248248","0.244679","0.112156","0.5544","0.486069","0.00152924","0.000700973","0.003465","0.00000282995","0.0172744","0.0104629","0.0422841","100945","3568.14","12415","92.2594","3.33975","1866.22","1459.87","5989.2","43.9294","-50.9719","13.3747","36.4095","-15.0254","12.1879","372.922","199.435","1343.76","372.942","748.079","15.8912","2.12427","64.6982","447.52","372.933","1.2"
"35_TRLGR_RR_V1_an2","35_TRLGR_RR_V1","7.64","29.41","185","764","0.03757","2","False","13.51","13.67","13.9","14.01","341","345","351","354","35","STABLE","TRLGR","R","L","0.553134","0.389712","1.4671","2.27402","0.383653","3.11587","0.191493","0.132938","0.536389","0.473142","0.201067","0.916852","2.41855","1.22769","5.39732","7.38989","1.92839","0.473198","0.146544","3.02355","1.60049","9.751","4.98333","0.507716","0.10319","0.00313617","0.11167","0.189395","0.304098","0.000639091","0.00028118","0.00118372","0.0000004875","0.0290027","0.0182774","0.0505886","94208.8","1841.11","5900.17","91.4018","1.82166","2186.68","1695.27","5578.3","17.5334","-60.041","4.81708","10.0463","-28.4438","2.85637","395.717","219.349","1115.15","396.36","723.5","8.66123","1.19713","35.4013","91.1506","396.307","0.23"
"35_TRLGR_RR_V1_an3","35_TRLGR_RR_V1","7.64","29.41","185","764","0.03757","3","False","14.99","15.06","15.75","15.86","380","382","400","403","35","STABLE","TRLGR","R","L","0.520301","0.189081","1.01754","1.13446","0.723306","3.81397","0.222652","0.16637","0.73814","0.247371","0.135012","0.654701","10.3783","5.36767","20.2585","36.9368","12.4011","0.642416","0.124813","11.8594","3.75632","38.9837","13.8913","0.62547","0.102016","-0.173161","0.0852864","0.307186","0.265238","0.00108226","0.00053304","0.00191991","0.00000145541","0.0182744","0.0114553","0.0419864","88744.6","2643.11","10949.1","90.1722","1.73269","1467.67","1221.04","3768.28","64.3593","-52.1078","17.6355","10.13","-29.1074","3.16515","370.022","210.178","1350.92","370.069","743.219","18.7417","2.52169","73.2431","255.282","369.973","0.69"
"35_TRLGR_RR_V1_an4","35_TRLGR_RR_V1","7.64","29.41","185","764","0.03757","4","False","16.4",NULL,NULL,"16.74","418",NULL,NULL,"427","35","UNSTABLE","TRLGR","R","L","0.448305","0.225765","1.06997","3.01749","0.527546","3.90547","0.185258","0.13535","0.635574","0.421237","0.181086","1.06854","2.70123","1.05157","5.79258","0.583889","6.49367","0.460629","0.210231","1.19476","1.88579","3.91667","6.51067","0.333745","0.126943","-0.108995","0.0844807","0.26081","0.271341","0.000694381","0.000510569","0.00163006","0.000000742845","0.018984","0.00809044","0.0366799","90525.1","2876.05","9809.94","93.6595","2.98227","3538.29","2508.88","9389.14","13.3276","-10.6214","4.1129","6.12483","-34.4182","1.60268","373.678","223.928","1218.67","374.111","730.655","23.3704","3.19855","67.4448","127.195","374.104","0.34"
"35_TRLGR_RR_V1_an5","35_TRLGR_RR_V1","7.64","29.41","185","764","0.03757","5","False","17.07","17.2","18.72","18.81","436","439","479","482","35","STABLE","TRLGR","R","L","0.601443","0.618505","3.66184","1.03082","0.582114","2.48831","0.220115","0.205206","1.42988","0.217508","0.125186","0.596877","7.96929","2.77639","17.0311","13.2521","25.7331","0.415824","0.192927","4.15806","10.7678","12.9707","34.6013","0.451391","0.189261","-0.183937","0.0964484","0.360427","0.407451","0.00116394","0.000574632","0.00225267","0.00000168497","0.0162254","0.0132038","0.0536521","91841.8","2479.4","12427.3","93.015","2.73941","2272.48","1441.94","5737.08","28.2038","-41.2849","6.86892","40.5179","-15.0858","14.7386","368.003","200.957","1212.06","367.963","748.666","16.1982","2.16361","82.3994","559.263","367.936","1.52"
"35_TRLGR_RR_V1_an6","35_TRLGR_RR_V1","7.64","29.41","185","764","0.03757","6","False","19.29","19.45","21.45","21.54","495","499","552","555","35","STABLE","TRLGR","R","L","0.423004","0.269213","1.31437","1.22746","1.01848","3.53415","0.15972","0.102897","0.648282","0.226065","0.168783","0.94179","6.96374","3.32252","20.5684","8.72572","26.9882","0.351414","0.201937","2.77283","8.80227","10.5453","35.3087","0.293415","0.170692","-0.152974","0.112126","0.384702","0.458348","0.000995108","0.000644182","0.00240439","0.00000140521","0.0177322","0.011879","0.0487517","91521.4","2425.18","11122.5","91.789","2.74437","2400.83","1780.56","7893.53","15.5322","-39.6076","3.82098","27.8178","-25.2845","7.27891","364.76","204.562","1390.55","364.873","744.019","19.0446","2.5597","90.6391","729.742","364.871","2"
"35_TRLGR_RR_V1_an7","35_TRLGR_RR_V1","7.64","29.41","185","764","0.03757","7","False","22.11","22.28","24.2","24.37","570","574","625","630","35","STABLE","TRLGR","R","L","0.353623","0.237678","1.1652","0.692591","0.540986","1.9733","0.151408","0.119569","0.824243","0.177065","0.130837","0.75486","8.30979","3.29737","17.7986","23.3821","15.6247","0.272778","0.0980516","8.73057","2.74801","25.9127","11.9823","0.224716","0.124922","-0.161821","0.130222","0.448712","0.578571","0.00107031","0.000734676","0.00280445","0.00000168531","0.0189531","0.0141108","0.0580092","91453.6","2882.93","14026.9","92.2817","3.4022","2525.44","1988.33","8881.65","48.1622","-26.6109","14.1083","15.8174","-32.7974","4.46299","351.028","196.435","1355.62","350.908","750.661","9.31879","1.24141","48.2178","673.664","350.867","1.92"
"35_TRLGR_RR_V1_an9","35_TRLGR_RR_V1","7.64","29.41","185","764","0.03757","9","False","25.97","26.16","26.76","26.95","672","677","693","699","35","STABLE","TRLGR","R","L","0.299846","0.123907","0.703766","1.12552","0.288378","1.8532","0.121897","0.0743505","0.446522","0.282262","0.15474","0.975935","5.0919","2.61518","12.9342","11.465","15.2606","0.383798","0.171789","2.55747","6.32728","8.74","20.9523","0.393178","0.218133","-0.203538","0.110562","0.383281","0.338889","0.00127211","0.000691012","0.0023955","0.00000209576","0.0158376","0.0123869","0.0391538","92845.9","2204.62","8208.99","94.592","3.06213","2525.89","2219.54","8208.99","19.3331","-32.242","5.09824","6.01525","-35.8061","1.40377","362.141","192.187","1015.05","361.823","749.558","9.67144","1.29029","43.0298","217.102","361.836","0.6"
"35_TRLGR_RR_V1_an10","35_TRLGR_RR_V1","7.64","29.41","185","764","0.03757","10","True","28.01","28.38",NULL,"29.41","727","737",NULL,"764","35","STABLE","TRLGR","R","L","0.834947","0.897465","4.30087","1.4335","0.657723","3.12257","0.255652","0.221445","1.35062","0.392227","0.247848","1.26161","6.11038","2.43912","14.221","17.878","17.0141","0.393629","0.167113","7.60925","8.81648","27.912","25.46","0.457732","0.18593","-0.177078","0.084912","0.396179","0.35534","0.00110674","0.0005307","0.00247612","0.00000150651","0.0161238","0.0112968","0.0414829","89737.5","2841.83","12827.6","90.4126","3.08991","2274.95","1700.26","5721.72","44.6649","-28.5063","12.2931","40.2957","-16.151","12.6849","384.063","210.174","1394.78","383.86","752.168","11.561","1.53702","63.4775","395.292","383.779","1.03"
"35_TRLGR_RR_V2_an1","35_TRLGR_RR_V2","7.68","28.99","197","763","0.0376","1","False","10.73","11.16","12.03","12.22","278","289","312","317","35","STABLE","TRLGR","R","L","0.620547","0.481723","2.12576","1.17224","0.393298","2.01952","0.155852","0.0985733","0.490489","0.303839","0.158315","0.758906","4.56112","1.82293","10.188","13.2983","7.29039","0.354165","0.161932","4.02875","5.70468","13.895","17.48","0.491635","0.221143","-0.10973","0.083394","0.301512","0.340163","0.000713819","0.000482141","0.00188445","0.000000741998","0.0149233","0.00872431","0.0384271","97254.9","3349.79","12770.2","99.7705","3.64816","3006.04","2412.14","9917.38","36.7251","-58.0496","8.61713","41.9226","-24.421","15.9514","373.095","206.835","1156.01","373.053","748.029","13.5051","1.80542","50.0488","324.557","373.054","0.87"
"35_TRLGR_RR_V2_an2","35_TRLGR_RR_V2","7.68","28.99","197","763","0.0376","2","False","12.45","12.67","14.03","14.16","323","329","365","369","35","STABLE","TRLGR","R","L","0.436618","0.441865","2.33197","1.47632","0.956661","3.64037","0.157265","0.115364","0.597378","0.343956","0.26264","1.52805","7.26839","3.27006","17.1288","8.76439","24.7027","0.319316","0.130861","1.49525","17.0295","4.91067","50.6493","0.470732","0.18913","0.0772745","0.175407","0.49883","0.756629","0.00100811","0.000647169","0.00311769","0.00000143511","0.0152374","0.0112134","0.0409198","97474.3","4643.2","15293.2","93.8784","2.67379","1960.79","1431.43","5300.04","19.0322","-39.2598","3.82924","35.2177","-29.9203","14.0927","365.994","200.561","1209.09","366.082","747.707","16.9519","2.26718","90.0288","497.855","366.07","1.36"
"35_TRLGR_RR_V2_an3","35_TRLGR_RR_V2","7.68","28.99","197","763","0.0376","3","False","14.81","15.34","17.63","17.75","386","400","461","464","35","STABLE","TRLGR","R","L","0.594576","0.399633","1.84611","0.984092","0.620781","2.82341","0.180115","0.116845","0.764688","0.347325","0.295423","2.07892","7.36589","3.2741","17.5379","16.5409","22.6581","0.224431","0.122392","7.07414","8.91345","22.721","32.4307","0.260398","0.147406","-0.185168","0.106486","0.485903","0.566081","0.00117346","0.000636604","0.00303689","0.00000178228","0.0192103","0.0153182","0.0659355","89851.6","3136.98","13451.1","94.0908","4.24769","2306.5","1680.57","7147.61","48.541","-33.6683","10.606","32.7905","-31.297","9.55161","369.614","205.481","1336.36","369.522","750.883","10.9015","1.45182","62.2568","846.238","369.536","2.29"
"35_TRLGR_RR_V2_an4","35_TRLGR_RR_V2","7.68","28.99","197","763","0.0376","4","False","18.39","19","20.57","20.72","481","498","539","543","35","STABLE","TRLGR","R","L","0.366177","0.273849","1.42064","0.875202","0.675546","2.60082","0.148576","0.102374","0.655934","0.330417","0.305008","1.99861","8.36319","4.41116","18.6247","21.3179","21.0366","0.278449","0.11342","9.40841","6.46523","27.5597","25.3143","0.288597","0.113535","-0.195884","0.0878575","0.370093","0.40626","0.00123504","0.000524451","0.00231308","0.00000180037","0.0171791","0.0133098","0.0593515","89575.8","2800.65","14687.5","91.9901","3.60436","2843.6","2537.24","10624","48.8342","-15.0044","14.5456","18.8954","-41.3038","4.13862","359.628","205.23","1396.95","359.541","749.506","14.1775","1.89157","68.6655","564.41","359.497","1.57"
"35_TRLGR_RR_V2_an5","35_TRLGR_RR_V2","7.68","28.99","197","763","0.0376","5","False","21.27","21.55","22.15","22.38","558","565","581","587","35","STABLE","TRLGR","R","L","0.256643","0.168622","0.95129","0.964969","0.67439","2.6771","0.154649","0.158532","0.778668","0.328415","0.376232","1.84046","6.37062","3.31891","14.1185","21.2306","5.52544","0.41999","0.128198","8.24198","2.96817","25.888","10.1553","0.482823","0.169951","-0.149305","0.126789","0.382068","0.492617","0.00102035","0.000676471","0.00238792","0.00000149873","0.0222255","0.0148593","0.0495593","89820.1","2970.21","10563.5","90.4182","3.11166","2490.9","2091.47","8412.67","38.6831","-35.4866","12.4689","7.28038","-41.8314","1.84684","360.924","195.358","1098.09","360.476","750.803","6.38605","0.850563","27.771","216.311","360.518","0.6"
"35_TRLGR_RR_V2_an6","35_TRLGR_RR_V2","7.68","28.99","197","763","0.0376","6","False","23","23.3","23.73","23.9","604","612","623","628","35","STABLE","TRLGR","R","L","0.360875","0.142457","0.685724","1.025","0.357093","2.0404","0.200669","0.165608","0.749589","0.34561","0.297102","1.46381","1.27711","0.444659","2.53102","1.9215","2.60972","0.163591","0.0634349","0.813102","1.31139","3.284","4.59867","0.172064","0.0860533","-0.159791","0.0691129","0.257227","0.227808","0.000998697","0.000431956","0.00160767","0.00000118398","0.0163899","0.0109875","0.037867","88272.6","1900.85","5336.16","91.3168","2.88298","1460.54","1163.85","4031.18","12.4178","-17.4395","3.90513","5.51334","-42.6625","1.3676","333.485","180.293","1065.99","333.154","746.799","7.10584","0.951506","29.2969","143.271","333.188","0.43"
"35_TRLGR_RR_V2_an7","35_TRLGR_RR_V2","7.68","28.99","197","763","0.0376","7","False","24.5","24.83","28.25","28.99","644","653","744","763","35","STABLE","TRLGR","R","L","0.554475","0.412587","2.36307","0.743287","0.418018","2.02547","0.210461","0.153286","1.12754","0.269756","0.205356","1.78479","8.04559","5.43846","21.5995","8.68456","39.6401","0.252494","0.10329","2.332","12.3514","7.79033","55.3127","0.251697","0.126019","-0.157459","0.110992","0.423619","0.638275","0.00105165","0.000586299","0.00264762","0.00000144971","0.0166392","0.0131757","0.0614723","88733.2","2931.16","14701.2","90.5674","4.00788","2383.44","1672.63","6831.04","35.0166","-35.4015","7.10142","34.7494","-25.1907","10.4306","357.212","195.383","1328.38","357.196","752.827","14.171","1.88237","73.8544","1221.59","357.189","3.42"
"35_TRLGR_RR_V3_an1","35_TRLGR_RR_V3","7.56","28.82","193","759","0.03754","1","False","10.65","11.02","13.97","14.11","275","285","363","367","35","STABLE","TRLGR","R","L","0.443033","0.308316","1.96089","0.744184","0.498539","2.71429","0.168113","0.13715","0.933564","0.266131","0.263869","1.84481","8.7029","5.07385","26.233","25.7209","23.6368","0.280183","0.139619","9.54991","5.43347","29.869","26.1997","0.291895","0.144851","0.0342994","0.176977","0.518309","0.818888","0.000846037","0.000744073","0.00323943","0.00000126942","0.0146182","0.0115214","0.048057","98947.6","5701.52","24715.6","96.8935","7.72306","2443.49","2254.82","12107.9","60.7723","-41.4808","16.7216","25.3214","-40.3982","7.65122","362.987","200.767","1385.72","362.975","750.816","9.8736","1.31505","57.0688","1070.69","362.945","2.95"
"35_TRLGR_RR_V3_an2","35_TRLGR_RR_V3","7.56","28.82","193","759","0.03754","2","False","14.72","14.96","15.2","15.37","383","390","396","401","35","STABLE","TRLGR","R","L","0.268537","0.120389","0.720163","1.40778","0.325325","1.96393","0.146801","0.10328","0.477193","0.375581","0.231905","0.967918","1.8337","0.899872","4.08797","2.10111","2.42378","0.303396","0.131393","0.646682","1.79286","2.05467","5.61333","0.25093","0.130936","-0.159241","0.100972","0.308227","0.270867","0.000995256","0.000631074","0.00192642","0.00000138879","0.0123872","0.0085213","0.0275206","89757.6","2272.14","5284.59","92.9337","4.08381","1184.14","1798.28","5185.11","12.6457","-41.909","3.94924","2.34284","-50.2155","0.426837","375.428","218.557","1087.34","374.387","740.47","17.7173","2.39271","51.2695","89.8064","374.193","0.24"
"35_TRLGR_RR_V3_an3","35_TRLGR_RR_V3","7.56","28.82","193","759","0.03754","3","False","15.88","16.05","17.81","18","414","419","466","471","35","STABLE","TRLGR","R","L","0.353442","0.284861","1.5179","0.944976","0.764757","3.83899","0.139402","0.0891117","0.554442","0.308395","0.272081","1.30016","6.037","2.50006","10.3165","16.2762","13.5192","0.235497","0.110584","6.31171","3.49398","20.9497","12.8547","0.245531","0.0861373","-0.158595","0.0928523","0.338763","0.407981","0.00102111","0.000525952","0.00211727","0.00000131929","0.0169175","0.0110394","0.0453868","90865.2","2824.65","14314.2","93.5477","3.58353","2290.55","1905.53","7169.15","49.8943","-30.6071","15.8583","15.2806","-47.7007","4.88959","362.805","202.011","1292.11","363.004","750.052","7.86285","1.04831","46.0815","638.819","362.965","1.76"
"35_TRLGR_RR_V3_an4","35_TRLGR_RR_V3","7.56","28.82","193","759","0.03754","4","False","18.38","18.61","22.74","22.87","481","487","597","600","35","STABLE","TRLGR","R","L","0.376216","0.250484","1.30588","0.565317","0.514822","3.16126","0.170564","0.149054","0.94586","0.17564","0.144923","1.37744","8.7023","5.78179","34.8186","27.1282","35.5967","0.232985","0.160698","7.65209","8.97943","31.944","44.7463","0.229519","0.184093","-0.180977","0.0968341","0.44724","0.523231","0.00114673","0.000575057","0.00279525","0.00000164568","0.016851","0.0121627","0.0640074","90773.3","2706.61","12947.5","92.8698","3.93021","2456.23","1702.56","7046.24","33.5554","-50.276","9.15674","31.5454","-35.694","7.92099","360.571","200.051","1363.55","360.568","751.466","11.2185","1.49288","61.6465","1488.94","360.518","4.13"
"35_TRLGR_RR_V3_an6","35_TRLGR_RR_V3","7.56","28.82","193","759","0.03754","6","False","24.82",NULL,NULL,"24.97","652",NULL,NULL,"656","35","UNSTABLE","TRLGR","R","L","0.462229","0.080336","0.574751","1.56856","0.764079","3.45908","0.120963","0.0499676","0.245939","0.461957","0.240526","0.987937","1.24771","0.729102","3.11294","0.759167","0.512778","0.335449","0.197439","0.668465","0.442332","2.011","1.46133","0.213292","0.0672619","-0.108736","0.0607498","0.21316","0.176854","0.000679598","0.000379686","0.00133225","0.000000606016","0.0128923","0.00605743","0.0211375","89734","2244.41","6237.17","92.7366","3.60514","2723.12","1229.71","4655.3","9.98094","-36.7642","2.71779","1.74277","-50.6169","0.448634","381.884","203.322","1079.46","380.282","716.178","2.91655","0.407238","12.208","57.0453","380.302","0.15"
"35_TRLGR_RR_V3_an7","35_TRLGR_RR_V3","7.56","28.82","193","759","0.03754","7","False","25.27","25.38","25.84","26","664","667","679","684","35","STABLE","TRLGR","R","L","0.485335","0.23623","1.05672","1.66689","0.792058","3.42857","0.191126","0.144399","0.603439","0.396729","0.241401","1.04195","1.96786","1.07484","5.6753","3.03894","6.29539","0.321959","0.149047","2.56688","2.74453","8.66933","8.56033","0.287825","0.0980025","-0.168411","0.0802211","0.288704","0.250799","0.00105257","0.000501382","0.0018044","0.00000135928","0.0204027","0.0111141","0.0361083","91035","1961.38","8176.52","94.3876","2.47506","2067.13","1462.21","4734.03","9.05319","-40.2152","2.44224","4.9146","-52.167","1.08696","367.596","195.115","1113.49","368.105","742.087","13.3968","1.80528","42.1143","169.32","368.087","0.46"
"35_TRLGR_RR_V3_an8","35_TRLGR_RR_V3","7.56","28.82","193","759","0.03754","8","False","26.45",NULL,NULL,"27.35","696",NULL,NULL,"720","35","UNSTABLE","TRLGR","R","L","0.508946","0.234876","1.14961","2.13474","0.563513","3.49498","0.143419","0.0739846","0.372004","0.46761","0.264155","1.82341","9.15711","3.73441","14.4436","22.0803","16.7414","0.526581","0.102083","10.4189","4.02933","30.4287","12.3863","0.436917","0.165762","-0.194447","0.0844939","0.363293","0.313885","0.00121529","0.000528087","0.00227058","0.00000175582","0.0175001","0.0110208","0.0380195","89926.6","2504.03","10065","94.2939","3.01408","2784.99","1558.84","6237.86","53.0785","-55.9906","17.4914","11.3445","-45.0276","3.51241","400.517","217.495","1314.86","400.836","715.201","40.5145","5.66477","140.993","360.726","400.807","0.9"
"35_TRLGR_RR_V3_an9","35_TRLGR_RR_V3","7.56","28.82","193","759","0.03754","9","False","27.7","27.83",NULL,"28.82","729","732",NULL,"759","35","STABLE","TRLGR","R","L","0.329981","0.2352","1.0161","1.55258","1.35513","8.45877","0.118518","0.0735092","0.39319","0.294948","0.228606","1.41295","8.49148","4.51158","22.1227","29.6866","19.9377","0.484445","0.212336","8.88449","11.3772","32.6297","37.2823","0.533701","0.100051","-0.16456","0.0803106","0.315861","0.345036","0.00104153","0.000474324","0.00197413","0.00000130976","0.0141313","0.0112941","0.0396709","90475.3","2608.83","9310.42","92.6147","3.44277","2173.34","1506.1","6012.54","19.9859","-27.6387","6.00158","16.2354","-28.3433","5.35603","348.827","188.268","1064.35","348.657","746.09","14.6706","1.96633","69.8862","345.22","348.707","0.99"
"35_TRLGR_RR_V4_an1","35_TRLGR_RR_V4","7.59","29.08","195","765","0.03764","1","False","10.38","10.89","13.38","13.54","269","282","348","353","35","STABLE","TRLGR","R","L","0.579269","0.314828","1.88827","0.896674","0.477595","2.27365","0.17328","0.12225","0.725199","0.26927","0.179192","1.06754","8.03595","4.47947","26.0135","18.2138","33.874","0.336056","0.195924","5.00081","9.11481","18.2587","42.9557","0.378056","0.256032","0.14023","0.158252","0.482097","0.65092","0.00103186","0.000825641","0.00301311","0.00000174641","0.015076","0.0107229","0.0438008","104040","3496.94","14962.1","102.615","7.67832","2880.21","2279.83","11161.8","58.1141","-50.5699","14.8592","35.3808","-38.6424","9.97551","376.688","204.512","1354.11","376.763","751.22","12.0467","1.60362","83.9252","938.032","376.72","2.49"
"35_TRLGR_RR_V4_an2","35_TRLGR_RR_V4","7.59","29.08","195","765","0.03764","2","False","14.18","14.48","14.72","14.93","370","378","384","390","35","STABLE","TRLGR","R","L","0.306327","0.0906889","0.431918","1.21468","0.350525","1.87862","0.115178","0.0545821","0.224352","0.289652","0.103817","0.459162","1.50283","0.652781","2.88391","2.99928","1.95911","0.259545","0.0404146","0.629639","1.10108","2.008","3.25533","0.17882","0.0371903","0.0650733","0.130904","0.294878","0.443569","0.000760422","0.0005065","0.00184299","0.000000834784","0.0205173","0.0106335","0.0311975","93230.7","3448.38","9264.37","92.2896","0.467896","1734.46","1279.93","3790.58","16.5895","-31.5481","5.73022","3.25132","-45.864","0.956538","375.9","198.718","1112.29","375.738","750.971","9.48604","1.26317","28.0762","90.1677","375.699","0.24"
"35_TRLGR_RR_V4_an3","35_TRLGR_RR_V4","7.59","29.08","195","765","0.03764","3","False","15.56",NULL,NULL,"16.01","406",NULL,NULL,"418","35","UNSTABLE","TRLGR","R","L","0.427862","0.173244","1.00883","2.43","0.510976","3.45962","0.162613","0.104147","0.579227","0.44564","0.186508","0.900744","3.83995","1.15353","6.34147","4.34006","7.58739","0.424466","0.111759","2.52288","0.922265","7.13667","3.54233","0.217672","0.0817824","-0.218668","0.0428837","0.287866","0.134624","0.00136667","0.000268023","0.00179916","0.00000193963","0.0104031","0.00605523","0.0223539","86829.1","1972.92","6306.86","88.6188","2.55938","1579.97","1171.82","4042.77","36.4365","-43.4179","11.1348","3.65709","-46.6221","0.926064","378.883","209.106","1186.96","379.041","747.899","29.5891","3.95629","101.625","170.565","379.034","0.45"
"35_TRLGR_RR_V4_an4","35_TRLGR_RR_V4","7.59","29.08","195","765","0.03764","4","False","16.31","16.48","18.45","18.59","426","431","483","487","35","STABLE","TRLGR","R","L","0.475375","0.317608","1.87645","0.69583","0.587705","2.78961","0.186249","0.133636","0.856029","0.255304","0.231883","1.58329","9.59807","4.69434","19.7207","22.1851","26.8715","0.329546","0.127014","9.08465","9.13337","26.2297","30.4437","0.313442","0.165212","-0.18682","0.0777657","0.373381","0.345442","0.00116762","0.000486036","0.00233363","0.00000159958","0.0153532","0.00932689","0.0376682","89610.5","3035.94","16373.9","92.0417","3.81695","2804.78","2189.76","10399.6","55.4851","-47.1557","16.2036","32.0532","-40.4975","10.1434","364.949","207.638","1337.68","364.965","749.616","12.2067","1.62839","56.4575","718.89","364.919","1.97"
"35_TRLGR_RR_V4_an5","35_TRLGR_RR_V4","7.59","29.08","195","765","0.03764","5","False","19.05","19.29","19.85","20.1","499","505","520","527","35","STABLE","TRLGR","R","L","0.634275","0.323356","1.31948","1.54245","0.708133","2.98142","0.239392","0.147678","0.711512","0.501568","0.330229","1.44928","3.08349","1.61478","6.80091","2.62861","6.74206","0.297016","0.126813","1.06716","0.772232","3.69967","2.73467","0.174452","0.106409","-0.188595","0.0870215","0.329169","0.3272","0.00117872","0.000543884","0.00205731","0.00000168519","0.0167121","0.0120519","0.0449372","88977.6","2224.27","8516.55","92.5484","3.53989","2494.22","1967.18","7900.78","10.398","-81.1925","2.73672","11.4079","-40.6215","3.37834","374.181","199.24","1298.67","374.085","747.459","15.5435","2.07951","61.3413","209.458","374.032","0.56"
"35_TRLGR_RR_V4_an6","35_TRLGR_RR_V4","7.59","29.08","195","765","0.03764","6","False","20.37","20.65","21.15","22.07","534","542","555","579","35","STABLE","TRLGR","R","L","0.61416","0.414598","1.6418","1.33183","0.550662","2.44362","0.285298","0.233317","1.09721","0.296749","0.128388","0.594234","4.46563","2.45865","8.51867","3.58839","15.3223","0.361071","0.0444944","0.330134","4.08676","1.075","14.818","0.302799","0.158152","-0.065684","0.150434","0.248471","0.468239","0.000905352","0.000482558","0.00155294","0.00000105252","0.0181148","0.0113185","0.0374492","94345","4675.32","15523.7","95.5201","2.66398","2351.17","2205.63","8279.99","34.294","-55.8316","9.10832","25.7154","-34.9935","8.29397","371.562","194.339","1369.62","371.956","749.049","8.38274","1.11912","35.4004","185.947","371.894","0.5"
"35_TRLGR_RR_V4_an7","35_TRLGR_RR_V4","7.59","29.08","195","765","0.03764","7","False","22.25",NULL,NULL,"22.64","584",NULL,NULL,"594","35","UNSTABLE","TRLGR","R","L","1.05583","0.506281","2.17687","7.4567","3.73175","11.9097","0.243166","0.120687","0.506233","0.708481","0.241572","1.22728","20.4747","11.8063","40.3862","35.9487","68.5021","2.06023","0.107999","5.89781","14.9802","21.722","50.4303","1.41849","0.152264","-0.230944","0.100157","0.461888","0.343546","0.0014434","0.000625982","0.0028868","0.00000247527","0.0222437","0.0179487","0.0526864","90387.3","2085.48","6598.36","93.6389","5.67181","2169.05","1249.28","4940.41","114.231","28.1151","26.5511","67.0272","-50.7347","14.2302","570.046","489.569","2494.02","566.731","722.849","37.2897","5.15872","127.26","220.924","566.471","0.39"
"35_TRLGR_RR_V4_an8","35_TRLGR_RR_V4","7.59","29.08","195","765","0.03764","8","False","23.09",NULL,NULL,"23.49","606",NULL,NULL,"617","35","UNSTABLE","TRLGR","R","L","0.686231","0.257336","1.10725","3.89951","1.56887","6.39055","0.214593","0.134999","0.647046","0.499481","0.20838","1.07636","6.97141","2.68533","13.9836","16.7022","13.6161","0.847819","0.171146","3.03824","3.37245","9.63833","12.0833","0.461814","0.258555","-0.142035","0.0802694","0.274918","0.325769","0.000940688","0.000393494","0.00171824","0.00000103973","0.0182016","0.0133533","0.042814","90601.4","2128.6","7824.05","90.9503","4.13694","2539.91","904.702","4238.92","28.5797","-25.1645","6.25447","9.10447","-48.687","2.72847","366.702","208.357","1443.72","366.791","736.154","37.7878","5.13314","125.734","146.705","366.763","0.4"
"35_TRLGR_RR_V4_an9","35_TRLGR_RR_V4","7.59","29.08","195","765","0.03764","9","False","23.86","24.02","25.69","25.8","627","631","675","678","35","STABLE","TRLGR","R","L","0.580801","0.403176","2.1045","0.860938","0.660967","3.65349","0.223471","0.157904","0.776808","0.219793","0.14544","0.759206","9.89951","4.02921","26.3404","16.8171","33.5137","0.396645","0.205538","6.51794","9.94237","18.9567","39.4317","0.440605","0.222723","-0.165552","0.0984243","0.341428","0.372594","0.00104882","0.000590767","0.00213392","0.00000144902","0.0145341","0.0127901","0.0511119","88454.7","2383.3","11557.5","89.5711","3.15042","2374.7","2107.86","9162.89","37.7211","-38.0946","11.2564","30.1218","-37.6972","8.142","362.902","201.348","1505.14","362.874","747.495","15.081","2.01754","73.8535","605.928","362.831","1.67"
"35_TRLGR_RR_V4_an10","35_TRLGR_RR_V4","7.59","29.08","195","765","0.03764","10","False","26.47","26.73","27.9","28.09","696","703","734","739","35","STABLE","TRLGR","R","L","0.343106","0.369345","1.98946","0.726077","0.428244","1.74014","0.146073","0.124119","0.712212","0.296025","0.245304","0.932368","7.68058","4.31636","17.9009","23.7124","16.6328","0.316998","0.0797825","7.94427","6.42339","25.5567","20.431","0.325611","0.146642","-0.140566","0.0779027","0.252171","0.341803","0.000933748","0.000370144","0.00157607","0.00000100889","0.0121691","0.00959459","0.0392041","90698.1","3477.03","12809.5","91.2593","4.28858","2527.76","2524.86","10300","23.5643","-40.3041","6.76595","29.3097","-45.8053","10.3929","361.498","188.172","1110.23","361.499","750.263","9.29839","1.23935","40.8936","422.903","361.456","1.17"
"35_TRLGR_RR_V4_an11","35_TRLGR_RR_V4","7.59","29.08","195","765","0.03764","11","False","28.7",NULL,NULL,"29.08","755",NULL,NULL,"765","35","UNSTABLE","TRLGR","R","L","0.290154","0.104713","0.556684","1.26625","0.477626","1.99211","0.110136","0.0567581","0.291729","0.321208","0.175145","0.719891","3.24354","1.68591","7.60161","4.772","9.79728","0.344599","0.143025","2.53223","1.30302","7.23433","4.69333","0.275963","0.0777292","0.22808","0.164012","0.43593","0.576447","0.00158518","0.00075501","0.00272456","0.00000308283","0.014016","0.012622","0.0380397","100749","5746.06","15736.5","92.8693","2.84848","3004.36","2147.19","8462.25","34.1731","-21.3728","10.3221","4.61913","-51.0137","1.51781","359.733","196.424","1342.16","359.548","753.577","15.1808","2.01449","51.5757","136.638","359.574","0.38"
"36_MNTRL_RR_V1_an1","36_MNTRL_RR_V1","7.64","28.16","191","728","0.03821","1","False","10.8","11.08","13.43","13.65","273","281","342","348","36","STABLE","MNTRL","L","R","0.446001","0.265922","1.77693","0.785961","0.856952","4.45579","0.161636","0.138745","0.984282","0.167749","0.134193","0.779296","10.344","7.52105","42.5825","17.9915","50.9033","0.357894","0.304259","4.84869","11.7341","18.6583","53.4537","0.358317","0.288649","0.0848299","0.175538","0.463188","0.694886","0.00101138","0.00067961","0.00289493","0.00000148476","0.014594","0.0122917","0.0500186","100893","3349.98","15323","101.871","7.50552","2498.19","2423.88","15323","31.1895","122.46","7.40004","24.4267","67.4697","5.67333","449.836","245.225","1569.83","449.829","633.795","12.6574","1.99708","79.0415","1057.13","449.842","2.35"
"36_MNTRL_RR_V1_an2","36_MNTRL_RR_V1","7.64","28.16","191","728","0.03821","2","False","18.3","18.58","22.71","22.99","470","477","585","592","36","STABLE","MNTRL","L","R","0.474633","0.416148","3.03017","0.572373","0.529333","2.73262","0.198627","0.204614","1.47886","0.146595","0.107798","0.861365","8.17377","5.37408","29.8109","12.3097","44.3387","0.254014","0.200832","3.61348","9.21136","12.6827","41.3983","0.252962","0.162061","-0.134726","0.165733","0.569929","0.994723","0.00116435","0.000652891","0.00356206","0.00000178197","0.0181663","0.0139945","0.0636323","91918.9","4772.72","24595.9","93.7754","2.68986","2817.59","2119.87","8524.37","41.2257","121.986","9.15442","32.2453","56.0969","8.42363","458.29","246.658","1781.48","458.294","635.339","10.6248","1.6723","62.8672","1892.77","458.299","4.13"
"36_MNTRL_RR_V1_an3","36_MNTRL_RR_V1","7.64","28.16","191","728","0.03821","3","True","26.34","26.68","27.36","27.68","680","689","707","715","36","STABLE","MNTRL","L","R","0.709283","0.458154","1.84001","0.692419","0.170903","1.13468","0.235328","0.145107","0.592544","0.17608","0.0844932","0.404561","14.5589","7.91046","31.968","30.0109","44.8552","0.940901","0.207188","11.4608","8.85201","38.2173","30.354","0.844473","0.159055","-0.199609","0.099196","0.45168","0.38207","0.00124755","0.000619975","0.002823","0.00000194076","0.0183058","0.0110738","0.039033","90577.8","2206.86","8687.33","94.1926","2.70341","2207.94","2135.76","8687.33","52.9325","119.175","12.0225","16.9688","36.3754","4.13499","501.387","279.855","1677.33","501.565","633.516","16.7209","2.63938","67.75","341.025","501.507","0.68"
"36_MNTRL_RR_V2_an1","36_MNTRL_RR_V2","7.62","28.25","189","729","0.03817","1","False","10.28",NULL,NULL,"11.23","258",NULL,NULL,"283","36","UNSTABLE","MNTRL","L","R","0.489769","0.315391","1.51576","2.90396","1.81483","5.97183","0.260028","0.237928","1.3425","0.337064","0.194651","0.841005","9.44543","5.09964","25.6706","11.1017","32.1059","0.630021","0.358525","2.71468","7.36689","12.2627","29.7497","0.462186","0.420373","-0.0480034","0.0624531","0.179647","0.280782","0.00039883","0.000288628","0.00112279","0.000000242372","0.0115355","0.00915378","0.0340945","99891.3","4252.3","14149.2","108.846","3.06726","4463.45","3502.86","11037.3","66.36","137.34","22.3237","11.9221","69.4563","2.57361","476.315","262.902","1677.46","476.613","636.549","28.4038","4.46215","142.824","452.828","476.661","0.95"
"36_MNTRL_RR_V2_an2","36_MNTRL_RR_V2","7.62","28.25","189","729","0.03817","2","False","11.57",NULL,NULL,"12.26","292",NULL,NULL,"310","36","UNSTABLE","MNTRL","L","R","0.481445","0.274112","1.47191","3.21969","2.18145","6.59089","0.281538","0.28056","1.19305","0.390759","0.164485","0.825388","5.5648","3.92822","16.6727","5.63772","13.0655","0.540693","0.304968","2.051","0.821669","7.67633","4.49367","0.299008","0.207465","0.0678562","0.154964","0.352514","0.612168","0.000841701","0.000639875","0.00220321","0.0000011179","0.0210787","0.0144263","0.0481778","102439","3986.02","17240.7","99.6793","4.08466","2705.02","2132.33","6332.07","27.7667","158.849","6.37768","5.4786","76.9092","1.25407","476.851","280.781","2085.5","477.103","631.424","33.7567","5.34612","115.969","329.147","477.025","0.69"
"36_MNTRL_RR_V2_an3","36_MNTRL_RR_V2","7.62","28.25","189","729","0.03817","3","False","12.56","12.65","15.15","15.51","318","320","386","395","36","STABLE","MNTRL","L","R","0.993386","1.42256","6.81007","1.63646","1.60045","8.76928","0.32643","0.379129","2.36714","0.264372","0.18578","0.826722","22.1278","5.85922","33.1618","39.8429","52.5326","0.621511","0.393601","14.1813","14.0817","39.3073","47.5793","0.507401","0.403227","-0.0684331","0.139607","0.35605","0.641672","0.000811095","0.000535154","0.00222531","0.000000944265","0.0164134","0.011886","0.045874","92014","5376.34","19992.6","92.8965","3.00945","1582.68","1466.09","6976.6","115.736","162.88","25.0116","56.1942","61.1137","19.2135","499.938","325.299","3370.7","499.783","631.731","27.1203","4.29301","220.036","1249.51","499.804","2.5"
"36_MNTRL_RR_V2_an4","36_MNTRL_RR_V2","7.62","28.25","189","729","0.03817","4","False","18.19","18.44","21.08","21.35","465","472","541","548","36","STABLE","MNTRL","L","R","0.390731","0.230348","1.27293","0.597833","0.578754","3.0917","0.206132","0.185058","1.25215","0.153377","0.133667","0.844561","8.76436","5.72809","32.85","5.88122","42.8673","0.29225","0.211898","3.24889","10.4892","11.4903","46.18","0.305163","0.219181","-0.178594","0.168276","0.592485","0.831055","0.0012679","0.000862839","0.00370303","0.00000235206","0.0219049","0.0155827","0.0755727","93334.9","4307.07","21380.6","92.7427","2.01473","3060.48","2491.43","11586.1","33.7886","148.402","9.8441","22.8929","67.5104","5.54134","459.444","257.639","1706.74","459.307","635.582","8.36425","1.316","48.5239","1212.63","459.331","2.64"
"36_MNTRL_RR_V2_an5","36_MNTRL_RR_V2","7.62","28.25","189","729","0.03817","5","True","25.94","26.4",NULL,"28.25","668","680",NULL,"729","36","STABLE","MNTRL","L","R","0.710315","0.663837","2.93503","1.10329","0.999441","3.4755","0.216384","0.170179","1.34595","0.199657","0.14506","0.878495","11.0447","4.78527","29.0526","18.7944","36.6015","0.329886","0.205407","6.35117","11.5991","24.0537","44.6537","0.36045","0.246372","-0.146741","0.0977212","0.334704","0.425298","0.000957438","0.00054541","0.0020919","0.00000121416","0.0134401","0.0108661","0.0481502","88952.5","3312.07","17906","92.4061","1.84115","2433.73","1706.25","7507.36","48.469","149.818","12.7806","35.2785","52.4478","10.9065","488.582","271.791","1652.27","488.69","633.754","16.2387","2.5623","81.7881","904.112","488.709","1.85"
"36_MNTRL_RR_V3_an1","36_MNTRL_RR_V3","7.62","28.9","189","747","0.03807","1","False","10.15","10.55","12.26","12.53","255","265","310","317","36","STABLE","MNTRL","L","R","0.509888","0.413394","2.26467","1.39934","0.806412","3.66911","0.282375","0.299284","1.58841","0.287365","0.203623","1.12929","8.6884","3.99616","22.426","18.429","29.4188","0.391507","0.223086","4.70354","6.33129","16.2853","23.8007","0.348092","0.206535","-0.0504101","0.138881","0.314961","0.590856","0.000716476","0.000582545","0.00196851","0.000000852697","0.0114341","0.00974835","0.0423244","99644","3957.02","22915.3","106.643","7.15957","3631.74","3905.3","16800.7","115.149","25.3307","25.4946","25.1807","74.3819","5.72281","505.707","307.189","2788.01","505.54","635.771","22.67","3.56575","144.96","864.662","505.65","1.71"
"36_MNTRL_RR_V3_an2","36_MNTRL_RR_V3","7.62","28.9","189","747","0.03807","2","False","13.39","13.65","14.49","14.78","340","347","369","377","36","STABLE","MNTRL","L","R","0.664257","0.451166","2.37195","1.22185","0.672875","2.96209","0.246205","0.177809","0.857407","0.280712","0.178008","0.826298","5.28515","3.34224","16.4435","4.4255","22.1687","0.444938","0.230298","1.37519","4.95081","4.269","20.017","0.379493","0.250439","-0.0873676","0.173628","0.327933","0.633704","0.00106669","0.000581331","0.00204958","0.00000147577","0.0171688","0.0118576","0.0457442","94311.2","5307.75","18632.2","93.7219","0.730056","1760.63","1218.33","4155.24","42.2009","20.5284","11.8515","24.8854","72.5026","6.27108","431.477","241.002","1496.58","431.57","630.795","22.1153","3.50593","91.8598","362.581","431.644","0.84"
"36_MNTRL_RR_V3_an3","36_MNTRL_RR_V3","7.62","28.9","189","747","0.03807","3","False","18.56","18.88","22.63","23","476","484","583","592","36","STABLE","MNTRL","L","R","0.550796","0.396552","2.18999","0.671618","0.421047","1.88792","0.232162","0.208868","1.38482","0.16831","0.10974","0.740043","14.5365","6.36784","28.548","44.2169","31.5581","0.399373","0.244735","13.7778","10.4621","55.4107","32.862","0.364759","0.259097","-0.197777","0.245531","0.940516","1.32872","0.0015812","0.00117588","0.00587822","0.00000388287","0.019484","0.0172955","0.0844303","93457.2","6400.62","30258.5","93.0298","2.96789","3464.76","2739.69","13448.8","79.6531","49.208","18.6289","48.0449","68.4935","12.9985","442.407","247.154","1752.95","442.414","635.866","15.3205","2.40938","128.176","1659.08","442.42","3.75"
"36_MNTRL_RR_V3_an4","36_MNTRL_RR_V3","7.62","28.9","189","747","0.03807","4","True","26.1","26.4",NULL,"28.9","674","682",NULL,"747","36","STABLE","MNTRL","L","R","0.324002","0.295356","1.61958","0.494521","0.429293","1.78954","0.21168","0.215721","1.04273","0.131407","0.0948426","0.570744","7.204","3.74201","21.3311","6.27589","29.164","0.189271","0.112599","1.95026","8.34028","6.70633","27.6833","0.190468","0.127519","-0.183276","0.0985932","0.472479","0.472539","0.00114549","0.000616186","0.00295299","0.00000169182","0.0183515","0.01179","0.0474572","88179.6","2972.2","12523.7","92.0356","2.21717","2431.76","1960.78","7761.98","24.6608","24.5298","6.0145","24.2457","67.2954","6.32145","431.144","237.74","1608.42","431.067","635.739","9.01384","1.41785","73.2431","1077.71","431.084","2.5"
"36_MNTRL_RR_V4_an1","36_MNTRL_RR_V4","7.81","29.1","194","753","0.03808","1","False","10.14","10.4","14.47","14.78","255","262","368","377","36","STABLE","MNTRL","L","R","0.385029","0.349731","2.8466","0.640161","0.443082","2.44016","0.172821","0.160127","1.05927","0.159659","0.108146","0.684178","10.0964","4.55925","21.5652","28.6258","31.9989","0.288122","0.158948","9.96251","7.03817","32.2817","32.5427","0.30078","0.172691","-0.00464188","0.141064","0.29243","0.573134","0.000743558","0.000474621","0.00182769","0.000000778144","0.0153573","0.011606","0.0565529","100206","3710.07","22062.5","102.837","8.12499","2792.24","2883.39","21250.9","71.2168","30.2571","17.93","41.5557","72.7304","10.0296","443.052","242.472","1579.37","442.996","634.962","11.1248","1.75204","70.8017","1802.78","442.944","4.07"
"36_MNTRL_RR_V4_an2","36_MNTRL_RR_V4","7.81","29.1","194","753","0.03808","2","False","18.31","18.55","22.05","22.34","469","476","567","575","36","STABLE","MNTRL","L","R","0.477823","0.400628","2.52216","0.786885","0.618684","4.7631","0.169486","0.122873","0.811774","0.18259","0.137935","1.07721","15.0491","9.90452","44.0297","49.4941","52.1281","0.306405","0.148304","9.25908","16.4753","44.0943","58.0283","0.30104","0.188545","-0.183216","0.0907581","0.399642","0.412717","0.00114688","0.000563638","0.00249776","0.00000163301","0.0160682","0.0112919","0.0503214","90375.7","3374.42","20022.4","93.9226","2.39","2572.54","2168.84","9690.18","68.6895","38.1407","12.9739","37.7972","57.0585","10.276","452.342","253.057","1649.26","452.375","634.759","12.7861","2.01432","101.015","1583.21","452.345","3.5"
"36_MNTRL_RR_V4_an3","36_MNTRL_RR_V4","7.81","29.1","194","753","0.03808","3","False","22.69",NULL,NULL,"23.15","585",NULL,NULL,"597","36","UNSTABLE","MNTRL","L","R","1.08241","0.24819","1.73635","5.91526","4.12928","12.7959","0.340777","0.284729","1.39277","0.663996","0.326556","1.7709","32.6291","17.2327","64.4614","86.8987","76.1939","2.74431","0.436441","22.7361","16.6729","76.192","56.9527","2.29692","0.392376","-0.183045","0.106763","0.37088","0.394213","0.00116647","0.000627223","0.002318","0.00000175405","0.0226954","0.0169334","0.0647014","87167.5","2581.29","8073.92","91.726","1.49876","1960.54","1072.31","3355.95","183.586","-28.2358","39.047","37.8237","44.1662","7.79569","730.714","754.263","4663.19","728.332","639.427","88.8179","13.8902","328.985","334.871","727.98","0.46"
"36_MNTRL_RR_V4_an4","36_MNTRL_RR_V4","7.81","29.1","194","753","0.03808","4","True","26.19","26.44",NULL,"29.1","676","683",NULL,"753","36","STABLE","MNTRL","L","R","0.458494","0.341848","1.73237","0.527938","0.46967","2.85262","0.17448","0.108421","0.735125","0.143057","0.105275","0.618705","6.04083","5.59496","30.668","5.09094","36.9308","0.251648","0.197146","1.61832","7.46887","6.06633","36.4357","0.256974","0.20931","-0.202676","0.0925397","0.435083","0.476319","0.00127399","0.000562201","0.00271927","0.00000193911","0.0183505","0.0127488","0.0591527","89742.4","2910.71","14142.6","93.5323","2.24364","2622.84","1902.85","7739.17","24.0631","22.1152","5.22478","27.8616","65.3996","7.5578","439.727","235.296","1533.22","439.632","635.79","10.4557","1.64452","58.8999","1169.34","439.6","2.66"
"36_MNTRR_RR_V1_an1","36_MNTRR_RR_V1","7.57","28.02","189","724","0.03822","1","False","9.66","9.78","12.88","13.18","243","246","327","335","36","STABLE","MNTRR","R","L","1.11451","0.954353","5.44976","2.52801","2.44348","11.3602","0.298498","0.260429","1.61695","0.317636","0.194859","1.18017","42.3075","23.6276","113.333","153.973","110.575","0.778974","0.473435","43.8612","25.5954","149.064","103.815","0.709934","0.298952","-0.00635822","0.156916","0.351051","0.656512","0.000805796","0.000560434","0.00219407","0.000000963395","0.0143586","0.0113404","0.047329","100390","4268.64","22823.6","100.24","3.49816","3895.92","3884.16","18599.8","131.583","55.3612","43.1454","58.9356","-63.016","16.6053","496.827","336.174","3699.22","496.944","637.113","29.4987","4.63005","263.981","1540.29","496.869","3.1"
"36_MNTRR_RR_V1_an2","36_MNTRR_RR_V1","7.57","28.02","189","724","0.03822","2","False","13.91",NULL,NULL,"14.56","355",NULL,NULL,"372","36","UNSTABLE","MNTRR","R","L","1.26946","0.354565","1.95705","5.04758","2.65559","10.2964","0.309263","0.187755","1.17712","0.485364","0.193929","0.943155","48.847","24.3219","93.7118","97.4364","128.204","2.99836","0.183029","32.3281","29.9523","112.996","109.554","2.59547","0.570023","-0.0514552","0.0733206","0.217954","0.29665","0.000427675","0.000361268","0.00136221","0.00000031342","0.0114385","0.00868038","0.0338315","96865.2","3569.09","10355.2","96.8457","0.48431","2363.9","1583.08","5881.66","97.1475","-6.19612","27.0867","37.6961","-39.3844","12.5022","497.995","292.544","1920.23","497.954","626.407","23.2336","3.70902","97.0478","323.675","497.961","0.65"
"36_MNTRR_RR_V1_an3","36_MNTRR_RR_V1","7.57","28.02","189","724","0.03822","3","False","17.81","18.03","20.44","20.55","456","462","525","528","36","STABLE","MNTRR","R","L","1.36263","0.98124","4.77821","3.09963","2.35645","12.8314","0.37562","0.273738","1.47078","0.473997","0.279016","1.47937","38.4878","23.3022","132.146","52.3531","169","1.22027","0.775621","16.0338","36.5815","47.7043","164.451","1.0809","0.87872","-0.0621226","0.167477","0.435803","0.829792","0.000950135","0.000586209","0.00272377","0.0000012464","0.0181364","0.0124946","0.0530199","92443.6","5795.43","28536.8","92.8975","2.10616","3499.97","2723.04","12903.5","124.052","25.4845","35.0205","41.7385","-59.7639","13.3636","478.836","307.957","2675.74","478.903","636.318","39.2054","6.16129","267.033","1153.93","478.808","2.41"
"36_MNTRR_RR_V1_an4","36_MNTRR_RR_V1","7.57","28.02","189","724","0.03822","4","True","25.56","25.8","27.39","27.49","659","666","707","710","36","STABLE","MNTRR","R","L","0.618662","0.404491","2.28679","2.06744","2.18368","11.3083","0.269747","0.244654","1.20651","0.328084","0.230691","1.37637","20.5517","15.0801","82.4102","18.3928","100.666","0.839279","0.792497","14.2711","30.0863","42.2667","117.801","1.02818","0.769843","-0.229072","0.216403","0.872609","1.05044","0.00154484","0.0012217","0.00545381","0.00000387907","0.023458","0.0169759","0.0730844","93702.1","3862.97","16053.3","93.5162","2.09938","3619.83","2108.17","7725.89","65.8308","9.64404","17.4495","11.5002","-86.5668","2.07351","445.185","244.789","1420.94","445.281","636.675","16.2885","2.55838","83.0097","707.917","445.231","1.59"
"36_MNTRR_RR_V2_an1","36_MNTRR_RR_V2","7.65","30.28","189","778","0.03838","1","False","9.8","10.15","13.81","13.97","245","254","349","353","36","STABLE","MNTRR","R","L","0.736169","0.566605","2.64238","1.94144","1.54362","9.77526","0.166293","0.115569","0.671107","0.320819","0.200518","1.11161","22.6884","21.3158","128.914","27.1953","155.747","0.632472","0.686591","12.0299","36.5774","49.8343","166.726","0.636418","0.670996","0.0186382","0.144368","0.393575","0.698753","0.000748971","0.000516487","0.00245984","0.000000827717","0.0156549","0.0112275","0.0483178","100413","3784.12","20024.9","102.352","6.92245","3492.64","3196.03","15136.2","64.0412","85.8248","15.6842","42.4749","-86.5403","12.6316","451.684","248.665","1675.93","451.684","640.619","13.6771","2.13499","119.631","1653.28","451.717","3.66"
"36_MNTRR_RR_V2_an2","36_MNTRR_RR_V2","7.65","30.28","189","778","0.03838","2","False","17.91","18.22","21.49","21.71","456","464","549","555","36","STABLE","MNTRR","R","L","1.62224","1.22134","7.07519","2.12292","1.38995","5.60297","0.398208","0.381296","2.6801","0.347626","0.202606","1.21159","43.258","21.4967","123.714","51.6288","171.369","0.994619","0.486562","19.0956","43.9581","60.6383","170.444","0.917732","0.509281","-0.13528","0.146316","0.383355","0.72849","0.0010938","0.000595608","0.00239597","0.00000155114","0.020961","0.0162744","0.0631673","89953.9","5575.39","33645.6","92.3398","1.92919","3045.83","2956.85","21072.2","180.441","124.706","45.6847","100.963","-72.0101","30.8937","602.888","554.487","9369.87","602.906","642.473","58.7859","9.14995","547.494","1971.85","603.013","3.27"
"36_MNTRR_RR_V2_an3","36_MNTRR_RR_V2","7.65","30.28","189","778","0.03838","3","True","23.78","24.15","29.13","29.28","609","618","748","752","36","STABLE","MNTRR","R","L","0.58","0.506474","2.6022","1.05982","1.57942","11.9626","0.197353","0.1585","1.08971","0.214626","0.163739","1.14815","25.7951","21.2677","139.972","68.0506","157.118","0.474584","0.653347","28.0552","36.3918","85.303","185.08","0.530692","0.602695","-0.185911","0.132123","0.513149","0.734214","0.00121633","0.000743337","0.00320718","0.00000203202","0.0187399","0.0134949","0.0645951","91033.6","4363.36","33462.3","92.6204","2.42262","2904.61","2346.95","13982","97.6817","72.3259","23.0188","38.3706","-96.1929","8.74193","444.898","244.82","1876.36","444.917","640.547","15.7017","2.4513","110.476","2215.7","444.92","4.98"
"36_MNTRR_RR_V3_an1","36_MNTRR_RR_V3","7.62","29","191","750","0.03818","1","False","9.81","10.3","14.69","15.21","248","261","376","389","36","STABLE","MNTRR","R","L","0.492978","0.44896","2.47583","0.939796","0.896318","4.11647","0.14856","0.109218","0.8077","0.18005","0.126062","0.728023","4.81483","3.9328","14.9228","17.9348","18.1009","0.211497","0.140559","6.20808","6.60019","24.7603","24.6753","0.209962","0.153215","0.00345415","0.146265","0.337862","0.643456","0.000758327","0.000510968","0.00211164","0.000000836148","0.0172616","0.0126546","0.0475429","97745.2","5272.32","29080.6","99.9036","8.58372","2695.21","2767.81","15803","69.14","64.365","12.8187","42.3379","-79.9337","10.7042","439.335","241.01","1685.5","439.318","641.997","11.5292","1.79583","60.1206","1928.72","439.345","4.39"
"36_MNTRR_RR_V3_an2","36_MNTRR_RR_V3","7.62","29","191","750","0.03818","2","False","18.15","19.18","22.58","22.96","467","493","582","592","36","STABLE","MNTRR","R","L","0.618399","0.501976","2.83152","0.965544","0.808835","3.59575","0.202185","0.15244","0.986884","0.21393","0.167026","0.943019","9.52503","3.76973","16.6537","22.0124","27.454","0.271123","0.189018","4.86637","8.11649","18.8873","27.7127","0.231479","0.161645","-0.150509","0.117287","0.383806","0.562561","0.00103419","0.000593881","0.00239879","0.00000142224","0.0184944","0.0161468","0.0920903","89494","3386.09","16733.1","93.4936","2.0279","2476.78","1645.48","7273.74","96.9075","65.8506","18.0546","41.3749","-76.6143","10.1289","470.38","277.287","2242.54","470.403","640.34","19.3366","3.01975","163.881","1599.45","470.426","3.4"
"36_MNTRR_RR_V3_an3","36_MNTRR_RR_V3","7.62","29","191","750","0.03818","3","True","26.02","26.43",NULL,"29","672","684",NULL,"750","36","STABLE","MNTRR","R","L","0.382083","0.283758","1.50752","0.333397","0.357483","2.97608","0.151209","0.107682","0.778666","0.12475","0.0971591","0.820229","4.88016","3.87646","19.6697","8.55628","24.2494","0.176483","0.106238","2.87503","6.11467","11.275","26.775","0.184638","0.13438","-0.210319","0.0977297","0.515347","0.479727","0.00131449","0.000610811","0.00322092","0.00000210098","0.0155676","0.01185","0.044887","90248.8","2399.8","9999.94","94.116","2.33316","2256.21","1547.29","6630.91","22.4885","62.846","5.32968","22.2748","-83.8405","5.86995","435.463","234.577","1409.92","435.415","641.884","8.29382","1.29211","46.6928","1119.08","435.442","2.57"
"36_MNTRR_RR_V4_an1","36_MNTRR_RR_V4","7.54","28.9","189","748","0.03818","1","False","9.8","10.13","14.59","14.93","248","256","373","382","36","STABLE","MNTRR","R","L","0.384511","0.379168","1.9027","0.474369","0.481452","2.63948","0.137892","0.12044","0.967939","0.139949","0.113938","0.663293","4.91957","2.76805","16.9729","13.8801","20.8027","0.19519","0.124224","4.57106","4.61814","19.5387","21.401","0.190114","0.108285","0.00610131","0.162435","0.372467","0.726161","0.000829313","0.000586823","0.00232792","0.00000103212","0.0163104","0.0126451","0.0640015","99754.4","4980.28","26116.2","100.396","8.90866","3157.14","3200.64","16179.3","43.5796","66.1968","9.00296","30.9037","-74.8211","7.28878","442.136","244.759","1578.6","442.194","642.083","12.3256","1.91963","95.521","1972.05","442.164","4.46"
"36_MNTRR_RR_V4_an2","36_MNTRR_RR_V4","7.54","28.9","189","748","0.03818","2","False","18.12","18.5","22.3","22.75","466","476","575","587","36","STABLE","MNTRR","R","L","0.441113","0.380178","2.29116","0.694266","0.561199","3.31197","0.154512","0.111825","0.761045","0.225137","0.170253","0.935073","10.4967","5.80482","25.1588","27.3683","32.7766","0.235333","0.131431","9.52588","7.59066","30.0937","34.0217","0.214636","0.113269","-0.148692","0.127236","0.43725","0.758393","0.00105124","0.000625237","0.00273281","0.00000149603","0.0160721","0.011972","0.0642485","88732.4","3564","19037.3","93.0484","1.85213","2702.69","1968.04","7351.27","55.7476","82.3793","13.1149","26.9842","-80.2611","8.14495","442.708","244.598","1559.21","442.814","641.818","8.56965","1.33521","61.0361","1682.54","442.773","3.8"
"36_MNTRR_RR_V4_an3","36_MNTRR_RR_V4","7.54","28.9","189","748","0.03818","3","True","26.05","26.45",NULL,"28.9","673","684",NULL,"748","36","STABLE","MNTRR","R","L","0.421621","0.292821","1.63628","0.425162","0.262789","1.13045","0.133548","0.0797854","0.454149","0.142767","0.0921339","0.595639","4.83401","1.9818","12.4155","11.1284","18.5132","0.191616","0.133648","3.58639","6.37028","13.6153","25.2633","0.21867","0.154782","-0.197488","0.0891668","0.416378","0.42453","0.00123587","0.000553807","0.00260236","0.00000183407","0.0177692","0.011866","0.0493742","88240.5","2351.89","10586.4","93.6751","1.95494","2090.87","1632.05","6516.78","30.9927","70.4339","6.90499","28.8116","-76.731","7.28164","433.867","235.733","1500.28","433.825","642.126","9.79622","1.52559","51.5757","1062.75","433.777","2.45"
"36_TRLGL_RR_V1_an1","36_TRLGL_RR_V1","7.6","28.88","191","750","0.03802","1","False","10.24",NULL,NULL,"10.71","260",NULL,NULL,"272","36","UNSTABLE","TRLGL","L","R","0.767551","0.525737","2.27326","3.23368","1.23035","5.38272","0.325711","0.287074","1.67953","0.401057","0.161208","0.717349","9.2512","4.76265","21.5903","3.95822","32.5348","0.824766","0.291276","3.88637","8.3658","14.1753","27.9823","0.829323","0.516997","-0.029254","0.0461767","0.12375","0.154599","0.000251606","0.00023112","0.000773437","0.000000116722","0.0080751","0.00763517","0.0254141","103476","5002.58","19967.6","111.577","2.30024","5980.67","4909","16146.6","33.5018","56.1567","11.2805","15.5603","66.2622","5.79173","464.926","248.885","1553.61","464.894","628.993","26.3929","4.19606","93.3857","218.499","464.892","0.47"
"36_TRLGL_RR_V1_an2","36_TRLGL_RR_V1","7.6","28.88","191","750","0.03802","2","False","11.15","11.43","11.59","11.85","284","291","295","302","36","STABLE","TRLGL","L","R","0.760929","0.553897","1.58377","1.27872","0.264945","1.61469","0.317242","0.270553","1.05272","0.274064","0.0738317","0.444731","1.37261","0.667278","2.69047","0.211944","2.19067","0.325429","0.085817","0.625309","0.926135","1.83133","2.97033","0.243083","0.120875","-0.136563","0.0996461","0.305384","0.272479","0.000853516","0.000622788","0.00190865","0.00000111635","0.0210237","0.0157312","0.044792","98969.7","1870.57","5070.14","115.602","0.85559","2932.06","1625.17","5070.14","12.5068","35.6956","3.70726","10.7996","66.2491","3.14884","452.658","241.288","1256.42","451.71","652.007","26.3363","4.03926","77.5156","72.2934","451.834","0.16"
"36_TRLGL_RR_V1_an3","36_TRLGL_RR_V1","7.6","28.88","191","750","0.03802","3","False","12.25","12.46","21.85","22.1","313","318","565","572","36","STABLE","TRLGL","L","R","0.428935","0.373777","2.56684","0.542561","0.495938","5.46269","0.167956","0.150125","1.35231","0.135125","0.0990583","0.854154","15.6391","5.78042","37.6447","57.0633","36.8856","0.236538","0.146489","13.1706","10.3698","58.052","36.313","0.227164","0.131619","-0.143575","0.137234","0.465739","0.82697","0.00108374","0.000605317","0.00291087","0.00000154089","0.0178483","0.0136024","0.0830701","91246.6","4379.08","25272.7","92.9665","2.5317","2434.52","1816.04","8393.48","66.5473","56.722","11.921","45.7451","61.6586","11.7159","443.625","245.733","1824.97","443.644","635.214","10.438","1.64322","82.0942","4165.69","443.63","9.39"
"36_TRLGL_RR_V1_an4","36_TRLGL_RR_V1","7.6","28.88","191","750","0.03802","4","False","22.6",NULL,NULL,"22.87","585",NULL,NULL,"592","36","UNSTABLE","TRLGL","L","R","0.603019","0.327252","1.41971","5.56493","3.65063","10.8438","0.234209","0.106309","0.442169","0.670859","0.245863","1.17261","18.356","9.94091","34.9844","45.9442","50.0199","2.5744","0.166481","10.1621","6.91582","32.6067","23.7377","1.5261","0.31266","-0.195858","0.0509762","0.249669","0.134511","0.00122411","0.000318601","0.00156043","0.00000159996","0.0086477","0.00651278","0.0204932","88226.9","1872.6","5019.91","93.253","0.562268","2446.09","1573.57","4513.01","22.491","72.9852","5.49223","6.25509","80.5852","1.89318","474.299","279.44","1739.9","475.036","634.333","83.503","13.1639","269.475","128.253","475.01","0.27"
"36_TRLGL_RR_V1_an5","36_TRLGL_RR_V1","7.6","28.88","191","750","0.03802","5","False","23.21","23.45","25.19","25.35","601","607","653","657","36","STABLE","TRLGL","L","R","0.576239","0.497804","2.13129","0.652765","0.520144","2.6381","0.256084","0.23635","1.66771","0.155262","0.107357","0.713639","6.63874","3.57236","18.3847","11.1681","22.1942","0.350249","0.163719","2.97075","6.12457","9.352","19.818","0.311394","0.131104","-0.190616","0.0854658","0.331293","0.361615","0.00119942","0.000515799","0.00207058","0.00000170465","0.0175666","0.0137059","0.0485433","88847","2188.79","9289.82","91.528","1.597","2085.27","1750.73","7541.57","37.6133","42.9234","10.2448","21.0366","68.2752","5.81821","453.653","253.307","1659.86","453.673","631.794","14.0294","2.22057","66.2241","789.387","453.671","1.74"
"36_TRLGL_RR_V1_an6","36_TRLGL_RR_V1","7.6","28.88","191","750","0.03802","6","False","25.71","25.88","26.43","26.6","667","671","686","690","36","STABLE","TRLGL","L","R","0.485629","0.410857","1.88929","1.29712","0.825662","3.65228","0.244422","0.177493","0.659728","0.334181","0.192823","0.933506","2.12381","1.19922","6.42033","1.59178","7.93144","0.337924","0.182726","0.963692","1.9315","3.55867","6.92","0.191108","0.10084","-0.221522","0.104663","0.425896","0.417358","0.00138451","0.000654142","0.00266185","0.00000234477","0.0215932","0.0147396","0.0589668","87844.1","2042.82","8057.62","90.9423","1.11912","1955.64","1776.05","6439.53","6.96916","40.8459","1.88233","22.1289","71.9194","6.33521","445.655","241.54","1380.03","445.738","618.579","27.6811","4.47496","102.541","245.123","445.677","0.55"
"36_TRLGL_RR_V1_an7","36_TRLGL_RR_V1","7.6","28.88","191","750","0.03802","7","False","26.92","27.15","27.8","28.08","699","705","722","729","36","STABLE","TRLGL","L","R","0.748319","0.421381","2.03852","1.10907","0.775922","3.49416","0.253436","0.201059","0.978258","0.275457","0.175277","0.909623","9.97296","5.61647","21.2156","10.2174","36.5391","0.663182","0.127318","2.67064","5.88503","9.06633","19.6137","0.405119","0.0980108","-0.188729","0.0578593","0.312087","0.202059","0.00117956","0.000361621","0.00195054","0.00000152213","0.0114306","0.00582736","0.0236994","88960","2826.08","9736.33","93.0649","1.5929","2863.87","1776.79","5920.76","16.6452","49.1627","4.69824","23.4919","53.4095","8.10333","437.692","232.573","1421.02","437.046","629.812","21.6867","3.44336","75.6845","284.094","437.067","0.65"
"36_TRLGL_RR_V1_an8","36_TRLGL_RR_V1","7.6","28.88","191","750","0.03802","8","False","28.54",NULL,NULL,"28.87","741",NULL,NULL,"750","36","UNSTABLE","TRLGL","L","R","0.721171","0.361551","1.38309","4.51116","1.91346","7.82016","0.283082","0.178637","0.636878","0.425966","0.217994","0.922239","13.4394","7.4976","28.0769","26.9468","41.8076","1.52091","0.364397","2.35833","8.18392","8.371","28.2167","0.911285","0.131047","-0.122688","0.0824564","0.235707","0.275801","0.000816919","0.000431528","0.00147317","0.000000853573","0.0161287","0.0125002","0.0405045","88279.2","3571.41","12243.7","94.0383","3.40894","3480.38","1617.93","6463.19","39.4603","62.0378","15.2155","19.5718","81.6615","5.55237","447.119","236.929","1289.47","447.156","650.762","33.6696","5.17387","117.189","147.528","447.055","0.33"
"36_TRLGL_RR_V2_an1","36_TRLGL_RR_V2","7.61","29.51","192","768","0.03799","1","False","9.99","12.68","13.66","19.48","254","325","351","504","36","STABLE","TRLGL","L","R","0.390179","0.243753","1.44271","0.329246","0.218608","1.20328","0.190715","0.185606","0.912651","0.108988","0.0595737","0.35585","4.4276","2.49731","11.4027","5.64278","15.4198","0.227166","0.0980857","1.92702","5.83709","6.09433","17.8543","0.291897","0.142896","-0.0811822","0.111025","0.226315","0.376769","0.000777525","0.000366608","0.00141447","0.000000738946","0.017038","0.0124365","0.0478758","95045","4562.04","16359.8","96.1082","0.941931","2326.14","1471.78","5900.5","25.1326","118.792","7.53758","26.3258","90.4752","8.24107","471.026","263.512","1483.23","470.51","636.39","5.13133","0.806318","21.9727","461.06","470.469","0.98"
"36_TRLGL_RR_V2_an2","36_TRLGL_RR_V2","7.61","29.51","192","768","0.03799","2","False","19.88","20.15","24.19","24.51","514","522","628","636","36","STABLE","TRLGL","L","R","0.576956","0.55861","3.55341","0.533446","0.653731","3.93717","0.205969","0.199429","1.9054","0.140367","0.126522","1.18332","5.74696","3.99364","20.1749","17.2168","26.7553","0.220928","0.138467","4.48862","6.77443","17.849","30.898","0.194165","0.122689","-0.193324","0.0940408","0.407649","0.475609","0.00122024","0.000562498","0.00254781","0.00000180539","0.0175785","0.0126512","0.0553328","88851.7","2952.64","12642.9","93.4385","2.28429","2422.98","1961.57","8723.96","41.9065","117.798","7.17818","30.7292","92.3075","6.98642","464.099","254.804","1757.03","464.149","637.313","13.0406","2.04618","120.241","1875.08","464.129","4.04"
"36_TRLGL_RR_V2_an3","36_TRLGL_RR_V2","7.61","29.51","192","768","0.03799","3","True","24.92","25.15",NULL,"29.51","647","653",NULL,"768","36","STABLE","TRLGL","L","R","0.526455","0.400304","2.31351","0.692863","0.573979","2.32878","0.195914","0.162048","1.33909","0.163112","0.115918","0.650185","5.51448","3.39652","20.2717","18.5611","29.7464","0.24043","0.179194","4.16101","5.74584","17.6533","34.2047","0.2302","0.193446","-0.185509","0.16928","0.706876","1.15451","0.00134655","0.000806507","0.00441797","0.00000246364","0.0168703","0.0155899","0.076645","91242.6","4979.06","25643.4","93.7964","2.28408","3080.58","2520.03","10721.5","54.1338","116.472","11.0647","38.3703","88.2784","9.43247","466.014","257.465","2209.62","466.061","636.542","9.02477","1.41778","65.6137","2031.84","466.019","4.36"
"36_TRLGL_RR_V3_an1","36_TRLGL_RR_V3","7.56","29.69","189","766","0.03831","1","False","9.9",NULL,NULL,"11.52","250",NULL,NULL,"292","36","UNSTABLE","TRLGL","L","R","0.7504","0.418258","1.86814","1.7483","1.68688","6.05487","0.273892","0.194171","0.970087","0.264188","0.161413","0.878431","13.5012","8.34288","44.4362","13.8026","59.1574","0.674941","0.402292","6.17227","15.9312","18.444","63.4797","0.686949","0.378765","-0.153668","0.107559","0.551165","0.619199","0.000980205","0.000643065","0.00344478","0.00000137433","0.0185926","0.0122169","0.0507638","95168.1","3232.38","13127.3","96.9188","2.30081","3158.88","3076.63","12758.3","54.2762","123.033","16.6446","39.4332","56.1138","10.8062","466.359","264.508","1880.24","466.445","634.898","30.0957","4.74024","182.803","755.577","466.406","1.62"
"36_TRLGL_RR_V3_an2","36_TRLGL_RR_V3","7.56","29.69","189","766","0.03831","2","False","11.85","12.16","14.96","15.77","300","309","382","403","36","STABLE","TRLGL","L","R","0.488889","0.408965","3.3535","0.906949","0.700225","3.5318","0.203723","0.172594","1.08574","0.188491","0.134942","0.768168","7.1119","3.161","15.7095","9.5685","23.6617","0.254873","0.172688","3.92037","5.03827","11.405","22.9737","0.229602","0.154426","-0.0233016","0.176136","0.452786","0.807047","0.000933684","0.000601095","0.00282991","0.00000123308","0.0182027","0.0139874","0.0581547","94756.6","6190.53","23113.8","93.1018","2.16592","2509.53","1788.35","6969.86","51.6908","119.124","12.2272","33.7112","59.6977","8.28796","468.974","264.437","1891.95","469.067","637.801","13.493","2.11555","109.56","1313.29","469.033","2.8"
"36_TRLGL_RR_V3_an3","36_TRLGL_RR_V3","7.56","29.69","189","766","0.03831","3","False","16.12",NULL,NULL,"16.65","412",NULL,NULL,"426","36","UNSTABLE","TRLGL","L","R","0.924545","0.636971","2.4785","4.44484","1.70146","7.141","0.363654","0.201733","0.850135","0.470128","0.186338","0.853265","8.54697","2.97214","17.4933","10.2982","14.7451","0.923567","0.271252","2.18508","4.41028","6.88667","15.5473","0.588904","0.339925","-0.174702","0.110741","0.461164","0.478417","0.00110627","0.000668909","0.00288227","0.00000167126","0.0211968","0.0181212","0.072151","88996.9","1368.97","5139.08","93.071","1.22348","1492.52","1094.79","4000.61","47.8128","126.5","14.0416","23.3426","58.8138","8.30842","491.701","276.717","1598.96","491.514","630.514","53.5014","8.48537","189.517","260.509","491.527","0.53"
"36_TRLGL_RR_V3_an4","36_TRLGL_RR_V3","7.56","29.69","189","766","0.03831","4","False","17.03","17.3","17.94","18.16","436","443","459","465","36","STABLE","TRLGL","L","R","0.540752","0.340355","1.59116","1.08344","0.378931","2.1826","0.232507","0.154737","0.771686","0.219153","0.0843307","0.453503","2.56185","1.02432","5.56439","2.72417","8.24078","0.281143","0.108965","1.79448","2.88459","5.45533","9.739","0.314035","0.115662","-0.191419","0.0865007","0.358017","0.317228","0.00119637","0.00054063","0.00223761","0.00000172358","0.0189944","0.0111577","0.0424017","90231","2255.27","7727.37","93.9104","1.69252","3089.45","1837.04","6583.75","22.0129","112.2","6.07105","21.8534","57.8748","7.60738","446.514","253.72","1563.5","446.432","632.124","16.8191","2.66073","68.6655","285.738","446.466","0.64"
"36_TRLGL_RR_V3_an5","36_TRLGL_RR_V3","7.56","29.69","189","766","0.03831","5","False","18.51",NULL,NULL,"19.04","474",NULL,NULL,"488","36","UNSTABLE","TRLGL","L","R","0.404166","0.222408","0.921213","2.53725","1.32255","4.28083","0.198906","0.124023","0.627552","0.332915","0.137568","0.768084","4.60107","1.63112","8.37701","5.62239","10.3565","0.514734","0.173418","0.629044","2.94778","2.026","10.2083","0.252744","0.174304","-0.112729","0.122691","0.325193","0.41498","0.00087021","0.000571973","0.00203246","0.00000108442","0.00999223","0.00761397","0.0274924","91780.1","2501.32","8343.22","92.8889","1.88969","2678","2098.08","7186.66","49.0559","113.748","14.3037","4.83453","65.696","0.9328","463.594","259.727","1541.72","463.003","629.575","23.782","3.77748","93.996","245.411","463.04","0.53"
"36_TRLGL_RR_V3_an6","36_TRLGL_RR_V3","7.56","29.69","189","766","0.03831","6","False","19.56","19.81","23.99","24.32","502","508","617","626","36","STABLE","TRLGL","L","R","0.442489","0.313031","1.45363","0.545979","0.333528","1.7342","0.188468","0.157775","1.33825","0.140228","0.0780156","0.449832","10.1862","6.79271","31.7746","34.5764","36.9183","0.231322","0.122331","8.91472","8.20538","35.9917","34.9667","0.219598","0.128821","-0.156696","0.12999","0.455048","0.687707","0.00112047","0.000603092","0.00284405","0.00000161917","0.0160145","0.0128768","0.070007","92269.7","4166.31","21250.8","94.0424","2.43258","3009.05","2522.87","13663","74.2477","134.104","13.7531","35.8225","61.5605","9.56463","467.762","258.013","1663.65","467.828","635.897","10.7","1.68266","67.4458","1955.55","467.835","4.18"
"36_TRLGL_RR_V3_an7","36_TRLGL_RR_V3","7.56","29.69","189","766","0.03831","7","True","24.72","24.95",NULL,"29.69","636","642",NULL,"766","36","STABLE","TRLGL","L","R","0.419508","0.309697","2.72842","0.608344","0.462533","2.61","0.175975","0.144139","1.2425","0.156749","0.119548","0.902995","10.3297","5.90153","24.7016","28.1848","39.7139","0.212416","0.120347","8.40394","8.13411","29.1387","33.0773","0.196808","0.11519","-0.173024","0.119885","0.49438","0.687342","0.0011517","0.00063595","0.00308987","0.00000173085","0.0178144","0.0121852","0.0582825","91548.2","3487.24","18071.1","94.0831","2.64982","2609.35","1932.96","9612.86","63.2426","135.062","11.6878","35.4033","62.0512","8.61929","464.262","263.183","1924.8","464.28","636.335","7.82289","1.22937","78.126","2200.62","464.265","4.74"
"36_TRLGL_RR_V4_an1","36_TRLGL_RR_V4","7.63","29.53","188","760","0.03826","1","False","9.94","10.36","22.26","22.56","248","259","570","578","36","STABLE","TRLGL","L","R","0.50396","0.41539","2.93596","0.829701","0.591756","2.99348","0.202698","0.180902","1.40921","0.184335","0.127146","0.830861","16.0235","7.29275","35.647","49.6986","48.4416","0.242716","0.108745","15.9916","9.29363","55.001","53.5717","0.245777","0.154722","-0.119943","0.137626","0.42779","0.728301","0.000979929","0.000584448","0.00267369","0.00000130184","0.015312","0.0113769","0.0616112","93445.8","6496.47","38423.7","96.2357","7.29055","2787.38","2614.81","21613.5","85.0474","175.678","15.8381","46.2336","77.2983","11.1379","486.755","272.267","1857.19","486.785","637.081","11.2404","1.76436","88.8071","5792.65","486.777","11.9"
"36_TRLGL_RR_V4_an2","36_TRLGL_RR_V4","7.63","29.53","188","760","0.03826","2","False","23.27","23.48","23.77","25.59","596","602","609","657","36","STABLE","TRLGL","L","R","0.477676","0.382664","1.39207","1.09403","0.403788","2.22951","0.209642","0.149757","0.744832","0.227595","0.0964033","0.424807","6.30338","3.62036","13.0846","8.73217","22.2504","0.84864","0.129175","3.98344","3.59721","12.6817","11.964","0.606175","0.0659164","-0.150598","0.0883643","0.324934","0.280171","0.000941239","0.000552277","0.00203084","0.00000119094","0.0187361","0.0129337","0.0444881","89932.9","2448.81","8626.44","92.9736","2.43573","3540.42","1857.16","6464.11","37.4677","187.367","11.3804","22.1555","67.6454","6.72717","509.187","266.62","1522.39","509.77","627.742","14.9661","2.38412","45.166","147.83","509.759","0.29"
"36_TRLGL_RR_V4_an3","36_TRLGL_RR_V4","7.63","29.53","188","760","0.03826","3","False","26.07","26.45","27.12","27.3","669","679","697","702","36","STABLE","TRLGL","L","R","0.534936","0.409782","1.59824","1.01399","0.373659","2.13051","0.171571","0.130219","0.732249","0.215353","0.103822","0.4745","2.96835","1.50341","7.36015","4.16583","10.2173","0.301322","0.115579","2.06767","4.19055","7","14.2553","0.28501","0.174951","-0.18004","0.0768866","0.338317","0.27153","0.00112525","0.000480541","0.00211448","0.0000014971","0.0148934","0.00930685","0.0327551","88676.7","2412.65","10246.7","91.4608","1.50974","2681.52","2004.09","7248.77","18.5456","183.755","5.11488","17.2556","87.7548","5.17765","473.093","268.874","1584.67","472.86","630.575","18.2798","2.89891","91.8598","316.821","472.868","0.67"
"36_TRLGL_RR_V4_an4","36_TRLGL_RR_V4","7.63","29.53","188","760","0.03826","4","True","27.65","27.85",NULL,"29.53","711","716",NULL,"760","36","STABLE","TRLGL","L","R","0.63301","0.601035","3.17296","1.00645","0.685421","3.29755","0.229285","0.210054","1.21158","0.220508","0.1412","0.802608","14.3388","5.80108","26.7493","26.5263","35.6726","0.414621","0.157903","10.0757","8.33689","31.059","33.303","0.358534","0.179152","-0.174738","0.0925323","0.369663","0.425048","0.00111362","0.000535755","0.0023104","0.00000152717","0.0142618","0.0124498","0.0694341","89627.5","2628.67","10334.9","92.8729","2.25511","1772.22","1478.82","6627.26","48.362","199.464","14.86","27.9861","73.8872","7.23783","511.274","286.746","1969.93","511.347","634.414","17.1484","2.70302","93.6909","859.065","511.348","1.68"
"36_TRLGR_RR_V1_an1","36_TRLGR_RR_V1","7.59","29.03","188","751","0.03803","1","False","9.91","10.51","11.65","12","249","264","294","303","36","STABLE","TRLGR","R","L","0.85653","0.610669","2.71363","1.27619","0.903798","3.38225","0.204144","0.140429","0.942415","0.284711","0.180184","0.899191","9.95991","4.71074","23.0426","14.4189","31.1882","0.433998","0.161611","7.03781","10.2774","28.1587","37.663","0.50382","0.226587","-0.0787479","0.0840748","0.33857","0.410581","0.000553887","0.000459958","0.00211606","0.000000518352","0.0122271","0.0102004","0.0524358","97927.3","3359.21","15548.5","105.207","4.07658","3330.24","2929.22","12038.3","49.5621","3.53628","9.21055","36.8451","-96.1392","11.1108","459.108","250.908","1543","459.373","641.952","21.7539","3.38871","98.8789","523.613","459.31","1.14"
"36_TRLGR_RR_V1_an2","36_TRLGR_RR_V1","7.59","29.03","188","751","0.03803","2","False","12.44","12.84","13.37","13.75","315","326","339","349","36","STABLE","TRLGR","R","L","0.615908","0.350292","1.47158","0.660572","0.330215","1.55544","0.268021","0.147501","0.790073","0.175176","0.0995713","0.482178","1.24528","0.749871","3.59019","2.92778","4.36222","0.173762","0.0852468","1.70837","3.11768","5.806","9.443","0.250101","0.1018","0.0428637","0.0945658","0.236604","0.323386","0.000493689","0.000421147","0.00147877","0.000000421093","0.0165364","0.0148579","0.0518977","96617.4","2112.63","7007.73","91.8108","1.31734","2560.88","2176.07","6318.07","24.6869","-11.5595","7.11414","10.4208","-100.667","2.67578","445.995","234.001","1367.07","446.569","640.996","13.1372","2.0495","51.8808","236.707","446.617","0.53"
"36_TRLGR_RR_V1_an3","36_TRLGR_RR_V1","7.59","29.03","188","751","0.03803","3","False","13.91","14.33","21.79","22.07","354","365","561","568","36","STABLE","TRLGR","R","L","0.405136","0.298997","2.19021","0.625769","0.534813","5.11739","0.146398","0.112954","0.835089","0.155578","0.127694","1.22566","15.8851","10.5405","68.5441","59.5357","70.6939","0.313884","0.187522","16.7189","15.4634","82.46","79.3957","0.336419","0.235057","-0.198081","0.172855","0.713986","1.19103","0.00143323","0.000803531","0.00446241","0.00000269981","0.0185395","0.0133887","0.0624741","91101.2","4867.13","28120.4","92.0706","2.31923","2463.33","2028.92","16094.3","80.4064","-5.02497","16.8526","36.419","-93.4135","11.4807","437.744","238.268","1650.57","437.735","641.608","10.4974","1.63611","66.2241","3265.36","437.716","7.46"
"36_TRLGR_RR_V1_an4","36_TRLGR_RR_V1","7.59","29.03","188","751","0.03803","4","False","22.89",NULL,NULL,"23.23","590",NULL,NULL,"599","36","UNSTABLE","TRLGR","R","L","1.19698","0.478101","2.47768","7.12076","2.94916","11.2787","0.372787","0.244709","0.912704","0.74903","0.316301","1.46364","11.8956","6.46581","27.795","26.9151","32.5726","1.41026","0.523604","1.55501","8.40049","6.21467","27.0037","0.958972","0.513267","-0.20873","0.0532387","0.277481","0.159504","0.00130456","0.000332742","0.00173426","0.00000181259","0.0124275","0.00731419","0.023615","85821.7","2132.2","7343.26","91.6344","0.813816","2238.64","1239.13","4299.03","38.9002","-1.06327","10.0515","4.50553","-104.69","1.25268","477.467","264.876","1337.36","477.604","626.401","27.8411","4.44462","82.7045","162.369","477.556","0.34"
"36_TRLGR_RR_V1_an5","36_TRLGR_RR_V1","7.59","29.03","188","751","0.03803","5","True","23.63","23.89",NULL,"29.03","609","616",NULL,"751","36","STABLE","TRLGR","R","L","0.513672","0.424801","2.55906","0.665352","0.44534","2.56884","0.181977","0.151863","1.05761","0.180126","0.142617","1.28099","11.0104","4.2411","22.1323","20.9344","32.0523","0.256146","0.119096","6.42345","8.15277","22.1783","31.3107","0.21331","0.103228","-0.185388","0.0997074","0.416814","0.746458","0.00120191","0.000535065","0.00260509","0.00000173087","0.0161744","0.0115455","0.0503214","89169.4","3039.83","17190.1","92.7327","2.58084","2727.99","2057.54","8215.12","59.7047","12.8985","12.9366","31.8112","-96.175","8.9933","427.996","232.781","1680.21","428.002","641.008","11.9169","1.85909","98.2685","2199.84","427.985","5.14"
"36_TRLGR_RR_V2_an1","36_TRLGR_RR_V2","7.61","28.54","191","738","0.03824","1","False","10.1","11.53","25.14","25.43","256","293","649","656","36","STABLE","TRLGR","R","L","0.622788","0.457009","3.37798","0.924535","0.628664","4.49936","0.18764","0.129811","1.11301","0.242163","0.17738","1.275","21.8728","15.5885","111.952","50.4761","116.088","0.489315","0.495635","16.2135","16.7436","53.8583","92.6393","0.324579","0.216587","-0.141686","0.155433","0.738812","1.08236","0.00114769","0.000640868","0.00461758","0.00000172791","0.0167529","0.0127206","0.0764303","91932","5737.11","29495.4","93.8154","3.02731","2377.64","1930.12","11548.3","108.786","-8.63306","21.1168","44.6135","-99.3271","12.0677","452.425","245.977","1978.07","452.477","642.038","17.4113","2.71188","154.726","6157.55","452.428","13.61"
"36_TRLGR_RR_V2_an2","36_TRLGR_RR_V2","7.61","28.54","191","738","0.03824","2","False","26.14",NULL,NULL,"26.5","675",NULL,NULL,"684","36","UNSTABLE","TRLGR","R","L","1.48645","0.595998","2.64648","7.19716","2.16745","10.701","0.402924","0.162149","0.720757","0.689107","0.31438","1.36272","18.1757","8.61486","40.7345","13.654","59.7267","2.13753","0.662848","3.54938","16.3814","10.389","51.5013","1.52707","0.902464","-0.258159","0.145806","0.510875","0.452548","0.0016135","0.000911285","0.00319297","0.00000343381","0.0243894","0.0167519","0.0532598","88140.6","1480.23","4550","91.6852","0.609246","1608.49","1124.44","3387.85","30.7224","-32.4194","7.58392","14.3101","-107.737","5.06441","476.927","283.441","1551.16","476.815","613.776","40.2264","6.55392","128.176","171.605","476.682","0.36"
"36_TRLGR_RR_V2_an4","36_TRLGR_RR_V2","7.61","28.54","191","738","0.03824","4","True","28.36",NULL,NULL,"28.54","733",NULL,NULL,"738","36","UNSTABLE","TRLGR","R","L","1.20397","0.381162","1.82539","6.74725","0.582955","7.39501","0.229226","0.123175","0.537511","0.431263","0.188526","0.946229","7.84506","4.48971","14.5299","1.16028","19.8037","1.61496","0.0824877","0.161149","2.85389","0.621667","9.288","0.527061","0.100433","-0.230324","0.0742234","0.309188","0.214551","0.00143953","0.000463896","0.00193243","0.00000228744","0.0150326","0.00407471","0.0176208","87643.5","2437.53","6359.15","91.9819","1.1414","2609.24","2356.39","6359.15","3.69098","-12.7893","0.642606","17.6816","-103.132","6.03442","438.242","219.514","1345.66","437.973","661.567","16.4812","2.49123","51.8808","78.831","437.95","0.18"
"36_TRLGR_RR_V3_an1","36_TRLGR_RR_V3","7.63","28.6","191","738","0.03829","1","False","9.95",NULL,NULL,"12.35","251",NULL,NULL,"314","36","UNSTABLE","TRLGR","R","L","1.6869","1.13971","5.98246","4.90466","3.90081","13.9299","0.446383","0.338321","2.59657","0.510123","0.332762","1.68814","47.3006","25.7701","98.1003","106.531","151.147","1.44591","0.697101","26.1547","28.8132","90.59","117.741","1.12787","0.571611","-0.040427","0.15282","0.390942","0.665661","0.000767773","0.000621792","0.00244338","0.000000976101","0.0138224","0.00989181","0.0437627","101091","4520.16","22384.1","107.977","5.93323","4404.62","4432.95","18593.4","314.202","16.2292","85.8312","184.4","-60.2413","51.9869","758.074","646.775","4530.74","758.139","642.569","42.9446","6.68327","262.455","1819.54","758.14","2.4"
"36_TRLGR_RR_V3_an2","36_TRLGR_RR_V3","7.63","28.6","191","738","0.03829","2","False","12.67","13.02","13.14","13.62","322","331","334","347","36","STABLE","TRLGR","R","L","0.775262","0.208081","1.08657","3.20114","0.363309","3.5857","0.346377","0.11078","0.498917","0.287765","0.12575","0.449579","1.73345","0.801915","3.04335","5.03056","0.960389","0.574464","0.0796773","1.93849","2.27357","6.19333","7.03467","0.78619","0.214732","0.0963173","0.0248529","0.125777","0.0648429","0.000601983","0.00015533","0.000786109","0.000000386511","0.0063167","0.00172238","0.00836592","100531","2992.84","7551.2","94.5378","1.1423","2693.91","1573.55","4227.2","17.6072","12.0587","5.16323","4.00577","-112.083","1.09537","496.979","260.359","1132.4","493.402","608.209","40.7212","6.69527","129.702","59.2035","493.363","0.12"
"36_TRLGR_RR_V3_an3","36_TRLGR_RR_V3","7.63","28.6","191","738","0.03829","3","True","13.82","14.19",NULL,"28.6","352","362",NULL,"738","36","STABLE","TRLGR","R","L","0.466062","0.477068","5.079","0.552981","0.538879","3.85557","0.172355","0.179514","2.93871","0.166372","0.138509","1.27053","12.942","6.96515","36.3864","39.6817","54.6042","0.21501","0.165754","14.5014","10.6578","56.055","49.3317","0.201042","0.171132","-0.169143","0.180287","0.849344","1.51947","0.00130955","0.000819949","0.0053084","0.00000238722","0.0186153","0.0137378","0.080738","92198.7","5341.48","31630.9","93.5969","2.5829","2698.88","2080.39","10461.2","147.17","-31.1475","17.5363","77.3189","-62.5866","12.7971","450.206","273.389","3873.91","450.233","642.861","21.671","3.37102","319.829","6487.44","450.204","14.41"
"36_TRLGR_RR_V4_an1","36_TRLGR_RR_V4","7.58","28.59","189","737","0.03829","1","False","9.91","11.11","19.35","19.62","249","281","496","503","36","STABLE","TRLGR","R","L","0.489955","0.448155","3.81782","0.554474","0.487055","4.70854","0.182246","0.158424","1.59293","0.17885","0.17949","1.60607","11.262","9.43307","60.0882","63.6629","61.9117","0.25167","0.211264","13.3921","11.6915","85.821","67.564","0.262353","0.260894","-0.116274","0.15968","0.445024","0.732981","0.00109039","0.000578933","0.0027814","0.00000152411","0.0171396","0.0125471","0.051598","93320.1","5918.4","31726.7","94.1694","4.60965","2432.38","2000.65","11386.8","108.136","-16.8063","17.9791","43.8626","-77.9514","9.43449","440.739","259.841","3101.07","440.828","642.548","19.1746","2.98416","326.543","3631.96","440.771","8.24"
"36_TRLGR_RR_V4_an2","36_TRLGR_RR_V4","7.58","28.59","189","737","0.03829","2","False","20.12",NULL,NULL,"20.52","516",NULL,NULL,"526","36","UNSTABLE","TRLGR","R","L","1.21917","0.347557","2.03394","7.14504","2.552","10.7072","0.324235","0.178129","0.971974","0.567514","0.222928","0.996262","17.0784","8.97762","37.7936","34.4872","51.0979","1.70319","0.465137","3.97047","14.7024","13.227","49.641","1.33428","0.662728","-0.150217","0.085521","0.290347","0.319005","0.000971425","0.000472744","0.00181467","0.00000116715","0.0106204","0.00542366","0.0216174","91565.9","2676.61","8852.1","93.5736","2.51899","2774.31","1275.81","5378.3","53.186","21.1126","16.7544","13.5438","-79.1567","4.45012","467.052","235.178","1367.5","467.294","634.633","40.5333","6.38689","131.533","186.921","467.302","0.4"
"36_TRLGR_RR_V4_an3","36_TRLGR_RR_V4","7.58","28.59","189","737","0.03829","3","False","20.78","20.98","21.47","22.07","533","538","551","567","36","STABLE","TRLGR","R","L","1.51007","0.878409","3.27667","2.9464","1.10344","6.26176","0.284428","0.193173","0.917341","0.390989","0.183359","0.93191","12.2967","5.76537","22.7381","15.6812","38.0654","1.04617","0.130073","3.56925","6.94985","9.345","28.0687","0.680194","0.237352","-0.21437","0.131848","0.548023","0.544468","0.00133981","0.000824048","0.00342515","0.00000247415","0.0262191","0.0218084","0.0888723","91085.5","1850.25","7897.04","94.3132","1.71577","1879.98","1794.74","5836.66","101.473","3.2571","39.6938","23.3899","-55.0661","8.03014","500.134","309.888","1796.58","501.013","619.212","17.812","2.87656","71.1079","245.453","500.925","0.49"
"36_TRLGR_RR_V4_an4","36_TRLGR_RR_V4","7.58","28.59","189","737","0.03829","4","False","22.58",NULL,NULL,"22.9","580",NULL,NULL,"589","36","UNSTABLE","TRLGR","R","L","0.963056","0.343408","1.55034","6.44659","3.72944","11.9894","0.259878","0.122309","0.674372","0.779813","0.304694","1.38169","15.9628","9.00138","34.2689","21.0838","55.2094","1.88437","0.534831","4.12199","13.1596","14.822","44.381","1.51699","0.199902","-0.214181","0.0868735","0.346603","0.320794","0.00133863","0.000542959","0.00216627","0.00000208673","0.0185443","0.00952294","0.0397454","92717.4","1765.96","5898.96","95.2303","0.700107","2241.87","1846.14","5475.37","98.6184","73.2129","24.3272","76.9887","-60.2643","16.3288","714.859","585.759","2789.77","713.622","628.771","47.0897","7.48916","169.069","228.3","713.436","0.32"
"36_TRLGR_RR_V4_an5","36_TRLGR_RR_V4","7.58","28.59","189","737","0.03829","5","False","23.31",NULL,NULL,"23.93","599",NULL,NULL,"615","36","UNSTABLE","TRLGR","R","L","3.22231","1.71076","7.17699","2.43402","1.27941","5.76987","0.85128","0.456716","2.27566","0.651848","0.379415","1.76569","20.535","10.4198","42.6469","43.1241","55.7959","1.30606","0.393904","15.934","10.9569","54.144","36.984","1.11652","0.322052","-0.176724","0.0844467","0.413445","0.338231","0.00110452","0.000527792","0.00258403","0.00000149854","0.0153479","0.0135417","0.0505081","88528.7","2713.9","10524.3","90.6955","2.50751","2360.01","1189.33","4839.25","97.9788","49.3283","33.2941","89.7625","-39.674","25.0794","655.126","411.564","2571.68","655.114","644.561","84.1695","13.0584","348.821","406.069","654.949","0.62"
"36_TRLGR_RR_V4_an6","36_TRLGR_RR_V4","7.58","28.59","189","737","0.03829","6","False","24.17","24.44","27.59","27.78","622","629","711","716","36","STABLE","TRLGR","R","L","1.53011","1.08183","7.34675","2.40648","1.40377","9.59186","0.527336","0.549025","4.31383","0.391446","0.235516","1.80444","44.2473","21.3585","105.507","54.4051","128.357","1.02301","0.711512","8.34392","32.6055","32.731","121.223","0.732281","0.528419","-0.159004","0.258973","1.07336","1.6541","0.00147954","0.00119094","0.00670851","0.00000360739","0.019911","0.0162816","0.0768574","92235.5","6177.3","30116.7","92.4012","2.03577","2950.94","2485.88","11405.7","184.579","10.9712","61.5962","132.733","-34.1586","30.7163","686.192","807.373","9797.72","686.453","639.034","62.0682","9.71282","456.551","2161.64","686.234","3.15"
"36_TRLGR_RR_V4_an7","36_TRLGR_RR_V4","7.58","28.59","189","737","0.03829","7","True","28.17","28.38",NULL,"28.59","726","732",NULL,"737","36","STABLE","TRLGR","R","L","1.48142","0.449386","2.06768","5.09606","1.00391","7.22459","0.400439","0.211604","0.912629","0.400834","0.13735","0.77624","6.8804","3.85055","15.0866","7.53922","21.6956","1.28375","0.386635","1.50633","5.84289","4.36067","18.904","0.933926","0.124528","-0.120801","0.163269","0.351362","0.452829","0.000970355","0.000818373","0.00219601","0.00000161132","0.0213457","0.0152837","0.04491","93833.6","5790.82","14752.5","91.6242","2.01969","3031.44","2179.12","6511.8","31.4028","-6.77829","11.3024","18.827","-97.9862","5.47104","507.332","256.734","1188.1","505.562","616.108","28.5276","4.63029","88.5019","106.182","505.628","0.21"
"39_MNTRL_RR_V1_an1","39_MNTRL_RR_V1","7.62","29.1","191","755","0.03806","1","False","10.24","10.33","11.27","11.32","259","262","286","288","39","STABLE","MNTRL","L","R","1.14398","0.474413","2.07063","3.59189","3.46482","14.5526","0.357793","0.217074","1.15041","0.440301","0.292094","1.51892","29.0174","15.9209","67.2898","46.0955","113.376","1.5564","0.532217","5.23943","28.3352","23.877","92.9197","1.21742","0.581451","0.0371507","0.0928534","0.188901","0.360597","0.000521197","0.000345043","0.00118063","0.000000390701","0.0204728","0.014709","0.0497545","107728","7259.61","31122.6","112.697","4.55381","8460.84","6631.48","27817.2","42.1753","-31.9426","10.9125","27.1817","12.8767","6.43982","445.737","269.982","3275.32","445.687","670.312","20.6845","3.0858","129.396","418.932","445.672","0.94"
"39_MNTRL_RR_V1_an3","39_MNTRL_RR_V1","7.62","29.1","191","755","0.03806","3","False","13.49","13.58","14.02","14.09","345","347","359","361","39","STABLE","MNTRL","L","R","0.691345","0.363923","1.51999","3.92352","1.3923","8.41121","0.321562","0.230867","0.920639","0.520484","0.244561","1.28939","8.61635","2.93433","18.7793","9.12433","25.5579","1.18986","0.449636","4.79427","5.5329","15.067","20.7683","0.754249","0.415208","-0.127148","0.0720314","0.234047","0.266226","0.000825618","0.000390567","0.00146279","0.000000834187","0.0176775","0.0123109","0.0437181","93819.7","4001.37","11365","91.0242","2.95546","1970.77","1440.4","4624.63","40.0705","20.9601","11.7709","17.1732","-26.7672","5.54232","425.771","233.829","1489.38","425.797","656.919","28.4299","4.32775","86.3657","187.335","425.761","0.44"
"39_MNTRL_RR_V1_an4","39_MNTRL_RR_V1","7.62","29.1","191","755","0.03806","4","False","18.17","18.27","18.82","18.94","468","470","485","488","39","STABLE","MNTRL","L","R","0.678269","0.279587","1.4981","2.51566","1.41514","5.7012","0.233081","0.118446","0.706164","0.473937","0.215388","0.987881","13.4407","7.80886","39.2695","16.6191","50.7659","1.25888","0.739781","5.32143","15.0313","18.6143","48.9133","1.13943","0.412837","0.0750364","0.262398","0.631689","1.05146","0.00139267","0.000984878","0.00394806","0.0000029095","0.027287","0.0236238","0.0825345","101560","7613.57","23527.4","91.8274","2.90672","5683.45","5211.42","21734.1","20.0007","22.1336","6.77863","4.92052","-20.8895","1.53695","430.267","240.762","1425.57","430.545","664.416","29.7915","4.48387","96.7417","236.755","430.463","0.55"
"39_MNTRL_RR_V1_an5","39_MNTRL_RR_V1","7.62","29.1","191","755","0.03806","5","False","19.35","19.98","20.96","21.04","499","515","541","543","39","STABLE","MNTRL","L","R","0.767137","0.204463","1.31685","1.75569","1.50456","7.19911","0.209245","0.161327","0.904251","0.31376","0.218326","1.30419","18.6105","11.4036","55.8326","59.7984","52.5344","0.959528","0.589265","16.0416","14.2432","56.8697","54.0053","0.880303","0.641629","-0.207466","0.391483","0.839185","1.35839","0.00236992","0.00143231","0.0052449","0.00000766801","0.0240631","0.0159342","0.0637139","98032.2","5581.35","20691.6","93.0806","3.06052","3714.44","2982.59","12394.5","71.2729","31.3918","18.6994","8.21931","-20.3506","2.4612","406.699","219.168","1357.97","406.824","670.495","19.4742","2.90446","111.086","398.667","406.803","0.98"
"39_MNTRL_RR_V1_an6","39_MNTRL_RR_V1","7.62","29.1","191","755","0.03806","6","False","21.43",NULL,NULL,"21.64","554",NULL,NULL,"560","39","UNSTABLE","MNTRL","L","R","0.921632","0.256486","1.40693","6.95175","3.02323","13.3876","0.320765","0.167252","0.62002","1.15606","0.352085","1.81583","7.47833","3.58382","15.6079","4.99756","23.7428","1.48791","0.322588","2.09003","4.866","7.39433","15.759","0.917002","0.635557","-0.120463","0.0919868","0.259187","0.269038","0.000773416","0.000546997","0.00161992","0.000000897378","0.0132269","0.0116459","0.0344267","89907.8","3465.22","10194.6","91.5034","3.66351","3633.09","1958.05","7266.54","37.0544","37.9635","13.2318","5.18333","-19.156","1.801","458.421","251.954","1423.37","459.484","608.046","55.7388","9.16688","169.68","96.4695","459.379","0.21"
"39_MNTRL_RR_V1_an7","39_MNTRL_RR_V1","7.62","29.1","191","755","0.03806","7","False","21.87","22.07","22.54","22.69","565","571","583","587","39","STABLE","MNTRL","L","R","0.987871","0.616958","3.39737","3.02676","1.66436","7.36326","0.432928","0.50824","1.92907","0.548635","0.292254","1.52671","12.0902","8.01029","36.2874","2.92056","45.9167","1.15347","0.839337","2.13066","10.8364","5.641","38.5093","0.860151","0.617564","-0.227785","0.111308","0.440748","0.342839","0.00142365","0.000695673","0.00275468","0.00000251075","0.0218017","0.0128171","0.0534255","91437.7","2362.05","8802.76","95.2805","2.2914","2845.81","2371.03","7918.53","33.2322","-24.5576","9.74567","6.39449","-28.7754","1.65148","459.848","255.032","1842.84","459.924","662.124","36.17","5.46273","148.928","216.096","459.78","0.47"
"39_MNTRL_RR_V1_an8","39_MNTRL_RR_V1","7.62","29.1","191","755","0.03806","8","False","26.16",NULL,NULL,"27.44","678",NULL,NULL,"711","39","UNSTABLE","MNTRL","L","R","0.788379","0.556912","2.37684","2.44263","2.3804","8.2518","0.237513","0.152599","0.883653","0.310214","0.218807","1.01117","20.6559","15.9705","82.5222","22.9053","99.8101","1.12707","0.963872","10.5031","25.5788","36.6367","102.544","1.17285","0.873927","-0.13625","0.142257","0.458995","0.620251","0.000991494","0.000729802","0.00286872","0.00000151567","0.0192885","0.0143751","0.0663559","93992.8","3917.61","15596.2","91.5044","3.6134","2995.28","2071.13","8021.9","24.9129","10.4885","7.50023","30.8897","-32.253","7.98048","396.397","218.172","1327.1","396.398","671.787","20.4676","3.04674","81.1777","507.313","396.339","1.28"
"39_MNTRL_RR_V1_an9","39_MNTRL_RR_V1","7.62","29.1","191","755","0.03806","9","True","27.85","28.05","28.27","28.34","722","727","733","735","39","STABLE","MNTRL","L","R","0.640267","0.191639","1.06895","2.94833","1.6057","5.91778","0.276724","0.0821479","0.468609","0.443392","0.22175","0.998686","5.45025","2.8566","11.8149","9.59122","13.9778","0.955267","0.298994","2.68792","4.11948","8.52467","13.0693","0.748897","0.123094","-0.128817","0.122308","0.391632","0.412541","0.000842447","0.00072307","0.0024477","0.00000123255","0.0130835","0.00997482","0.035033","94958.8","4389.41","12276","90.8697","2.91921","3410.98","1877.36","5349.52","13.0731","44.808","3.73588","2.13369","-20.5315","0.405762","415.523","230.861","1269.46","415.416","645.116","23.3692","3.62248","80.8725","91.3681","415.31","0.22"
"39_MNTRL_RR_V2_an1","39_MNTRL_RR_V2","7.59","29.23","195","765","0.03795","1","False","10.23","10.33","12.19","12.39","264","267","316","321","39","STABLE","MNTRL","L","R","0.773653","0.519886","2.74382","2.09974","2.42569","9.17043","0.246087","0.185598","1.22295","0.356834","0.279208","1.51784","23.3257","14.6112","73.3119","49.9994","108.666","0.783891","0.537181","14.7119","27.1797","37.791","106.675","0.737371","0.535882","-0.0370124","0.104985","0.263329","0.437203","0.000560102","0.000412726","0.00164581","0.000000484058","0.0138463","0.0115955","0.0473588","100309","4596.56","23837.7","103.417","4.29351","4751.86","3327.05","14357.7","65.8008","-13.8331","18.6436","25.0459","-9.2684","5.9032","417.774","226.79","1672.96","417.832","675.675","17.9813","2.66123","95.2168","776.995","417.739","1.86"
"39_MNTRL_RR_V2_an2","39_MNTRL_RR_V2","7.59","29.23","195","765","0.03795","2","False","13.51","13.7","14.47","14.82","350","356","376","385","39","STABLE","MNTRL","L","R","0.710893","0.550795","2.30539","0.874247","0.513762","2.96435","0.238087","0.186956","1.01433","0.267216","0.262051","1.35306","10.5665","6.54112","29.3738","7.63211","43.8164","0.637966","0.325957","1.80272","13.5974","5.96133","48.8493","0.653742","0.397065","-0.000355533","0.0954629","0.23643","0.425932","0.000457814","0.000382614","0.00147769","0.000000355988","0.017055","0.0136048","0.0514302","96179.1","1921.76","7486.58","96.1373","0.768816","1774.83","1497.91","6270.92","29.1186","-63.7541","7.9521","27.9852","-24.9546","8.18656","431.419","234.706","1401.57","431.621","674.125","21.1684","3.14013","101.319","332.328","431.594","0.77"
"39_MNTRL_RR_V2_an3","39_MNTRL_RR_V2","7.59","29.23","195","765","0.03795","3","False","15.6",NULL,NULL,"15.72","406",NULL,NULL,"410","39","UNSTABLE","MNTRL","L","R","1.15128","0.141214","1.49684","5.16534","0.699605","6.74009","0.173295","0.114242","0.411701","1.04581","0.459156","1.83111","5.13457","3.01203","10.9044","0.546111","17.522","1.55657","0.525646","1.00599","5.10457","3.002","15.1427","1.36361","0.723642","-0.221055","0.07986","0.336161","0.224717","0.0013816","0.000499125","0.00210101","0.00000215793","0.0165936","0.0111318","0.0299236","90439.2","1712.92","4712.41","95.8385","0.131814","2802.99","1309.42","4602.35","3.27981","-72.4365","0.790137","1.70507","-13.1536","0.411453","444.53","225.136","1106.6","445.647","622.07","40.6624","6.53662","124.208","53.4651","445.543","0.12"
"39_MNTRL_RR_V2_an4","39_MNTRL_RR_V2","7.59","29.23","195","765","0.03795","4","False","18.26","18.4","19.37","19.49","476","479","505","508","39","STABLE","MNTRL","L","R","0.923051","0.641823","2.94087","1.23319","0.958248","4.70227","0.275301","0.183229","0.907161","0.305212","0.225475","1.01661","11.0585","6.78526","38.206","15.7327","49.886","0.834625","0.550157","7.57204","12.0833","24.5057","46.8367","0.861678","0.386173","-0.121716","0.110414","0.292468","0.441297","0.000918714","0.000459231","0.00182793","0.00000105493","0.0119492","0.00809473","0.0332012","92115.1","4817.13","21455.5","92.4767","3.73303","2879.25","2263.59","9121.01","45.049","-73.7442","14.4084","35.8897","-26.1167","13.1861","416.552","224.938","1371.86","416.392","673.057","23.2198","3.44991","96.1323","403.856","416.346","0.97"
"39_MNTRL_RR_V2_an5","39_MNTRL_RR_V2","7.59","29.23","195","765","0.03795","5","False","19.93","20.08","21.18","21.27","520","524","553","555","39","STABLE","MNTRL","L","R","0.541526","0.424979","2.07898","1.24501","1.37612","5.93756","0.172175","0.102694","0.509916","0.319235","0.260028","1.38125","10.7299","5.23929","29.6268","25.6091","37.5883","0.662203","0.432542","9.01091","10.227","33.7797","39.469","0.70441","0.372283","-0.256207","0.214906","0.675634","0.911832","0.00180552","0.00105277","0.00422271","0.00000436823","0.0226526","0.0191766","0.0812748","100037","6078.88","23615.2","93.9672","2.8429","3786.02","2463.38","10604.8","21.4608","-23.6825","5.49735","21.859","-9.74862","6.66889","397.99","213.593","1231.82","397.826","670.265","20.4381","3.04926","85.145","437.532","397.756","1.1"
"39_MNTRL_RR_V2_an6","39_MNTRL_RR_V2","7.59","29.23","195","765","0.03795","6","False","21.63","21.7","22.46","22.64","564","566","586","591","39","STABLE","MNTRL","L","R","0.610693","0.279789","1.43071","2.07023","1.20514","5.57879","0.244334","0.186549","0.986645","0.406154","0.2343","1.03352","11.6966","4.93589","28.4813","28.1913","28.4217","0.911102","0.474843","9.84563","6.86664","31.1337","27.688","0.748882","0.328899","-0.0463324","0.131426","0.29963","0.522459","0.000736692","0.000464602","0.00187268","0.000000758571","0.0146116","0.0123387","0.0474867","96197.2","3657.84","13476.1","94.9461","4.04052","2974.51","2508.05","10585.3","56.2477","-66.6497","18.2407","10.6419","-12.4147","2.45403","418.839","230.074","1489.26","418.914","666.616","25.4141","3.8124","98.2676","318.357","418.891","0.76"
"39_MNTRL_RR_V2_an7","39_MNTRL_RR_V2","7.59","29.23","195","765","0.03795","7","False","26.48","26.64","27.54","27.68","692","696","720","724","39","STABLE","MNTRL","L","R","1.03288","0.813664","3.43981","1.80559","1.32502","5.67072","0.344217","0.239406","1.06887","0.360901","0.266591","1.36531","17.781","7.75376","45.7144","24.1108","59.5868","1.32371","0.525448","8.36383","11.3876","23.3803","43.832","0.905518","0.446678","-0.126798","0.098952","0.407981","0.46237","0.00081968","0.000581926","0.00254988","0.00000101051","0.0178835","0.0130114","0.0496917","95475.4","4508.64","20084","93.1292","4.07082","3642.43","2303.65","7916.75","72.0788","-54.9629","26.3459","44.4131","-27.7656","17.1359","442.872","246.303","1595.56","443.094","670.451","24.3256","3.62824","76.2949","398.722","443.024","0.9"
"39_MNTRL_RR_V2_an8","39_MNTRL_RR_V2","7.59","29.23","195","765","0.03795","8","True","28.18","28.34","28.76","28.83","737","741","752","754","39","STABLE","MNTRL","L","R","0.527234","0.151724","0.780611","2.09839","1.15424","5.07761","0.184497","0.119523","0.648312","0.392402","0.226423","1.15042","2.9773","1.2593","6.13247","2.58928","7.71894","0.404541","0.158459","1.17255","2.02813","4.52067","7.829","0.337128","0.237824","0.0278811","0.162374","0.304266","0.57601","0.00089313","0.00051242","0.00190166","0.00000106025","0.0205383","0.0172449","0.0607014","98252.1","5174.84","14848.9","93.5832","2.94217","3632.5","3088.19","11818.8","13.638","-44.9156","3.74855","3.8009","-6.87708","0.866657","404.343","223.169","1395.22","404.595","662.093","22.5352","3.40364","94.3003","169.902","404.53","0.42"
"39_MNTRL_RR_V3_an1","39_MNTRL_RR_V3","7.62","29.18","193","762","0.03785","1","False","10.31","10.43","11.18","11.46","264","267","287","294","39","STABLE","MNTRL","L","R","0.522451","0.329754","1.29249","2.48366","1.34752","5.0503","0.168317","0.136651","0.918637","0.421316","0.219217","0.969599","13.471","8.76001","43.8923","10.5659","55.1953","0.905868","0.726639","6.76006","15.9266","20.3383","54.8457","0.881866","0.494314","0.0575967","0.0668092","0.224258","0.267851","0.000415775","0.000362037","0.00140161","0.00000030394","0.013663","0.00957428","0.0328408","106911","3965.09","14074.6","111.744","5.01427","4984.65","3157.17","11383.8","16.73","-99.6144","5.18714","19.5293","-18.9597","4.28584","412.193","226.529","1453.89","412.565","675.096","26.3542","3.90377","99.4892","309.395","412.526","0.75"
"39_MNTRL_RR_V3_an2","39_MNTRL_RR_V3","7.62","29.18","193","762","0.03785","2","False","12.75","12.75","13.12","13.24","328","328","338","341","39","STABLE","MNTRL","L","R","1.02091","0.847511","2.86004","1.59268","1.38313","5.64185","0.330664","0.201313","0.876249","0.303825","0.204011","0.989687","3.82923","1.41908","7.79072","6.47928","8.58133","0.503496","0.109443","2.11956","2.8688","7.043","9.878","0.471904","0.118429","-0.0217921","0.0947448","0.179512","0.358995","0.000500547","0.000344458","0.00112195","0.000000369198","0.0134934","0.00771536","0.0228565","101024","4575","13267.8","89.518","2.08585","1828.23","1316.38","3790.61","42.3493","-63.5095","15.3079","35.9916","-19.9591","14.2679","445.292","245.006","1752.34","445.862","666.563","22.9735","3.44655","76.6001","164.916","445.718","0.37"
"39_MNTRL_RR_V3_an3","39_MNTRL_RR_V3","7.62","29.18","193","762","0.03785","3","False","14.25","14.25","14.7","14.95","368","368","380","386","39","STABLE","MNTRL","L","R","0.392681","0.151817","0.66927","2.7834","0.917898","4.56823","0.143275","0.0631437","0.274124","0.387044","0.197541","0.885867","5.2897","2.61171","13.4236","7.98811","17.6249","0.567806","0.265246","2.54207","3.52444","9.062","11.6117","0.457886","0.171398","-0.20652","0.119539","0.396409","0.474204","0.00136555","0.000599573","0.00247755","0.00000222423","0.0176682","0.0214578","0.0641756","90277.7","2564.03","9525.68","90.6185","1.5094","1859.92","811.607","3472.3","17.8991","-61.799","4.36172","15.2011","-17.1858","4.60574","421.366","238.337","1273.1","421.488","674.181","6.61341","0.980954","26.2451","189.646","421.436","0.45"
"39_MNTRL_RR_V3_an4","39_MNTRL_RR_V3","7.62","29.18","193","762","0.03785","4","False","18.46","18.64","19.77","19.82","479","484","513","515","39","STABLE","MNTRL","L","R","0.709122","0.372155","1.69957","2.11083","1.58306","6.72978","0.213013","0.133861","0.882919","0.362021","0.205572","0.900687","11.9808","9.1407","43.9519","13.6831","56.4813","0.74754","0.442299","3.5757","17.9747","17.3123","64.6663","0.759828","0.432518","-0.185904","0.075875","0.28422","0.314556","0.00117454","0.000441985","0.00177637","0.00000157489","0.0142323","0.0104219","0.046837","89164.8","3615.82","14925.1","91.8622","4.09633","2658.39","2842.1","14086.6","34.2544","-94.4912","7.66645","30.3083","-22.8566","9.86847","416.364","224.669","1409.69","416.444","675.864","23.1612","3.4269","105.288","470.552","416.418","1.13"
"39_MNTRL_RR_V3_an5","39_MNTRL_RR_V3","7.62","29.18","193","762","0.03785","5","False","20.15","20.28","21.2","21.27","524","527","551","553","39","STABLE","MNTRL","L","R","0.388206","0.231826","0.992404","1.925","1.7638","7.34399","0.151419","0.0935167","0.478869","0.320353","0.251982","1.19817","9.19914","4.76697","25.213","22.3042","25.7706","0.58556","0.260601","9.56273","7.86914","32.3857","30.908","0.571894","0.325307","-0.167654","0.0963587","0.301518","0.363988","0.00108246","0.00053752","0.00188449","0.00000146065","0.0202431","0.0137212","0.0564878","88020.9","3519.7","14502.9","90.3028","4.49015","2647.76","1891.97","6143.8","65.2002","-91.686","18.887","11.8838","-9.85032","2.98617","418.659","236.04","1400.8","418.976","671.215","28.1255","4.19023","122.683","385.405","418.919","0.92"
"39_MNTRL_RR_V3_an6","39_MNTRL_RR_V3","7.62","29.18","193","762","0.03785","6","False","21.63","21.77","21.9","22.04","563","566","570","573","39","STABLE","MNTRL","L","R","0.482278","0.195883","0.714125","1.96878","0.656504","3.35004","0.197496","0.0857126","0.330221","0.554004","0.159418","0.852869","1.4648","0.736949","2.62831","4.90578","0.767278","0.417209","0.0521828","0.626743","0.712986","1.95967","2.09","0.238625","0.0548796","0.0124475","0.0669057","0.118205","0.201441","0.000350252","0.000241319","0.000738783","0.000000180911","0.0176155","0.0116735","0.033263","96651.4","2405.01","7114.12","94.0788","0.849193","3055.11","917.35","3803.61","14.2549","-75.0711","3.87535","3.40581","-6.75273","0.666485","419.253","250.223","1568.62","420.735","655.07","3.28215","0.501038","14.3442","54.68","420.616","0.13"
"39_MNTRL_RR_V3_an7","39_MNTRL_RR_V3","7.62","29.18","193","762","0.03785","7","False","22.42",NULL,NULL,"22.83","583",NULL,NULL,"594","39","UNSTABLE","MNTRL","L","R","0.92011","0.516604","2.06019","4.57945","1.20139","6.33198","0.210447","0.121963","0.629679","0.436916","0.180058","0.785695","16.3663","9.28487","38.237","4.44339","59.2563","1.49729","0.684366","1.98673","15.0052","7.19867","50.3463","1.30062","0.756003","-0.159119","0.0686141","0.257996","0.191326","0.000994495","0.000428838","0.00161248","0.00000117292","0.0164701","0.0101705","0.0313649","90476.1","2957.77","9107.77","92.3887","4.25181","3789.07","2621.21","8286.09","8.73884","-57.8155","2.81147","7.85712","-18.9196","2.4014","399.117","214.128","1104.08","399.207","674.601","8.10775","1.20186","33.2642","163.654","399.156","0.41"
"39_MNTRL_RR_V3_an8","39_MNTRL_RR_V3","7.62","29.18","193","762","0.03785","8","True","26.54","26.68",NULL,"29.1","692","696",NULL,"760","39","STABLE","MNTRL","L","R","0.728449","0.57327","4.06381","0.962049","1.24077","5.79401","0.21323","0.170829","1.10564","0.20868","0.179956","1.08085","19.523","14.5883","79.2517","14.9721","101.26","0.551135","0.485062","4.69996","27.9213","18.6437","107.414","0.630319","0.375478","-0.152171","0.124192","0.550419","0.808166","0.00105686","0.000624547","0.00344012","0.00000150702","0.0164048","0.0137869","0.0699444","92849","4541.36","23414.9","92.84","3.26405","2694.11","2091.39","8450.77","46.179","-76.6101","8.70182","40.139","-27.0453","11.5356","418.615","235.934","1707.28","418.745","678.548","16.2443","2.39398","86.6709","1013.26","418.704","2.42"
"39_MNTRL_RR_V4_an1","39_MNTRL_RR_V4","7.55","29.1","182","751","0.03785","1","False","10.41","10.57","11.23","11.27","257","261","279","280","39","STABLE","MNTRL","L","R","0.414187","0.218518","0.827969","1.72381","0.984812","4.31866","0.131614","0.0637627","0.312027","0.336092","0.219992","0.840875","7.29395","4.9138","24.6216","11.2522","29.8301","0.613757","0.458573","2.85802","9.00791","9.48567","30.1553","0.510009","0.333296","0.0514912","0.0814165","0.222882","0.327887","0.000502299","0.000331957","0.00139301","0.0000003625","0.0140898","0.00660832","0.0222865","109927","6938.91","26209.5","115.906","3.95333","6447.99","4393.84","14986.6","33.8415","3.47024","11.5409","16.0569","-13.3963","5.27239","415.725","228.924","1318.41","415.865","671.58","22.5893","3.3636","76.6001","274.445","415.826","0.66"
"39_MNTRL_RR_V4_an2","39_MNTRL_RR_V4","7.55","29.1","182","751","0.03785","2","False","11.68",NULL,NULL,"13.4","291",NULL,NULL,"336","39","UNSTABLE","MNTRL","L","R","0.431025","0.254738","1.16762","1.4218","1.59462","5.92191","0.164572","0.104549","0.723709","0.269183","0.188641","1.05461","5.15251","2.62259","13.9746","7.1355","16.886","0.295265","0.206485","3.23395","6.70594","13.025","25.822","0.357576","0.207057","0.0371488","0.183803","0.369302","0.736648","0.000944613","0.000693743","0.00230814","0.00000137357","0.0152735","0.0105352","0.0473908","97865.5","5518.53","21080.5","94.6469","4.24761","2169.75","1409.04","5499.47","46.5329","-1.86258","9.07603","36.7494","-18.6374","7.35107","402.439","231.315","2189.06","402.438","678.885","18.1418","2.67229","108.644","692.227","402.457","1.72"
"39_MNTRL_RR_V4_an3","39_MNTRL_RR_V4","7.55","29.1","182","751","0.03785","3","False","13.76","13.76","14.95","15.29","346","346","377","386","39","STABLE","MNTRL","L","R","0.64604","0.54025","2.44728","1.12122","1.09849","4.25436","0.188796","0.135046","0.637285","0.232556","0.195136","1.21547","12.0862","5.72223","28.7315","31.0143","33.0503","0.568634","0.263595","13.5749","10.1642","39.3247","37.9597","0.631952","0.141982","-0.0654026","0.162426","0.37417","0.718267","0.000907889","0.000611052","0.00233857","0.00000119765","0.0177576","0.0128882","0.0530822","89027.6","3636.95","12878.5","87.8804","2.89552","2189.14","1170.34","5026.52","42.8665","2.38324","14.4655","29.0316","-26.5549","9.62269","407.228","222.241","1286.74","407.357","675.996","10.7267","1.5868","63.7827","484.745","407.349","1.19"
"39_MNTRL_RR_V4_an4","39_MNTRL_RR_V4","7.55","29.1","182","751","0.03785","4","False","18.57","18.72","19.09","19.13","473","477","486","487","39","STABLE","MNTRL","L","R","0.573013","0.164256","0.975362","3.51251","1.08217","4.83196","0.210308","0.142309","0.607386","0.445663","0.252722","1.15192","9.31943","5.67553","25.1919","11.4977","34.1688","1.06146","0.644802","3.11647","6.37481","10.1153","21.5407","0.65261","0.419053","-0.198436","0.103548","0.323879","0.378774","0.00130884","0.000493885","0.00202424","0.00000195699","0.0232323","0.0181816","0.0625452","91516","2380.09","6653.36","96.9128","1.7456","2876.66","2221.79","6653.36","15.7009","-9.66557","4.20153","6.21728","-12.759","1.37708","401.347","230.571","1369.58","400.677","666.484","11.2533","1.68846","36.622","148.251","400.678","0.37"
"39_MNTRL_RR_V4_an5","39_MNTRL_RR_V4","7.55","29.1","182","751","0.03785","5","False","19.41","19.42","19.68","19.9","495","495","502","508","39","STABLE","MNTRL","L","R","0.763582","0.409817","1.71547","3.04555","1.7898","5.8955","0.282333","0.150069","0.548559","0.503913","0.189983","0.907263","4.30442","1.93395","8.54099","8.35733","4.14567","0.676951","0.172026","2.11383","0.769428","7.08267","2.646","0.399407","0.253053","-0.223636","0.0559403","0.324183","0.167199","0.00139773","0.000349627","0.00202615","0.00000207588","0.0129826","0.00611663","0.0215818","90331.3","1978.11","6369.76","94.2092","3.05575","2177.88","1041.4","3623.79","7.82872","36.1118","2.10084","4.04723","-5.01605","0.728047","397.554","217.699","1032.09","396.521","654.2","37.2059","5.68724","101.93","103.09","396.501","0.26"
"39_MNTRL_RR_V4_an6","39_MNTRL_RR_V4","7.55","29.1","182","751","0.03785","6","False","20.61","20.72","21.09","21.19","527","529","539","542","39","STABLE","MNTRL","L","R","0.288439","0.193256","0.850472","3.36889","0.887894","5.02614","0.126336","0.0767083","0.357841","0.477351","0.169928","0.858507","5.14768","2.41567","12.6227","4.91522","13.1836","0.854799","0.358879","1.35589","5.23613","4.75433","16.652","0.534833","0.263176","-0.221466","0.126275","0.393919","0.411612","0.00140427","0.000752862","0.002462","0.00000253877","0.0227483","0.0120667","0.0425622","89992.7","3073.28","9330.77","92.4631","2.84299","4515.09","2169.25","7882.64","22.4883","-1.58273","5.75429","3.14219","-12.2151","0.675652","410.496","235.25","1416.79","410.762","658.366","23.5748","3.58081","81.1777","151.972","410.735","0.37"
"39_MNTRL_RR_V4_an7","39_MNTRL_RR_V4","7.55","29.1","182","751","0.03785","7","False","21.66","21.78","22.73","22.94","554","557","583","588","39","STABLE","MNTRL","L","R","0.307251","0.171912","0.898114","1.68584","1.12135","3.96169","0.171685","0.126366","0.590019","0.330042","0.187343","0.761702","7.79184","4.10447","21.3237","19.2677","26.3538","0.603513","0.455443","6.10979","3.99472","21.1807","17.2507","0.409387","0.254447","-0.187883","0.0981097","0.358652","0.382486","0.00119384","0.000574158","0.00224158","0.00000175491","0.0188288","0.0124444","0.0500979","94077.3","4042.41","16578.1","91.1186","3.31864","3056.49","2278.81","8436.33","29.2435","22.8793","8.8034","8.03924","-7.15023","2.39187","396.701","211.92","1211.44","397.022","672.287","16.4574","2.44798","66.2241","377.171","397.022","0.95"
"39_MNTRL_RR_V4_an8","39_MNTRL_RR_V4","7.55","29.1","182","751","0.03785","8","True","26.33","26.46","27.08","27.16","678","681","698","700","39","STABLE","MNTRL","L","R","1.21351","0.336071","1.7701","5.70105","4.9839","17.6425","0.287242","0.139022","0.762367","0.594593","0.26886","1.1529","33.3645","19.8792","73.3003","37.5527","135.201","2.41202","0.533567","4.86529","33.7584","16.7733","109.341","1.78645","0.710266","-0.111944","0.163562","0.505292","0.695198","0.00101332","0.000712534","0.00315807","0.00000153453","0.0191495","0.0133272","0.0478675","94481.5","3274.13","13533.3","94.7206","2.64597","2217.46","1465.76","5301.52","56.3533","-9.56334","18.0085","32.8765","-38.943","10.8551","408.86","225.705","1345.24","409.007","662.045","33.0555","4.99294","135.5","253.549","408.949","0.62"
"39_MNTRR_RR_V1_an1","39_MNTRR_RR_V1","7.77","28.02","194","726","0.03802","1","False","10.57","10.76","11.89","12.02","267","272","302","305","39","STABLE","MNTRR","R","L","0.424129","0.405998","2.43974","1.18527","0.942442","4.65093","0.226211","0.276997","1.221","0.255483","0.211728","1.07713","8.74946","3.26023","23.8027","16.6722","28.7686","0.57257","0.413255","6.42653","8.41271","16.841","30.0767","0.605294","0.331601","-0.0965658","0.0685788","0.21489","0.227202","0.000611552","0.000417101","0.00134306","0.000000547969","0.0138737","0.00853934","0.0326471","97733.6","3439.04","15828.3","104.509","3.46353","3250.82","2925.45","10933.8","32.3552","-61.6435","11.2849","14.9531","-11.1346","3.56822","393.179","214.844","1294.62","393.353","679.515","25.7888","3.79517","123.293","444.489","393.353","1.13"
"39_MNTRR_RR_V1_an2","39_MNTRR_RR_V1","7.77","28.02","194","726","0.03802","2","False","12.44","12.64","14.83","15.16","316","322","379","388","39","STABLE","MNTRR","R","L","0.751281","0.493677","2.41326","1.0137","1.23695","5.33267","0.224454","0.168727","1.12958","0.198285","0.164423","1.06955","10.319","4.70425","24.229","26.3103","26.7547","0.348394","0.280077","11.812","7.47937","32.4763","32.4483","0.360525","0.240985","0.0127407","0.188286","0.511256","0.78024","0.000905348","0.000755984","0.00319535","0.00000139117","0.0183265","0.0123806","0.0504503","95590.3","5235.32","19383.5","94.2699","2.24789","2407.54","1742.01","8073.53","57.9362","-42.9685","15.5211","29.5582","-2.80465","7.67721","392.617","219.046","1676.41","392.594","684.285","10.9939","1.60662","62.562","859.879","392.639","2.19"
"39_MNTRR_RR_V1_an3","39_MNTRR_RR_V1","7.77","28.02","194","726","0.03802","3","False","18.41","18.62","19.16","19.36","473","479","493","498","39","STABLE","MNTRR","R","L","0.662712","0.558684","2.80319","2.09385","1.32099","5.05909","0.456983","0.485549","1.81088","0.387502","0.204972","0.938421","4.42374","3.0383","16.031","5.89739","19.8388","0.57013","0.43214","2.62966","5.78708","7.23567","20.8627","0.543886","0.326896","-0.164462","0.0929392","0.320994","0.369706","0.00106848","0.000502306","0.00200621","0.00000139396","0.0176996","0.0121288","0.0390843","87805.9","2654.13","11014.4","89.0098","4.42441","2810.83","1647.37","5574.86","10.6221","-67.8407","2.58843","5.32134","-11.735","1.20463","395.682","227.199","1524.47","395.515","679.365","19.952","2.93686","97.6572","213.613","395.58","0.54"
"39_MNTRR_RR_V1_an4","39_MNTRR_RR_V1","7.77","28.02","194","726","0.03802","4","False","20.09","20.26","20.95","21.11","518","522","540","544","39","STABLE","MNTRR","R","L","0.457035","0.2924","1.86125","1.68473","1.29629","5.03262","0.23323","0.203345","0.93237","0.321507","0.215287","0.872998","4.21809","2.24321","11.6993","11.0641","11.808","0.459001","0.321476","4.24354","3.97429","14.5873","15.1863","0.393802","0.20336","-0.219688","0.0926879","0.405947","0.392087","0.00137305","0.000579299","0.00253717","0.00000222086","0.0128994","0.0101803","0.0373014","86420.3","2692.41","9585.03","88.6305","3.50161","2790.84","1920.92","7748.63","26.4532","-45.9181","9.26389","12.4676","-13.371","3.37122","393.013","225.73","1585.31","392.738","671.478","23.7536","3.53751","93.0796","270.98","392.724","0.69"
"39_MNTRR_RR_V1_an5","39_MNTRR_RR_V1","7.77","28.02","194","726","0.03802","5","False","21.79","21.84","22.71","23.52","562","564","586","608","39","STABLE","MNTRR","R","L","0.787435","0.30383","1.59495","4.69831","4.61994","16.3493","0.249323","0.192538","1.00201","0.471338","0.305584","1.50671","13.9496","7.67896","39.1593","37.2716","41.3198","0.992274","0.623697","5.24309","8.57083","18.2703","31.5333","0.559039","0.24718","-0.126367","0.122843","0.371004","0.521064","0.000883225","0.00065815","0.00231878","0.00000121325","0.016959","0.0119333","0.0425708","92927.5","3031.16","12542.1","93.3211","3.55926","1923.44","2044.22","6956.47","40.5532","-69.2633","7.70521","28.5578","15.3663","6.85177","400.862","214.453","1212.03","400.851","670.909","28.6969","4.27732","108.644","348.739","400.849","0.87"
"39_MNTRR_RR_V1_an6","39_MNTRR_RR_V1","7.77","28.02","194","726","0.03802","6","True","26.48","26.7","27.64","27.82","686","691","716","721","39","STABLE","MNTRR","R","L","0.818532","0.482733","2.50643","1.82532","1.51894","5.85856","0.307057","0.29885","1.41229","0.309189","0.213052","1.19885","8.56184","4.64386","27.7806","11.7829","36.6861","0.632771","0.419651","5.06227","8.26239","17.0423","31.1477","0.622034","0.32503","-0.197478","0.19454","0.566172","1.0058","0.00151137","0.000847029","0.00353858","0.0000030017","0.0213403","0.0164303","0.0641971","93662.6","3757.14","14919.1","90.6949","2.93465","2952.44","1828.67","6761.05","21.1518","-88.2801","5.82683","23.0832","1.0426","7.22834","419.269","231.857","1532.11","419.574","681.633","20.5784","3.01899","95.2168","394.397","419.572","0.94"
"39_MNTRR_RR_V2_an1","39_MNTRR_RR_V2","7.51","29.2","192","765","0.03779","1","False","10.5","10.69","11.31","11.48","271","276","293","297","39","STABLE","MNTRR","R","L","0.975968","0.420109","1.93046","3.25045","2.26629","8.71692","0.338861","0.26346","1.10452","0.469417","0.226809","1.21042","14.7624","9.05721","37.0844","18.9691","59.5872","1.11568","0.408509","4.36863","15.57","15.2133","52.9053","0.910412","0.376664","-0.0320527","0.107182","0.200782","0.334446","0.000595143","0.000366993","0.00125489","0.000000488879","0.0150803","0.01267","0.0447466","102951","5395.54","19610.5","107.5","5.81548","6351.46","4700.23","15634.1","13.1546","11.1977","4.19649","21.0303","-29.6861","6.8421","396.915","208.808","1188.56","396.976","674.249","13.245","1.9644","63.4775","246.132","396.987","0.62"
"39_MNTRR_RR_V2_an2","39_MNTRR_RR_V2","7.51","29.2","192","765","0.03779","2","False","12","12.14","12.77","12.94","311","315","331","336","39","STABLE","MNTRR","R","L","1.21152","0.870298","3.3541","2.87286","1.53179","5.2299","0.302191","0.189305","0.978539","0.411375","0.175937","0.891314","12.2958","6.82883","30.3671","27.2242","34.8997","0.801982","0.41239","8.63001","14.5653","28.8137","48.5547","0.913379","0.354322","0.206227","0.110582","0.395202","0.479785","0.00135111","0.000559891","0.00247001","0.00000213898","0.0186333","0.0118729","0.0420813","102561","2608.78","10096.6","94.3386","4.68371","3477","1739","6847.88","13.4574","36.4205","2.59134","21.6314","-44.9734","8.36206","379.348","212.616","1243.61","379.348","682.978","33.3045","4.87637","130.617","238.982","379.337","0.63"
"39_MNTRR_RR_V2_an3","39_MNTRR_RR_V2","7.51","29.2","192","765","0.03779","3","False","13.38","13.57","13.88","14.09","347","352","360","366","39","STABLE","MNTRR","R","L","0.774616","0.322967","1.64406","3.8025","1.18537","5.92953","0.238091","0.172053","0.801085","0.444432","0.142848","0.729924","5.32761","1.97035","9.50787","12.4543","9.73261","0.82773","0.223506","3.7","4.87978","12.395","13.963","0.627716","0.225921","0.0256671","0.17569","0.261029","0.501147","0.000969558","0.000539848","0.00163143","0.00000123148","0.0234665","0.0104453","0.0377358","97621","4217.4","12800.3","94.7043","2.85765","3248.43","1686.75","7032.76","16.0255","-1.47037","4.2349","5.04262","-47.1816","1.43955","411.264","219.333","1317.31","411.508","664.671","21.3971","3.21921","67.4448","127.59","411.579","0.31"
"39_MNTRR_RR_V2_an4","39_MNTRR_RR_V2","7.51","29.2","192","765","0.03779","4","False","18.2","18.35","19.89","20.02","474","478","519","523","39","STABLE","MNTRR","R","L","0.57379","0.390288","2.14941","1.60074","1.8398","7.32668","0.22161","0.227087","1.1384","0.287476","0.246466","1.55632","12.343","8.94855","49.9712","13.3668","63.9088","0.704713","0.597677","5.21077","15.0349","21.3177","59.9323","0.718348","0.51523","-0.133357","0.259199","0.626539","1.132","0.00150678","0.00102406","0.00391587","0.00000331908","0.0237786","0.0153685","0.0599314","94006.6","5568.01","22425.5","91.7891","3.41866","3348.24","2525.74","8496.18","41.6075","-28.6782","12.3944","17.9453","-38.4351","5.18733","399.55","220.811","1335.7","399.405","681.04","19.6838","2.89026","128.176","615.199","399.48","1.54"
"39_MNTRR_RR_V2_an5","39_MNTRR_RR_V2","7.51","29.2","192","765","0.03779","5","False","20.39","20.57","20.93","21.16","532","537","547","553","39","STABLE","MNTRR","R","L","0.807166","0.488576","2.15169","4.5181","1.2505","6.53104","0.417535","0.357101","1.15459","0.603046","0.280193","1.39638","6.42291","2.86699","14.9301","6.95839","18.2262","0.895855","0.412344","2.08511","1.86157","7.28467","6.962","0.411259","0.259696","-0.34457","0.156809","0.51931","0.43439","0.00215356","0.000980058","0.00324568","0.00000559834","0.0186622","0.018544","0.0692769","97679.7","5425.68","20269.8","90.8413","3.35163","3888.55","3783.96","14244.7","9.36838","-28.8477","2.26169","5.55693","-38.3186","1.39884","416.625","235.362","1389.91","416.312","661.975","27.1166","4.09632","98.5727","149.896","416.378","0.36"
"39_MNTRR_RR_V2_an6","39_MNTRR_RR_V2","7.51","29.2","192","765","0.03779","6","False","21.65","21.82","22.73","22.97","566","570","594","601","39","STABLE","MNTRR","R","L","0.508249","0.32998","1.67223","3.2532","2.05823","6.57973","0.244946","0.233845","1.01842","0.33626","0.211241","0.924287","6.38823","3.65258","21.1346","7.00322","25.3064","0.57578","0.434361","3.46567","4.70392","11.1833","19.5803","0.345681","0.257258","-0.19987","0.0988732","0.375369","0.344724","0.00124919","0.000617957","0.00234605","0.00000194235","0.0149902","0.012621","0.0491151","90951.7","3114.34","11867.4","93.2467","3.61237","3273.67","2085.2","9284.83","36.0693","-7.19138","11.8093","16.2649","-41.4918","5.04576","408.29","222.01","1429.44","408.267","677.057","12.8418","1.8967","57.374","371.514","408.258","0.91"
"39_MNTRR_RR_V2_an7","39_MNTRR_RR_V2","7.51","29.2","192","765","0.03779","7","False","26.21","26.35","27.13","27.27","686","690","711","714","39","STABLE","MNTRR","R","L","0.624104","0.362733","1.87772","3.73979","2.04584","8.20671","0.296312","0.282645","1.09036","0.445536","0.205575","1.12013","11.6994","6.11785","36.1636","17.5367","44.7633","1.02895","0.66045","9.41412","9.69003","30.649","38.262","0.898658","0.453821","-0.0964406","0.153009","0.363516","0.630476","0.00099512","0.00053625","0.00227197","0.00000127783","0.0162467","0.0159378","0.0695093","91358.4","6952.89","26358.4","91.3546","3.97519","2521.85","2091.1","7016.38","9.76515","-10.3573","2.44181","7.10408","-44.5833","1.92491","396.959","221.41","1281.76","397.296","671.757","24.2187","3.60528","103.151","309.889","397.294","0.78"
"39_MNTRR_RR_V2_an9","39_MNTRR_RR_V2","7.51","29.2","192","765","0.03779","9","True","28.28","28.55",NULL,"29.2","741","748",NULL,"765","39","STABLE","MNTRR","R","L","0.909254","0.403086","1.94109","2.05324","0.901658","3.49254","0.302467","0.208168","0.92758","0.338091","0.165549","1.01308","9.87012","5.50587","21.6421","13.2214","26.7355","0.724802","0.229182","4.62278","7.22151","13.6227","25.2937","0.452748","0.20008","-0.280527","0.178642","0.611574","0.615043","0.0017557","0.00111272","0.00382234","0.00000432063","0.0150833","0.0138547","0.0546626","96249.8","6109.64","18628","91.8394","3.20026","3874.13","3111.54","10449.5","38.1171","-29.4706","10.6312","16.4649","-7.66225","4.48812","404.884","231.817","1229.85","405.092","679.905","33.1908","4.88168","111.086","263.337","405.134","0.65"
"39_MNTRR_RR_V3_an1","39_MNTRR_RR_V3","7.64","29.17","193","760","0.03791","1","False","10.04","10.21","10.89","11.02","256","260","278","282","39","STABLE","MNTRR","R","L","1.04264","0.588116","3.08925","3.63842","3.71518","15.2433","0.380328","0.438656","1.85864","0.516567","0.321302","1.3382","19.8966","11.6005","46.6304","53.749","64.7217","1.44047","0.549977","14.4954","16.8625","47.8797","57.005","1.22294","0.407417","0.018245","0.10708","0.24606","0.467043","0.000516536","0.000440558","0.00153788","0.000000460901","0.0136368","0.0129676","0.0563692","108888","5744.03","20852","112.179","3.80614","6400.74","5275.56","17651","34.0494","-29.5065","11.3359","19.5161","-22.4603","5.29593","412.33","230.098","1499.28","412.197","666.835","22.8928","3.43305","95.2158","280.293","412.196","0.68"
"39_MNTRR_RR_V3_an2","39_MNTRR_RR_V3","7.64","29.17","193","760","0.03791","2","False","11.43","11.55","11.91","12.04","292","296","305","309","39","STABLE","MNTRR","R","L","1.01164","0.477","2.08164","4.93412","2.70598","10.1603","0.264102","0.146378","0.665783","0.567008","0.254231","1.14137","18.4945","10.2655","38.1878","61.37","31.583","2.1189","0.236143","19.4141","11.7753","62.9127","37.0827","2.04539","0.313155","0.0902574","0.0653807","0.222857","0.207207","0.000564109","0.000408629","0.00139285","0.000000485196","0.0122625","0.00983487","0.0326679","103123","2224.68","6542.53","106.113","5.52437","1856.53","1487.44","4492.51","36.2965","-58.3238","12.7905","10.4354","-39.5222","3.6723","434.386","257.095","1658.32","433.971","660.997","47.7238","7.21998","142.824","156.223","433.951","0.36"
"39_MNTRR_RR_V3_an3","39_MNTRR_RR_V3","7.64","29.17","193","760","0.03791","3","False","12.64","12.76","13.19","13.32","324","328","339","342","39","STABLE","MNTRR","R","L","0.813347","0.440675","1.98689","4.62119","1.13758","6.98912","0.359988","0.243182","0.812601","0.549294","0.270727","1.47631","5.18884","2.26659","13.0573","4.19033","16.0963","0.797306","0.40973","0.912561","3.36456","3.233","11.9893","0.416272","0.32955","0.126157","0.0723743","0.23109","0.242568","0.000800436","0.000430829","0.00144431","0.000000826312","0.0153243","0.00582401","0.0248135","100849","2195.23","8118.84","94.8357","2.22846","1527.12","1457.9","5360.08","25.3488","-70.0241","8.9365","8.70333","-38.1677","2.7276","418.426","227.364","1438.43","418.447","658.076","20.044","3.04584","89.1123","179.947","418.481","0.43"
"39_MNTRR_RR_V3_an4","39_MNTRR_RR_V3","7.64","29.17","193","760","0.03791","4","False","13.98","14.17","14.66","15.22","360","365","378","392","39","STABLE","MNTRR","R","L","1.17807","0.669497","3.23584","2.07231","1.32185","5.75329","0.35911","0.302943","1.60463","0.358142","0.192937","0.754674","8.76963","4.69818","22.9002","6.01206","31.2853","0.834331","0.439029","4.37677","7.70299","14.239","26.1517","0.615124","0.31678","-0.126762","0.12357","0.293772","0.404289","0.000957028","0.000555193","0.00183608","0.00000122414","0.0178858","0.0104475","0.037591","89405.7","2306.64","8497.06","91.6217","1.92824","1613.78","1972.73","6493.25","14.9239","-56.7081","3.71263","24.7736","-17.7228","7.02765","406.89","216.794","1149.48","407.123","673.343","24.2719","3.60468","91.8589","199.514","407.172","0.49"
"39_MNTRR_RR_V3_an5","39_MNTRR_RR_V3","7.64","29.17","193","760","0.03791","5","False","18.23","18.39","19.44","19.57","472","476","504","507","39","STABLE","MNTRR","R","L","0.635812","0.453991","2.29562","2.56898","1.8533","6.17507","0.258731","0.305434","1.4809","0.357863","0.227759","1.12547","10.5277","6.66654","32.9446","10.8339","44.8519","0.823727","0.62488","5.3691","10.9376","21.8173","41.843","0.776934","0.620666","-0.303709","0.279423","0.833986","1.15808","0.00216026","0.00140936","0.00521242","0.00000665299","0.026131","0.0216474","0.0697796","98630.8","5697.21","23188.3","92.673","4.34838","3424.5","2998.04","13629.8","33.3887","-77.789","10.8466","14.1571","-39.5617","3.92376","392.082","227.312","1396.37","392.073","676.922","18.7453","2.7692","92.164","411.657","392.054","1.05"
"39_MNTRR_RR_V3_an6","39_MNTRR_RR_V3","7.64","29.17","193","760","0.03791","6","False","20.17","20.39","21.32","21.46","523","529","553","557","39","STABLE","MNTRR","R","L","0.601007","0.477506","2.38375","3.28211","2.22329","7.7573","0.286623","0.330538","1.55405","0.41162","0.279304","1.15501","9.01978","6.1116","31.8593","5.26072","42.1629","0.772926","0.605718","1.99107","9.77273","7.487","41.063","0.571878","0.555983","-0.123309","0.250318","0.474645","0.864052","0.00154864","0.000802042","0.00296653","0.00000304156","0.018773","0.0162446","0.0673082","94866.8","5875.23","20192.6","92.2556","3.3255","2731.51","2451.78","10367.3","15.0944","-128.508","4.23637","9.77705","-26.2195","2.43012","413.305","237.343","1489.7","413.194","674.474","24.1468","3.5801","100.709","384.191","413.109","0.93"
"39_MNTRR_RR_V3_an7","39_MNTRR_RR_V3","7.64","29.17","193","760","0.03791","7","False","21.93","22.13","22.68","22.94","569","575","589","596","39","STABLE","MNTRR","R","L","0.870549","0.331556","1.80532","2.45326","1.01809","4.87874","0.231666","0.131056","0.722427","0.362642","0.163568","0.869028","10.2876","4.68114","26.005","6.3995","35.469","1.0103","0.45077","1.43433","8.5083","4.40633","30.055","0.775669","0.414908","-0.117235","0.128514","0.374925","0.53289","0.000887495","0.000627993","0.00234328","0.00000118202","0.022032","0.0143459","0.0405133","94195.2","4151.6","13056.2","90.4987","3.69756","3987.99","2633.1","9085.6","62.6921","-95.4159","18.4042","43.0785","-12.9737","14.2119","433.903","253.773","1371.92","434.145","675.436","18.6233","2.75723","61.6465","238.783","434.152","0.55"
"39_MNTRR_RR_V3_an8","39_MNTRR_RR_V3","7.64","29.17","193","760","0.03791","8","False","26.26","26.44","27.34","27.49","684","688","712","716","39","STABLE","MNTRR","R","L","0.521631","0.409284","2.38537","2.76923","1.89321","6.55599","0.251723","0.295632","1.55722","0.404228","0.289196","1.26547","9.06084","5.21148","26.9761","11.0693","36.7475","0.806497","0.602043","5.50599","7.98875","20.5993","28.477","0.688286","0.54754","-0.0945228","0.218133","0.525181","0.861204","0.00132632","0.000669745","0.00328238","0.00000220767","0.0246269","0.019551","0.0740651","95996.3","7510.6","31876.1","92.9259","3.86656","4218.19","3523.61","13398.4","19.0344","-82.6914","5.81802","6.88958","-37.4951","1.98479","389.869","211.582","1429.54","389.852","674.454","22.1724","3.28746","99.4883","350.944","389.938","0.9"
"39_MNTRR_RR_V3_an9","39_MNTRR_RR_V3","7.64","29.17","193","760","0.03791","9","True","27.9","28.07",NULL,"29","727","731",NULL,"756","39","STABLE","MNTRR","R","L","0.528594","0.319749","1.40284","1.3953","1.73849","6.48584","0.182147","0.144474","0.734071","0.229968","0.196559","0.787367","8.28779","6.67249","34.504","6.61567","42.9928","0.627713","0.589011","1.90716","10.0268","5.78233","38.8247","0.53193","0.411784","-0.0484846","0.21961","0.588351","0.931975","0.00116862","0.000781067","0.00367719","0.00000197575","0.0251242","0.0203398","0.086936","94574.2","6975.4","24706.2","92.5165","3.33385","3406.21","2537.28","10158.1","15.2329","-100.408","3.96222","22.8681","-21.0796","7.24432","405.313","231.713","1571.85","405.323","679.789","21.0558","3.0974","83.9243","376.994","405.37","0.93"
"39_TRLGL_RR_V1_an1","39_TRLGL_RR_V1","7.6","29.78","193","782","0.03761","1","False","10.36","10.48","11.26","11.46","266","269","290","295","39","STABLE","TRLGL","L","R","0.723936","0.330472","1.5832","3.49809","2.50904","8.55041","0.252866","0.152416","0.812686","0.428664","0.231688","1.11798","21.7847","12.2851","48.1751","31.1233","83.7184","1.27418","0.306493","6.54361","23.2817","24.281","76.389","1.07642","0.317029","-0.00284941","0.0748557","0.151569","0.286039","0.000374794","0.000280586","0.000947307","0.000000219199","0.0137716","0.0102242","0.0409791","104639","4606.76","17594","111.221","3.96618","4814.93","4413.7","14883.1","45.4867","-43.917","13.5301","43.1055","45.4158","14.5805","420.971","231.68","1407.72","421.122","672.39","18.9882","2.82399","96.1323","328.515","421.173","0.78"
"39_TRLGL_RR_V1_an2","39_TRLGL_RR_V1","7.6","29.78","193","782","0.03761","2","False","11.79",NULL,NULL,"12.17","304",NULL,NULL,"314","39","UNSTABLE","TRLGL","L","R","1.52169","0.595974","2.74238","5.01608","3.02534","13.185","0.403874","0.210133","0.924338","0.717021","0.295237","1.70056","15.9388","8.43314","30.3577","49.6046","31.7364","1.69224","0.12918","14.9388","8.51614","51.1287","31.4567","1.9047","0.691487","0.254276","0.1014","0.378605","0.305158","0.00158923","0.000633748","0.00236628","0.00000292728","0.0178438","0.0143933","0.0411455","105579","2646.72","8811.84","95.5326","3.26763","2861.7","1518.52","5505.39","87.67","-4.07062","22.1445","49.3139","-122.295","10.3071","576.101","356.767","2076.09","576.744","663.926","36.631","5.51733","138.857","219.213","576.877","0.38"
"39_TRLGL_RR_V1_an3","39_TRLGL_RR_V1","7.6","29.78","193","782","0.03761","3","False","12.29","12.83","12.96","13.31","317","332","335","344","39","STABLE","TRLGL","L","R","0.597991","0.373072","1.28921","1.93899","0.585406","3.07474","0.225612","0.0962285","0.363896","0.482127","0.207095","0.855887","0.85219","0.433772","1.66106","2.63106","1.13278","0.275197","0.0770263","0.365674","1.91035","1.10033","5.868","0.4866","0.24","-0.0126935","0.0342164","0.0572033","0.0897418","0.000196806","0.0001153","0.000357521","0.0000000520269","0.0105056","0.00363188","0.0149132","107385","1847.64","4839.71","99.3088","0.124789","2048.4","2010.75","4839.71","2.97052","-68.1144","0.866455","4.97823","35.1025","1.14396","424.502","219.538","1251.9","423.698","648.686","5.78245","0.891409","22.584","55.0653","423.579","0.13"
"39_TRLGL_RR_V1_an4","39_TRLGL_RR_V1","7.6","29.78","193","782","0.03761","4","False","14.49",NULL,NULL,"14.66","376",NULL,NULL,"380","39","UNSTABLE","TRLGL","L","R","0.292215","0.210126","0.585126","2.78974","0.459848","3.54877","0.096002","0.0380411","0.170488","0.457596","0.217993","1.06093","3.12421","1.74188","6.00658","1.1215","11.0991","0.683236","0.0723686","1.6664","2.23348","5.09133","6.85367","0.534902","0.259385","-0.251905","0.0182501","0.270438","0.0511842","0.00157441","0.000114063","0.00169024","0.00000249177","0.00212644","0.00142194","0.00448439","90855","1943.57","5530.73","94.2563","1.98348","2084.51","722.445","2807.33","17.5145","-83.2244","5.54801","1.79795","34.5123","0.436557","424.808","235.395","1507.88","422.432","663.611","9.10258","1.37168","30.5185","71.8298","422.529","0.17"
"39_TRLGL_RR_V1_an5","39_TRLGL_RR_V1","7.6","29.78","193","782","0.03761","5","False","15.04",NULL,NULL,"15.22","390",NULL,NULL,"395","39","UNSTABLE","TRLGL","L","R","0.236487","0.0664614","0.383205","3.75569","1.47687","6.97901","0.072275","0.0394775","0.153951","0.840749","0.257294","1.42533","2.00553","0.869842","3.89471","2.6855","5.45867","0.491551","0.108008","2.19951","1.21361","6.58967","3.98467","0.489916","0.230195","-0.163769","0.0488162","0.243607","0.159873","0.00102356","0.000305101","0.00152254","0.00000114076","0.0110218","0.00406156","0.0160178","88628.7","1876.18","5243.39","91.8916","1.6819","1680.9","893.675","2876.18","9.26553","-57.9021","2.70194","1.79899","38.1987","0.36536","407.382","238.692","1171.89","406.876","635.176","24.7199","3.89182","70.4966","73.225","406.805","0.18"
"39_TRLGL_RR_V1_an6","39_TRLGL_RR_V1","7.6","29.78","193","782","0.03761","6","False","15.5","15.59","16.78","16.89","403","405","437","440","39","STABLE","TRLGL","L","R","0.716979","0.275261","1.37894","2.69962","3.60583","15.6004","0.218318","0.14589","0.742179","0.349723","0.253435","1.17196","18.0339","11.8008","57.0725","34.2996","83.6075","0.883723","0.614574","8.40256","18.5755","25.358","58.9573","0.607039","0.17161","-0.205724","0.0867221","0.411868","0.4372","0.00129537","0.000518663","0.00257417","0.000001947","0.0166248","0.0119378","0.0434677","88076.4","2340.17","11255.8","90.2033","2.2746","2158.15","1481.27","6327.34","36.3432","-62.3678","7.74716","27.612","17.9245","6.8793","418.756","225.245","1562.71","418.585","670.305","22.5147","3.35887","87.5864","498.124","418.592","1.19"
"39_TRLGL_RR_V1_an7","39_TRLGL_RR_V1","7.6","29.78","193","782","0.03761","7","False","17.32",NULL,NULL,"17.57","451",NULL,NULL,"458","39","UNSTABLE","TRLGL","L","R","1.03988","0.33953","1.61427","8.98707","4.6777","16.3184","0.30656","0.158194","0.637828","1.0005","0.299994","1.61188","28.6754","16.2873","54.6378","38.2584","85.8164","4.35081","0.173924","6.85408","12.1979","22.8463","38.4163","1.86598","0.427256","-0.265621","0.117274","0.490383","0.335869","0.00166013","0.000732962","0.0030649","0.00000329327","0.00852986","0.00782833","0.0251454","94344.9","4140","12800","90.816","3.23503","4001.41","1660.25","6207.28","41.4204","-93.9431","13.4938","8.20999","-56.7462","1.98085","450.337","245.663","1255.12","450.552","654.428","22.3812","3.41996","74.1587","112.641","450.562","0.25"
"39_TRLGL_RR_V1_an8","39_TRLGL_RR_V1","7.6","29.78","193","782","0.03761","8","False","19.25","19.34","19.76","19.86","502","505","516","518","39","STABLE","TRLGL","L","R","0.624445","0.329113","1.55072","3.31","1.20687","6.85992","0.256774","0.183652","0.655851","0.440764","0.191972","0.859345","8.20264","3.88606","20.4286","1.73161","26.9282","0.915446","0.434153","1.81403","6.4578","6.39933","23.7707","0.596524","0.420534","-0.20836","0.090424","0.414623","0.315472","0.00130225","0.00056515","0.00259139","0.00000201525","0.0148543","0.0125213","0.0393924","98651.6","3381.42","9899.13","95.9556","2.79228","3793.58","3084.01","9563.71","17.0733","-76.3516","4.15055","4.38328","38.1031","0.980543","407.354","232.035","1238.36","407.086","660.4","24.0277","3.63835","77.2104","170.95","407.024","0.42"
"39_TRLGL_RR_V1_an9","39_TRLGL_RR_V1","7.6","29.78","193","782","0.03761","9","False","20.11","20.23","21.31","21.43","525","528","557","560","39","STABLE","TRLGL","L","R","0.492256","0.378312","1.973","1.41729","1.02636","4.77865","0.160445","0.102364","0.660694","0.30799","0.172961","0.854643","12.3921","6.93516","34.2605","26.0087","42.3006","0.62175","0.299877","9.27694","12.867","28.8863","43.5467","0.513165","0.299569","-0.162947","0.107403","0.408744","0.432616","0.00102837","0.000655932","0.00255465","0.00000148779","0.0171186","0.0123199","0.0396848","90006.4","3121.45","12442.7","90.9101","3.25566","2159.7","1514.6","6760.51","26.3187","-94.3342","7.05901","23.6383","30.8035","8.67849","419.029","226.789","1435","419.143","672.787","17.6095","2.6174","64.6982","452.656","419.126","1.08"
"39_TRLGL_RR_V1_an10","39_TRLGL_RR_V1","7.6","29.78","193","782","0.03761","10","False","23.1","23.2","23.55","23.61","605","607","617","618","39","STABLE","TRLGL","L","R","0.277814","0.185957","0.651278","2.97374","0.972849","5.18924","0.114898","0.0491863","0.263972","0.467168","0.19548","0.915138","4.69679","1.91522","10.3186","8.30778","12.6132","0.786307","0.310158","2.89512","1.97017","9.93467","6.87233","0.448682","0.151092","-0.136252","0.0764343","0.260272","0.277757","0.000871443","0.000440428","0.0016267","0.00000095339","0.01502","0.00820918","0.0310029","88371.7","2285.13","7552.67","91.9236","1.61608","3309.77","2280.89","7552.67","21.6721","-109.564","5.71996","2.26845","38.295","0.481163","428.55","242.643","1488.28","428.807","657.437","13.5958","2.068","50.0498","150.108","428.881","0.35"
"39_TRLGL_RR_V1_an11","39_TRLGL_RR_V1","7.6","29.78","193","782","0.03761","11","False","24.13","24.22","25.38","25.51","632","634","665","669","39","STABLE","TRLGL","L","R","0.398492","0.321844","1.56609","1.21746","0.956699","4.32518","0.151762","0.119024","0.677928","0.262991","0.167737","0.791862","8.82197","3.31582","20.4786","17.4831","24.2953","0.52246","0.321648","9.14083","4.66269","27.013","16.8507","0.423135","0.159331","-0.276614","0.454264","1.26404","1.6149","0.00239137","0.0023089","0.00790024","0.0000110496","0.0286541","0.0221438","0.0884602","103930","7747.65","24738.8","93.7947","3.4097","3571.66","2203.47","8825.07","32.1616","-117.764","10.1526","19.6861","30.8295","5.44013","427.39","232.771","1262.71","427.182","675.94","14.9663","2.21415","54.6274","495.577","427.221","1.16"
"39_TRLGL_RR_V1_an12","39_TRLGL_RR_V1","7.6","29.78","193","782","0.03761","12","False","25.92",NULL,NULL,"26.28","680",NULL,NULL,"689","39","UNSTABLE","TRLGL","L","R","0.718958","0.430018","1.50309","4.98953","1.4147","6.74469","0.186795","0.0877994","0.375216","0.588825","0.230005","1.10041","6.5297","2.78908","13.7502","7.35183","17.3261","0.841244","0.232986","3.50465","2.06745","11.3227","8.05533","0.502058","0.354","-0.164428","0.0862965","0.30661","0.308427","0.00102995","0.000535002","0.00191631","0.00000134702","0.0131831","0.00909973","0.0272799","89938.8","2108.15","5792.76","95.2095","2.91268","2141.32","1400.98","5265.64","11.7084","-98.0658","3.73465","3.70181","35.1665","0.919059","415.205","223.519","1199.57","415","658.841","35.3966","5.37255","106.202","149.405","415.013","0.36"
"39_TRLGL_RR_V1_an13","39_TRLGL_RR_V1","7.6","29.78","193","782","0.03761","13","False","26.5","26.6","27.49","27.57","695","698","721","724","39","STABLE","TRLGL","L","R","0.381831","0.247747","1.08912","1.75646","1.55807","5.74081","0.148619","0.113028","0.642453","0.281248","0.153192","0.752774","6.02376","3.61805","19.3088","6.71589","22.2501","0.546607","0.369617","1.11007","4.38498","3.40933","15.6317","0.236224","0.163608","-0.209686","0.173568","0.527194","0.71223","0.00143705","0.000910596","0.00329496","0.0000028943","0.0179255","0.0173682","0.0718223","95204.8","3487.96","14283.7","94.1136","3.08632","3111.85","2692.87","11085.8","23.2537","-118.516","5.42915","13.8053","29.1905","4.20927","429.882","236.519","1352.31","430.13","672.451","20.6963","3.07774","76.2949","382.822","430.137","0.89"
"39_TRLGL_RR_V1_an14","39_TRLGL_RR_V1","7.6","29.78","193","782","0.03761","14","True","28.02","28.16",NULL,"29.78","735","739",NULL,"782","39","STABLE","TRLGL","L","R","0.219014","0.147021","0.936541","0.615436","0.68703","3.15494","0.119079","0.08094","0.423109","0.151017","0.131523","0.69678","4.35577","2.70431","17.1771","8.16444","20.1041","0.235773","0.215864","3.564","1.91779","11.212","8.01733","0.151127","0.0792759","-0.147446","0.125641","0.334146","0.485548","0.00109195","0.000522973","0.00208841","0.00000146586","0.0150066","0.0110487","0.0435029","92167.5","3909.41","16624.9","94.2136","3.35962","2316.39","1658.26","6833.23","22.0318","-115.857","4.41206","14.8066","30.2563","3.8261","407.83","225.482","1582.32","407.976","679.138","8.50376","1.25214","38.7573","660.842","407.927","1.62"
"39_TRLGL_RR_V2_an2","39_TRLGL_RR_V2","8.05","30.24","189","776","0.03779","2","False","11.74",NULL,NULL,"12.2","286",NULL,NULL,"298","39","UNSTABLE","TRLGL","L","R","0.389969","0.148643","0.753708","3.28796","1.03659","4.73168","0.0990497","0.049335","0.25905","0.484866","0.217545","0.983585","7.16934","2.60917","14.3428","5.08456","21.1086","0.845994","0.204155","2.00284","2.67785","6.79133","9.99467","0.405238","0.183536","0.0048667","0.211252","0.453919","0.655369","0.00114773","0.000653384","0.00283699","0.00000174419","0.0137806","0.0133939","0.0452768","101871","4521.31","15264.7","109.507","3.85681","3007.37","1435.68","5767.62","21.5466","-120.861","6.87906","3.6948","15.274","1.0213","441.965","242.251","1473.98","442.078","673.187","30.8875","4.58825","92.7744","203.317","441.993","0.46"
"39_TRLGL_RR_V2_an3","39_TRLGL_RR_V2","8.05","30.24","189","776","0.03779","3","False","12.5","13.1","13.41","13.63","306","322","330","336","39","STABLE","TRLGL","L","R","0.504809","0.296448","1.19654","1.50474","0.506168","2.67384","0.283767","0.186777","0.704553","0.426809","0.186404","0.863475","1.48229","0.722247","3.93439","4.17667","3.33472","0.294454","0.186847","0.476661","0.473086","1.62933","1.40167","0.0984965","0.0434153","0.000540457","0.0751945","0.110819","0.209029","0.00042053","0.000209843","0.000692621","0.000000220879","0.0141621","0.00931168","0.0295747","98663.8","2332.36","7372.46","91.3338","0.949257","2629.74","1282.24","5487.37","24.9728","-115.268","7.71639","6.31734","16.5855","2.0907","413.248","229.369","1187.51","413.62","669.254","20.7894","3.10635","64.393","128.195","413.534","0.31"
"39_TRLGL_RR_V2_an4","39_TRLGL_RR_V2","8.05","30.24","189","776","0.03779","4","False","13.84",NULL,NULL,"13.97","342",NULL,NULL,"345","39","UNSTABLE","TRLGL","L","R","0.161399","0.0451343","0.226312","2.41997","1.25668","4.97553","0.0969986","0.0523766","0.187451","0.669542","0.190947","0.988689","1.98705","1.11861","3.87435","5.93706","0.700222","0.578314","0.071741","0.941191","1.41771","3.00133","4.15433","0.428281","0.191509","-0.0876973","0.0274493","0.133951","0.0719156","0.000548108","0.000171558","0.000837195","0.000000329854","0.00488859","0.00501076","0.0118939","91284.5","286.939","646.983","90.8449","0.204373","538.952","76.5337","646.983","6.18432","-138.404","2.02524","1.99118","12.0053","0.488172","431.776","271.645","1767.35","431.272","644.184","2.36297","0.366816","11.2915","56.0586","431.22","0.13"
"39_TRLGL_RR_V2_an5","39_TRLGL_RR_V2","8.05","30.24","189","776","0.03779","5","False","14.28","14.44","15.47","15.63","353","358","385","389","39","STABLE","TRLGL","L","R","0.320019","0.304977","1.91207","0.66303","0.616069","2.58123","0.177716","0.237002","1.43266","0.204297","0.207583","1.14119","3.91046","2.05134","11.4012","13.5455","6.32733","0.326013","0.236184","5.30081","1.8884","17.9933","8.21533","0.308929","0.121268","-0.0737391","0.131093","0.288565","0.454201","0.000782422","0.000521075","0.00180353","0.000000883705","0.0152189","0.00997059","0.0406389","93782.8","4524.49","14174.6","92.2906","1.60731","1564.79","1385.08","5276.08","23.5506","-133.911","7.51331","7.08073","14.0253","1.69925","421.812","242.076","1463.98","421.615","671.935","21.9168","3.26174","84.5346","434.198","421.552","1.03"
"39_TRLGL_RR_V2_an6","39_TRLGL_RR_V2","8.05","30.24","189","776","0.03779","6","False","15.93",NULL,NULL,"16.11","397",NULL,NULL,"402","39","UNSTABLE","TRLGL","L","R","0.638707","0.203017","1.00953","3.86869","1.58142","6.61537","0.167104","0.0551303","0.23813","0.781545","0.234182","1.24929","2.60509","1.35055","4.86101","4.66183","7.1365","0.548966","0.060859","3.12525","0.945917","9.52033","3.34367","0.631113","0.165489","-0.275972","0.0513678","0.348174","0.12661","0.00172483","0.000321049","0.00217609","0.00000307809","0.00876576","0.00838208","0.020607","87932.7","2737.67","7542.6","88.5934","0.886933","1508.52","1050.24","3312.79","16.7828","-148.608","4.93843","1.70804","9.12114","0.353198","455.431","258.317","1569.86","455.165","645.501","12.9089","1.99982","37.5376","81.9176","455.098","0.18"
"39_TRLGL_RR_V2_an7","39_TRLGL_RR_V2","8.05","30.24","189","776","0.03779","7","False","16.31","16.51","17.16","17.69","407","412","430","444","39","STABLE","TRLGL","L","R","0.435966","0.311289","1.40834","1.43737","0.58266","2.55963","0.145797","0.107942","0.535878","0.33936","0.168102","0.877639","10.4078","4.69465","22.3549","28.3477","19.1755","0.705591","0.278673","11.11","2.87469","36.333","11.0643","0.612931","0.23684","-0.182369","0.0740588","0.293987","0.264581","0.00113981","0.000462867","0.00183742","0.00000151341","0.0156028","0.00867332","0.0335365","89623.3","1710.25","6600.08","93.3913","1.41029","1398.27","1329.57","5165.79","39.5614","-109.261","12.1772","8.056","-8.77602","3.0227","419.552","240.958","1509.31","419.42","672.95","23.7225","3.52516","78.126","272.583","419.359","0.65"
"39_TRLGL_RR_V2_an8","39_TRLGL_RR_V2","8.05","30.24","189","776","0.03779","8","False","18.04","18.24","19.07","19.24","453","458","480","485","39","STABLE","TRLGL","L","R","0.54459","0.326541","1.37201","0.817793","0.510789","2.2428","0.168189","0.103984","0.532523","0.231386","0.139052","0.596562","9.19602","3.78782","20.1856","15.3435","29.3981","0.527713","0.191204","6.55453","10.5715","18.585","33.3233","0.523215","0.175431","-0.181194","0.127886","0.455739","0.514943","0.00118967","0.000711354","0.00284837","0.00000192133","0.0170262","0.0113434","0.0410976","93796","4158.8","14276.8","92.5872","3.24665","3356.07","2412.77","9017.91","52.6176","-102.406","18.2439","31.8258","10.6161","11.3599","431.279","236.343","1502.46","431.348","672.198","18.7727","2.79274","67.75","357.975","431.295","0.83"
"39_TRLGL_RR_V2_an9","39_TRLGL_RR_V2","8.05","30.24","189","776","0.03779","9","False","19.66",NULL,NULL,"19.87","496",NULL,NULL,"501","39","UNSTABLE","TRLGL","L","R","0.693031","0.294023","1.00856","3.76835","1.33227","5.74651","0.156341","0.0789495","0.374868","0.646089","0.30773","1.16563","4.76232","2.51495","9.69728","4.34111","16.2373","0.860949","0.179093","0.748043","4.05288","2.66533","13.2647","0.681027","0.268028","-0.155553","0.0973179","0.316588","0.297215","0.000972207","0.000608237","0.00197867","0.00000131514","0.0239937","0.0157801","0.0491557","88701.6","2815.62","8016.04","90.3181","4.11363","4110.97","2804.69","8016.04","15.2803","-112.515","4.53716","6.92529","14.1632","1.85471","445.094","267.492","1506.92","445.322","652.79","24.0796","3.68872","67.1396","93.5036","445.255","0.21"
"39_TRLGL_RR_V2_an10","39_TRLGL_RR_V2","8.05","30.24","189","776","0.03779","10","False","20.07",NULL,NULL,"20.51","507",NULL,NULL,"518","39","UNSTABLE","TRLGL","L","R","0.511844","0.23459","0.918543","3.31329","0.9888","4.96671","0.157023","0.0781339","0.347357","0.571323","0.236765","1.09565","3.64676","1.31328","6.46361","2.00106","10.1306","0.383873","0.109207","0.726828","2.32585","2.348","8.788","0.272953","0.15355","-0.188503","0.175612","0.504181","0.605627","0.00128382","0.000971858","0.00315113","0.0000025927","0.0223536","0.0107465","0.0419608","93413.6","4705.38","14486.9","89.6379","3.46025","2736.02","1950.5","6612.36","6.05773","-133.158","1.54632","15.7024","4.16568","4.93112","424.356","229.35","1345.63","425.016","678.448","30.0951","4.43588","97.6582","186.964","424.918","0.44"
"39_TRLGL_RR_V2_an11","39_TRLGL_RR_V2","8.05","30.24","189","776","0.03779","11","False","21.03","21.26","26.58","26.74","532","538","679","683","39","STABLE","TRLGL","L","R","0.422841","0.305157","1.9812","0.403966","0.348991","2.71023","0.141482","0.0935694","0.609902","0.130233","0.0979699","0.614597","10.9523","5.64986","39.2405","27.8543","50.1579","0.266116","0.147316","8.70861","10.4064","34.0907","52.7663","0.291841","0.1743","-0.153678","0.135372","0.708159","0.964707","0.00107004","0.000702428","0.004426","0.00000163838","0.0183853","0.0175383","0.127376","93672.5","5290.51","26322.8","93.0949","3.69112","3082.05","2304.38","9437.72","47","-108.939","10.8101","31.916","10.377","8.32911","417.268","230.354","1670.86","417.327","680.229","8.72075","1.28203","59.5102","2220.04","417.3","5.32"
"39_TRLGL_RR_V2_an12","39_TRLGL_RR_V2","8.05","30.24","189","776","0.03779","12","False","27.3","27.52","28.37","28.71","698","704","726","735","39","STABLE","TRLGL","L","R","0.649779","0.419935","1.91925","1.09995","0.634078","2.6122","0.196631","0.130665","0.712461","0.280619","0.164237","0.844714","4.65591","2.12076","12.8925","10.753","13.0581","0.380963","0.279865","3.0985","1.53971","12.01","5.527","0.24643","0.136232","-0.21933","0.0821234","0.346385","0.277356","0.00137081","0.000513272","0.00216491","0.00000214257","0.0157417","0.0107556","0.0443376","94818.1","3059.39","9436.11","96.1378","3.09424","2029.89","1379.2","4879.31","29.3832","-120.674","6.52125","23.4269","9.47483","8.63088","419.111","237.571","1427.07","419.123","679.413","17.7884","2.6182","71.7182","356.199","419.057","0.85"
"39_TRLGL_RR_V2_an13","39_TRLGL_RR_V2","8.05","30.24","189","776","0.03779","13","False","28.95","29.12","29.41","29.54","741","746","754","757","39","STABLE","TRLGL","L","R","0.402843","0.103681","0.619881","2.17205","0.478275","3.31095","0.189649","0.0989316","0.405054","0.458633","0.193036","0.813106","3.15419","1.99176","9.18526","4.83844","6.77339","0.616238","0.339047","1.09877","2.64273","3.138","8.93067","0.337077","0.125475","-0.209713","0.0805773","0.336434","0.255296","0.0013107","0.000503608","0.00210271","0.00000197157","0.0221641","0.0118572","0.0403878","87412.3","1593.3","5961.38","90.4445","2.46989","1208.72","965.608","3186.1","28.0177","-126.529","8.97607","4.07579","12.5027","0.982857","430.634","243.429","1357.44","431.355","646.367","5.26137","0.813992","28.6875","125.093","431.356","0.29"
"39_TRLGL_RR_V2_an14","39_TRLGL_RR_V2","8.05","30.24","189","776","0.03779","14","True","29.98","30.14",NULL,"30.24","769","773",NULL,"776","39","STABLE","TRLGL","L","R","0.128524","0.0649597","0.284445","1.60391","0.186141","1.86482","0.0982964","0.0604818","0.205594","0.407287","0.150042","0.655361","2.45129","1.44899","4.71219","5.15922","6.47511","0.887479","0.117182","0.765098","0.658792","2.31667","2.018","0.308219","0.066541","-0.242263","0.0526203","0.296459","0.127798","0.00151414","0.000328877","0.00185287","0.00000240079","0.0075364","0.00481222","0.0132445","88709.4","1539.07","4054.87","95.1717","2.55633","2567.87","1103.18","4054.87","2.35702","-119.029","0.544647","0.822362","15.7357","0.188684","439.803","260.091","1642.77","441.029","658.326","3.17362","0.482075","12.5132","44.085","440.85","0.1"
"39_TRLGL_RR_V3_an1","39_TRLGL_RR_V3","7.61","29.36","194","774","0.03746","1","False","10.29","10.45","12.63","12.74","265","269","328","330","39","STABLE","TRLGL","L","R","0.664855","0.378489","1.75171","1.28571","1.93233","10.0638","0.219439","0.135853","0.710441","0.203365","0.160421","0.936523","17.6503","9.64182","46.0368","25.1919","80.5236","0.52904","0.305573","9.51105","17.1436","25.9233","70.889","0.440668","0.265704","0.134119","0.153621","0.455611","0.655231","0.00104627","0.000727893","0.00284757","0.00000162451","0.0147631","0.0112678","0.048778","107375","7638.48","38730.1","105.412","10.1342","5104.98","5940.72","26366.9","62.5573","-50.2915","19.0501","30.1043","29.8531","7.93931","414.545","229.602","1652.59","414.548","676.151","13.0938","1.93653","73.5483","903.694","414.538","2.18"
"39_TRLGL_RR_V3_an2","39_TRLGL_RR_V3","7.61","29.36","194","774","0.03746","2","False","13.17",NULL,NULL,"13.48","342",NULL,NULL,"350","39","UNSTABLE","TRLGL","L","R","0.685891","0.330183","1.34586","7.83962","4.92792","16.1993","0.316583","0.191766","0.967755","0.787085","0.346267","1.46966","16.5769","9.38747","33.5766","24.1597","56.1078","2.02454","0.351514","3.16533","5.5846","12.402","19.2627","0.794377","0.24801","-0.156993","0.0899836","0.290438","0.287828","0.000981205","0.000562398","0.00181524","0.00000127905","0.0142961","0.00890056","0.0316697","94464.6","2487.56","6995.09","94.2702","2.17067","2211.44","2273.91","6783.05","12.9843","-47.3379","3.01598","6.27581","16.8999","1.35341","416.823","253.883","1636.47","415.326","650.799","37.8787","5.82035","152.895","128.757","415.345","0.31"
"39_TRLGL_RR_V3_an3","39_TRLGL_RR_V3","7.61","29.36","194","774","0.03746","3","False","15.28","15.44","16.01","16.16","398","403","418","422","39","STABLE","TRLGL","L","R","0.643691","0.311962","1.42613","1.32081","0.90793","3.77268","0.246774","0.136956","0.660507","0.31104","0.186565","0.842906","3.54472","1.81573","9.66516","2.68089","11.4244","0.475307","0.291595","0.570316","2.38002","2.286","8.919","0.225485","0.145024","-0.169966","0.0776926","0.325147","0.307841","0.00106229","0.000485578","0.00203217","0.00000136424","0.0150316","0.00988573","0.0376876","92399.2","2758.43","8829.56","98.2495","1.90969","1714.35","1083.6","3791.23","16.9012","-80.4685","3.38797","24.0829","24.8854","8.8877","424.132","238.932","1461.66","424.186","665.118","18.2394","2.74229","68.0552","241.718","424.066","0.57"
"39_TRLGL_RR_V3_an4","39_TRLGL_RR_V3","7.61","29.36","194","774","0.03746","4","False","16.62",NULL,NULL,"16.91","434",NULL,NULL,"442","39","UNSTABLE","TRLGL","L","R","0.423333","0.239459","0.872081","2.98743","1.09604","5.21538","0.192602","0.113989","0.501783","0.59364","0.307766","1.51872","1.9773","0.9612","3.96041","2.12394","5.72056","0.43775","0.185682","0.915344","2.00886","3.02633","6.65367","0.346941","0.184553","-0.178087","0.0588898","0.283511","0.182802","0.00111305","0.000368062","0.00177194","0.00000137434","0.0108883","0.0060367","0.020978","91105.4","1575.54","5294.16","98.6964","1.36703","1653.08","1320.92","4568.1","15.6334","-65.6514","4.29152","3.6933","31.2987","0.928921","411.092","238.149","1260.85","412.239","662.682","19.5474","2.94974","56.4585","119.531","412.174","0.29"
"39_TRLGL_RR_V3_an5","39_TRLGL_RR_V3","7.61","29.36","194","774","0.03746","5","False","17.2","17.39","17.76","17.91","450","455","464","468","39","STABLE","TRLGL","L","R","0.45276","0.282796","1.01229","1.60785","0.56539","3.18053","0.213795","0.1649","0.694153","0.448171","0.223435","1.14935","2.51422","1.43126","7.21981","3.50267","7.81578","0.47286","0.220261","1.38778","2.62999","5.28767","9.51333","0.304172","0.130881","-0.2517","0.183598","0.564698","0.641291","0.00166887","0.00100316","0.00352936","0.00000379145","0.0185574","0.0106837","0.0339892","96208.9","4528.18","13002.6","91.3518","4.43434","3177.69","3045.79","11088.3","6.93567","-85.212","1.90235","11.105","30.4044","3.02034","432.466","246.313","1413.09","432.227","662.631","7.46146","1.12604","32.3496","159.949","432.294","0.37"
"39_TRLGL_RR_V3_an6","39_TRLGL_RR_V3","7.61","29.36","194","774","0.03746","6","False","18.3",NULL,NULL,"18.66","479",NULL,NULL,"489","39","UNSTABLE","TRLGL","L","R","0.537571","0.333148","1.22655","4.00469","1.73782","6.63791","0.217474","0.112205","0.52147","0.497215","0.207027","0.900827","3.92116","1.64453","7.95285","4.94194","10.3846","0.633744","0.204065","1.73794","2.18954","5.75767","6.80233","0.421061","0.185664","-0.2283","0.0432906","0.287477","0.142857","0.00142687","0.000270566","0.00179673","0.00000210918","0.0119465","0.00525702","0.0216259","90918.2","1329.5","5501.71","93.9673","3.17186","1799.78","1365.43","4011.97","14.7683","-76.4492","4.73178","4.6765","32.0742","1.20666","427.838","229.282","1443.81","428.384","663.871","29.6762","4.47018","89.7226","154.194","428.317","0.36"
"39_TRLGL_RR_V3_an7","39_TRLGL_RR_V3","7.61","29.36","194","774","0.03746","7","False","18.94",NULL,NULL,"19.07","496",NULL,NULL,"499","39","UNSTABLE","TRLGL","L","R","0.293764","0.092979","0.449528","2.56298","1.08399","4.19239","0.160113","0.0814702","0.317805","0.640716","0.197064","0.887271","1.82657","1.02808","3.74368","3.70506","3.78011","0.518756","0.129797","2.57261","0.819945","7.87133","2.59133","0.666411","0.127747","-0.17046","0.0184278","0.194503","0.0422318","0.00106537","0.000115174","0.00121565","0.00000114829","0.00565036","0.000987708","0.00704615","90540.5","1505.12","3349.39","96.4502","2.06115","3063.29","330","3349.39","3.41628","-67.3567","1.04577","2.54256","33.8291","0.623124","417.266","241.286","1229.32","417.194","638.6","6.20685","0.971947","28.0762","54.2404","417.234","0.13"
"39_TRLGL_RR_V3_an8","39_TRLGL_RR_V3","7.61","29.36","194","774","0.03746","8","False","19.23","19.44","20.34","20.54","504","509","533","539","39","STABLE","TRLGL","L","R","0.278407","0.152726","0.652979","0.925056","0.49751","2.03137","0.129573","0.105432","0.676941","0.235638","0.170831","0.780127","5.73224","3.30456","16.2105","17.8697","12.9577","0.366888","0.179171","6.92432","3.42899","23.4207","11.9207","0.30416","0.172934","-0.0782763","0.185025","0.627747","0.865093","0.000981724","0.000782836","0.00392342","0.00000157661","0.0170955","0.0140084","0.065639","97574.6","8749.29","33200.2","93.9256","3.59698","4650.75","3389.12","16839.9","28.699","-71.4725","8.51763","7.14777","33.1557","1.84972","407.627","219.135","1467.76","407.842","672.731","10.8443","1.61199","43.9463","366.983","407.759","0.9"
"39_TRLGL_RR_V3_an9","39_TRLGL_RR_V3","7.61","29.36","194","774","0.03746","9","False","20.96",NULL,NULL,"21.45","550",NULL,NULL,"563","39","UNSTABLE","TRLGL","L","R","0.482025","0.230502","0.921043","4.13233","1.40971","6.4664","0.158436","0.0802872","0.364634","0.443115","0.205037","0.934507","6.90334","2.61207","14.2442","10.383","16.8732","0.780141","0.213677","2.72724","2.77103","9.447","8.88233","0.416661","0.212497","-0.211347","0.133968","0.473504","0.413565","0.00132092","0.000837298","0.0029594","0.0000024459","0.0258434","0.0186881","0.0654807","87889.2","1756.65","6302.09","90.5845","3.1847","2001.75","1717.8","6302.09","16.809","-85.0206","5.05148","5.39645","31.6844","1.52708","406.314","225.038","1428.92","406.384","668.426","26.1681","3.91489","74.1587","199.06","406.245","0.49"
"39_TRLGL_RR_V3_an10","39_TRLGL_RR_V3","7.61","29.36","194","774","0.03746","10","False","21.79","21.97","23.32","23.47","572","577","613","617","39","STABLE","TRLGL","L","R","0.486328","0.248","1.115","0.78702","0.744977","3.74789","0.186698","0.0889154","0.443394","0.203734","0.157073","0.801564","6.27544","3.65118","20.2699","7.87833","25.2592","0.383276","0.298464","2.55681","7.29063","10.4807","27.4387","0.319973","0.192883","-0.208493","0.173726","0.570161","0.641851","0.00138425","0.000980205","0.0035635","0.00000287696","0.0176061","0.01357","0.0575898","93289.6","4676.6","18966.3","92.3543","4.57646","2589.6","2489.76","9426.46","15.5283","-81.2273","3.55771","24.1909","22.362","7.34237","407.084","229.415","1472.59","406.691","674.352","15.047","2.23134","61.3413","548.992","406.66","1.35"
"39_TRLGL_RR_V3_an11","39_TRLGL_RR_V3","7.61","29.36","194","774","0.03746","11","False","23.81","23.99","25.61","25.75","626","631","674","678","39","STABLE","TRLGL","L","R","0.26115","0.145825","0.821117","0.690563","0.619021","3.00482","0.120901","0.0777893","0.4317","0.18923","0.168457","0.742494","6.4667","4.45451","24.4283","21.1017","23.3733","0.320229","0.243285","6.66279","3.84921","24.531","18.46","0.279023","0.215194","-0.192759","0.159547","0.641694","0.735867","0.00128921","0.000885267","0.00401059","0.00000244575","0.020354","0.015294","0.0606352","93665","4369.28","21354.9","93.3363","3.65097","3680.89","2939.02","12101.8","34.3689","-91.4983","9.04511","9.39112","34.6601","2.63279","420.603","230.167","1397.8","420.445","675.744","12.8922","1.90785","66.8344","681.089","420.425","1.62"
"39_TRLGL_RR_V3_an13","39_TRLGL_RR_V3","7.61","29.36","194","774","0.03746","13","False","27.14",NULL,NULL,"27.32","715",NULL,NULL,"720","39","UNSTABLE","TRLGL","L","R","0.361014","0.110296","0.582931","3.32662","1.38369","6.09463","0.152435","0.0781319","0.31537","0.657192","0.244787","1.33052","2.97021","1.51348","5.37229","1.08394","9.72756","0.640106","0.0281509","1.61559","1.89742","4.961","5.77","0.471504","0.228205","-0.166493","0.059868","0.247213","0.159626","0.00104058","0.000374175","0.00154508","0.00000122282","0.0128836","0.00973711","0.0266327","90410.7","1446.63","4182","92.5175","1.08525","1623.8","1224.34","3584.78","10.1178","-77.128","2.90676","2.52746","34.6012","0.652668","459.969","247.116","1402.39","459.774","640.257","14.5077","2.26593","41.81","82.7855","459.92","0.18"
"39_TRLGL_RR_V3_an14","39_TRLGL_RR_V3","7.61","29.36","194","774","0.03746","14","False","27.61","27.8","28.1","28.28","727","733","741","745","39","STABLE","TRLGL","L","R","0.308558","0.112725","0.64904","1.95649","0.689417","3.36999","0.125481","0.0836855","0.40054","0.390107","0.148726","0.742573","2.68423","1.43077","7.19201","1.11544","4.55178","0.530573","0.240322","0.762454","1.64857","2.507","5.39933","0.226952","0.0469891","-0.191704","0.141069","0.451837","0.43906","0.00119815","0.000881682","0.00282398","0.00000221293","0.0188906","0.0159289","0.0506121","90139.1","2549.94","9563.69","90.9064","6.21552","1880.28","1273.37","4273.39","13.2127","-68.7106","3.46924","2.37522","35.9938","0.471746","404.015","227.708","1230.8","403.557","650.953","9.98553","1.53399","35.4013","121.076","403.587","0.3"
"39_TRLGL_RR_V3_an15","39_TRLGL_RR_V3","7.61","29.36","194","774","0.03746","15","True","28.7","28.89",NULL,"29.36","757","762",NULL,"774","39","STABLE","TRLGL","L","R","0.250071","0.14099","0.665117","1.18628","0.747341","2.4704","0.141768","0.0812837","0.356654","0.279448","0.215614","0.917189","2.06914","1.67915","7.67847","2.955","9.76128","0.245722","0.229875","1.20995","1.39462","3.724","4.52767","0.137903","0.0580495","-0.266907","0.100455","0.414054","0.315418","0.00166817","0.000627842","0.00258784","0.00000317698","0.0160318","0.0111816","0.0365762","93933.2","2251.11","7344.3","93.1893","1.44269","2169.22","1732.8","5842.67","13.4221","-73.928","3.23992","6.19831","35.1523","1.66205","416.869","230.583","1210.52","416.802","675.005","13.4583","1.99381","51.8808","195.876","416.758","0.47"
"39_TRLGR_RR_V1_an1","39_TRLGR_RR_V1","7.58","28.75","195","757","0.03766","1","False","10.32","10.51","11.49","11.85","267","272","298","308","39","STABLE","TRLGR","R","L","0.656378","0.432619","2.35886","1.9662","2.40761","9.83148","0.235345","0.217259","1.34318","0.309198","0.200464","0.989839","17.2499","10.3035","47.4921","13.8494","71.8356","0.867853","0.425388","1.97416","22.9483","7.436","76.878","0.807006","0.501049","-0.0152182","0.0992383","0.184119","0.346823","0.000532799","0.000331465","0.00115074","0.000000393743","0.0172984","0.0128739","0.0465127","106570","6937.93","27174.2","111.382","4.46877","6949.83","5098.98","19426.2","21.9641","-44.8771","4.51846","28.2982","-15.191","8.23693","403.24","227.896","1331.67","403.097","678.687","18.0224","2.65548","77.8208","395.021","403.082","0.98"
"39_TRLGR_RR_V1_an2","39_TRLGR_RR_V1","7.58","28.75","195","757","0.03766","2","False","11.93","12.05","12.39","12.55","310","313","322","326","39","STABLE","TRLGR","R","L","1.57611","1.40599","4.87833","6.6065","3.06966","13.8884","0.327123","0.228887","0.77454","0.683412","0.180478","1.01647","14.9494","8.02252","28.9701","21.8911","47.3107","1.79276","0.222912","4.22838","11.1736","12.4673","37.8177","1.18925","0.667291","0.215948","0.0672036","0.331946","0.228067","0.00134968","0.000420023","0.00207466","0.00000199805","0.0133833","0.0110294","0.0268308","104524","3382.72","10399.7","92.0778","2.20749","3156.83","1556.44","5608.23","32.3299","-39.3894","12.747","12.0342","11.64","2.31803","422.92","243.863","1437.06","422.279","670.001","52.7381","7.87135","151.064","143.577","422.286","0.34"
"39_TRLGR_RR_V1_an3","39_TRLGR_RR_V1","7.58","28.75","195","757","0.03766","3","False","13.8","14.01","15.73","15.97","360","365","411","417","39","STABLE","TRLGR","R","L","1.13126","1.07798","4.72918","1.90237","1.25646","5.65389","0.270208","0.227795","1.44077","0.335575","0.198298","1.68668","18.8116","7.70651","45.0649","31.1135","62.3097","0.827512","0.404396","10.1517","16.8045","42.662","60.8097","0.842233","0.471379","-0.197807","0.0945501","0.382018","0.404571","0.00124229","0.000578222","0.00238761","0.00000187764","0.0222619","0.0155902","0.0671421","88220.5","2613.69","10252.3","90.8008","3.37072","2112.59","1563.76","7146.47","59.2495","-42.0126","17.3239","54.4095","-6.45149","19.4429","416.758","227.135","1562.82","416.708","684.093","17.8529","2.60972","84.2304","716.752","416.716","1.72"
"39_TRLGR_RR_V1_an4","39_TRLGR_RR_V1","7.58","28.75","195","757","0.03766","4","False","16.91","17.14","18.41","18.57","442","448","482","486","39","STABLE","TRLGR","R","L","0.532631","0.31237","2.04064","1.90876","1.56506","5.07767","0.195348","0.172189","0.875455","0.2499","0.148396","0.796635","11.024","6.74629","34.0461","36.3888","27.9758","0.614814","0.426384","14.0546","6.1579","49.712","27.5803","0.653923","0.502347","-0.244132","0.123469","0.53976","0.511065","0.00152583","0.000771682","0.0033735","0.00000292364","0.017957","0.0125834","0.0447391","90417.5","5066.36","19746.5","90.9849","3.30721","3005.51","2587.52","10359","63.3982","-47.3273","16.5061","16.6342","-20.9483","4.17962","405.983","223.649","1633.15","406.013","680.849","14.5502","2.13707","58.5947","515.707","406.069","1.27"
"39_TRLGR_RR_V1_an5","39_TRLGR_RR_V1","7.58","28.75","195","757","0.03766","5","False","19.49","19.72","20.52","20.73","511","517","538","544","39","STABLE","TRLGR","R","L","0.556413","0.343879","1.67118","2.74461","1.78795","5.86492","0.240057","0.189865","0.852274","0.372181","0.220688","1.07716","4.70411","3.02385","14.6818","9.94878","17.5007","0.507945","0.400338","3.7387","3.94882","15.346","17.0613","0.456391","0.320509","-0.0908167","0.236398","0.475378","0.867338","0.00140708","0.000724757","0.00297112","0.00000250514","0.0237185","0.0213672","0.0871554","92562.3","5949.7","23172.4","92.5533","3.40353","3075.24","2298.31","7403.87","17.3256","-52.4985","5.13712","12.8282","-20.8001","3.5228","388.291","212.225","1202.3","388.227","678.445","11.6638","1.7192","46.3867","310.581","388.226","0.8"
"39_TRLGR_RR_V1_an6","39_TRLGR_RR_V1","7.58","28.75","195","757","0.03766","6","False","21.65",NULL,NULL,"21.91","568",NULL,NULL,"575","39","UNSTABLE","TRLGR","R","L","0.481648","0.244705","1.06502","3.30104","0.213813","3.65163","0.14413","0.0802136","0.314843","0.320659","0.144021","0.628168","7.81959","4.44646","16.1291","1.215","29.078","1.13041","0.222033","1.75884","7.53793","5.48","23.944","0.950165","0.439685","-0.178565","0.0898026","0.31002","0.288445","0.00111603","0.000561266","0.00193763","0.00000156055","0.0189369","0.0116099","0.0339533","89246.5","1949.5","7316.13","93.2968","2.0844","2765.58","1825.24","5165.95","23.436","-21.9381","8.04257","2.3472","-25.1079","0.565854","398.012","204.851","1395.59","397.453","672.506","8.18231","1.21669","25.9399","103.319","397.381","0.26"
"39_TRLGR_RR_V1_an7","39_TRLGR_RR_V1","7.58","28.75","195","757","0.03766","7","False","22.18","22.3","26.13","26.29","582","585","687","691","39","STABLE","TRLGR","R","L","0.534654","0.579805","3.25756","0.942791","1.42238","7.32604","0.182693","0.193203","1.39272","0.197236","0.189504","1.37734","12.7579","7.38436","50.9514","30.3079","59.7133","0.362525","0.288308","11.7594","13.8064","45.4503","71.153","0.356717","0.276324","-0.172287","0.134461","0.549284","0.820062","0.00118814","0.000673837","0.00343303","0.00000186573","0.0158847","0.0139678","0.0689667","92139.3","6104.74","27070.2","91.9536","4.61156","2942.21","2191.58","10095.4","40.2889","-56.4548","11.4887","33.4564","-15.3649","7.48274","390.086","214.668","1477.07","390.063","685.046","11.0867","1.61839","79.3476","1494.04","390.089","3.83"
"39_TRLGR_RR_V1_an8","39_TRLGR_RR_V1","7.58","28.75","195","757","0.03766","8","False","27.08","27.27","28.71","28.75","712","717","756","757","39","STABLE","TRLGR","R","L","0.47557","0.359301","1.44293","1.72339","1.52068","5.18731","0.1793","0.177785","1.06091","0.265583","0.177567","0.950758","8.35151","4.93805","26.0062","14.0319","35.0579","0.52626","0.423144","7.07057","7.01092","25.243","28.6763","0.531561","0.314365","-0.132926","0.142943","0.390661","0.613732","0.001055","0.000612656","0.00244163","0.00000148837","0.0178109","0.0127922","0.0515779","90918.6","5075.19","20849.2","90.83","4.51794","2741.51","1865.18","7467.21","18.5544","-56.9791","5.05649","25.8801","-28.194","7.02335","399.283","226.001","1532.93","398.982","680.882","16.0942","2.36372","66.2241","574.51","398.966","1.44"
"39_TRLGR_RR_V2_an1","39_TRLGR_RR_V2","7.6","28.73","196","755","0.03775","1","False","10.3",NULL,NULL,"11.61","267",NULL,NULL,"302","39","UNSTABLE","TRLGR","R","L","0.798405","0.444203","1.74931","3.30838","2.90208","10.7252","0.248403","0.203289","1.0901","0.350042","0.204299","0.956565","21.0496","14.3702","67.4392","32.5151","89.6661","0.94551","0.618119","2.83727","20.8798","11.55","81.6627","0.745749","0.614665","-0.0799434","0.0897709","0.242157","0.340994","0.000619837","0.000424553","0.00151348","0.000000564444","0.0195203","0.0110991","0.0462665","97449.3","4382.78","18957","101.373","2.84433","4127.55","3057.11","12501.5","50.1335","-12.611","9.44242","38.3332","-10.3357","9.80766","411.476","254.026","2930.31","411.207","683.717","18.9703","2.77458","110.476","538.583","411.132","1.31"
"39_TRLGR_RR_V2_an2","39_TRLGR_RR_V2","7.6","28.73","196","755","0.03775","2","False","11.91","11.91","12.84","13.11","310","310","334","341","39","STABLE","TRLGR","R","L","0.838178","0.65296","2.73007","1.97479","1.35826","7.34025","0.192681","0.129534","0.665923","0.299801","0.184337","1.15352","10.0355","5.81546","21.5917","15.2857","37.3302","0.506785","0.169385","6.20035","7.7373","19.0513","29.4407","0.497061","0.145251","0.257347","0.105346","0.449345","0.396363","0.00160842","0.00065841","0.00280841","0.00000302051","0.0146407","0.0100604","0.0338442","105639","3540.95","13631","96.387","3.63266","2304.71","1393.2","5363.97","30.9424","30.0758","9.70917","18.7798","-43.9655","5.86453","390.172","220.045","1424.75","390.133","680.776","23.457","3.44563","112.917","362.778","390.084","0.93"
"39_TRLGR_RR_V2_an3","39_TRLGR_RR_V2","7.6","28.73","196","755","0.03775","3","False","13.72","14.12","15.18","15.34","358","368","396","401","39","STABLE","TRLGR","R","L","0.593416","0.357109","2.28765","1.63719","0.990318","3.73257","0.228925","0.24183","1.28006","0.357732","0.231374","1.4806","6.96355","3.74884","20.4827","4.70683","28.4702","0.453555","0.225328","1.12327","9.50519","5.44733","36.542","0.416078","0.306859","-0.101357","0.16624","0.399891","0.648063","0.00107211","0.000575677","0.00249932","0.00000148082","0.0180239","0.0153338","0.0625374","90248.5","3671.21","16022.6","90.0489","0.933537","2058.54","1663.13","5782.16","21.7526","0.189301","5.68147","12.373","-40.3818","3.34419","390.94","213.66","1312.99","390.935","687.604","23.6801","3.44386","114.138","414.315","390.864","1.06"
"39_TRLGR_RR_V2_an4","39_TRLGR_RR_V2","7.6","28.73","196","755","0.03775","4","False","15.93","16.2","16.51","17.28","416","423","432","452","39","STABLE","TRLGR","R","L","1.29586","0.480324","2.2374","1.47719","0.778755","2.49439","0.28618","0.159699","0.663842","0.293821","0.174457","0.7193","6.16648","3.40583","13.5833","4.24211","21.8378","0.78078","0.232686","1.71756","5.95662","4.992","20.3167","0.680443","0.250422","-0.182918","0.0509589","0.291973","0.20539","0.00114324","0.000318493","0.00182483","0.00000140843","0.0123419","0.00745115","0.022557","85194","2256.66","7698.73","85.8083","0.704984","3353.73","1418.18","5738.34","4.75567","7.2526","1.11325","13.1143","-15.0135","2.97411","392.416","216.721","1205.3","391.83","690.714","31.3947","4.54526","87.8925","121.448","391.769","0.31"
"39_TRLGR_RR_V2_an5","39_TRLGR_RR_V2","7.6","28.73","196","755","0.03775","5","False","18.41","18.62","19.22","19.39","482","487","503","508","39","STABLE","TRLGR","R","L","0.521535","0.502969","2.15923","2.63983","1.32173","4.72441","0.299937","0.367134","1.45072","0.379457","0.237483","1.21419","4.48909","2.54929","14.0472","9.67756","15.7118","0.537292","0.376562","3.71648","1.26806","13.4323","6.04833","0.303907","0.123535","-0.0478884","0.337026","0.632025","1.08213","0.00192133","0.000913793","0.00395015","0.00000452655","0.0288316","0.0173428","0.0743367","97347.5","4249.54","17320.8","89.9792","2.88881","3942.25","3214.24","9638.07","21.559","4.54039","5.13771","6.12428","-44.0564","1.29718","399.928","226.696","1306.59","400.461","676.86","21.4608","3.17065","101.931","240.221","400.369","0.6"
"39_TRLGR_RR_V2_an6","39_TRLGR_RR_V2","7.6","28.73","196","755","0.03775","6","False","20.12","20.36","21.9","22.07","527","534","574","579","39","STABLE","TRLGR","R","L","0.38884","0.241006","1.37135","1.35416","1.2857","4.29294","0.144848","0.13973","0.878787","0.226382","0.184706","1.04574","9.19983","4.55462","26.6242","18.4913","34.2904","0.450706","0.251535","6.14955","8.10067","20.5427","36.8563","0.446087","0.276022","-0.238481","0.137376","0.483887","0.55846","0.0015271","0.000791697","0.00302429","0.00000295881","0.0174559","0.0129362","0.0577581","91141.9","3970.88","13590.8","91.11","3.70268","3053.69","2089.67","7538.6","47.7844","-6.56861","16.2733","16.9915","-40.4506","4.60228","399.135","220.051","1419.62","399.083","685.798","9.58466","1.39759","63.1723","614.522","399.04","1.54"
"39_TRLGR_RR_V2_an7","39_TRLGR_RR_V2","7.6","28.73","196","755","0.03775","7","False","22.81","23.07","24.62","24.77","598","605","646","650","39","STABLE","TRLGR","R","L","0.639635","0.653134","2.98569","1.40598","1.01315","4.51566","0.172211","0.138014","0.783881","0.267866","0.20187","1.33006","21.0751","11.54","54.2721","57.8228","55.0723","0.744016","0.304883","29.8347","16.4762","91.7133","67.0667","0.932343","0.424973","-0.145852","0.202875","0.482516","0.924365","0.00141982","0.000650245","0.00301573","0.00000243872","0.0203757","0.0170674","0.0677914","91861.6","4678.71","18832.9","90.1385","3.56397","2697.21","1887.24","8008.52","74.1346","-9.24186","23.6363","35.607","-32.8041","11.9593","391.676","211.526","1306.19","391.858","685.152","14.6694","2.14104","78.4311","607.331","391.827","1.55"
"39_TRLGR_RR_V2_an8","39_TRLGR_RR_V2","7.6","28.73","196","755","0.03775","8","False","25.51","25.74","28.31","28.48","670","676","744","749","39","STABLE","TRLGR","R","L","0.665438","0.437182","2.03132","1.13705","1.27099","5.31758","0.204076","0.145097","0.781187","0.218388","0.155106","0.825984","12.2597","6.89532","38.4621","33.8703","46.5454","0.437112","0.313217","12.084","12.6341","48.2977","53.5097","0.533259","0.319756","-0.230641","0.15572","0.67955","0.925127","0.00153376","0.000820216","0.00424719","0.00000302516","0.0168847","0.0137771","0.0885651","91153.1","3798.42","16210.9","89.2076","3.46316","2424.91","2105.95","8983.89","49.9504","-9.12358","12.8179","37.7624","-28.7283","9.14914","392.886","217.596","1481.56","392.929","685.876","10.2722","1.49768","54.3222","1009.79","392.913","2.57"
"39_TRLGR_RR_V3_an1","39_TRLGR_RR_V3","7.61","28.58","194","749","0.03774","1","False","10.12","10.38","10.94","11.16","260","267","282","288","39","STABLE","TRLGR","R","L","1.27066","0.574659","2.68045","3.53318","2.59668","10.7159","0.440783","0.269546","1.02421","0.466679","0.219235","1.31172","13.4595","7.84565","29.6002","23.5989","50.9022","1.07345","0.270913","5.01946","14.7342","17.412","49.7313","0.944155","0.188018","0.0525923","0.0521118","0.166419","0.192905","0.000359295","0.000291602","0.00104012","0.000000214125","0.0103276","0.00779156","0.0272407","108938","6343.91","20939.3","112.552","5.16579","7794.54","5611.13","16635.7","17.1597","-10.0066","5.44692","30.1459","-16.9286","10.0948","401.816","217.805","1200.27","401.97","678.736","19.6309","2.89227","76.9062","225.105","401.974","0.56"
"39_TRLGR_RR_V3_an2","39_TRLGR_RR_V3","7.61","28.58","194","749","0.03774","2","False","11.47","11.59","13.71","13.89","296","299","355","360","39","STABLE","TRLGR","R","L","0.334836","0.270525","1.52838","1.43547","2.06126","10.8269","0.124145","0.115874","1.20488","0.241028","0.224056","1.1722","12.6065","6.86018","40.0191","46.4505","46.3329","0.465537","0.352633","10.566","14.0728","42.8647","51.7793","0.456076","0.250521","0.0989341","0.146359","0.396577","0.639382","0.000884707","0.000660598","0.0024786","0.0000012191","0.017076","0.0123097","0.0535994","102020","3643.48","15400.2","98.8117","5.36177","1990.91","1630.79","7584.31","60.7407","-17.0999","17.2654","14.6066","-14.0648","3.32311","380.493","218.344","1421.86","380.363","684.028","12.3759","1.80926","74.769","806.296","380.328","2.12"
"39_TRLGR_RR_V3_an4","39_TRLGR_RR_V3","7.61","28.58","194","749","0.03774","4","False","15.4","15.62","16.33","16.5","400","406","425","429","39","STABLE","TRLGR","R","L","0.783593","0.737289","2.90798","1.94276","1.03847","4.37455","0.253859","0.204284","0.980451","0.308013","0.145704","0.713343","4.10335","2.14923","11.6981","3.39322","16.16","0.458922","0.248419","2.96636","4.66842","9.675","18.1403","0.428964","0.20928","-0.177164","0.0798118","0.313489","0.282289","0.00110728","0.000498824","0.00195931","0.00000147488","0.0144228","0.0135991","0.0451564","90562.2","1973.12","8865.79","98","2.81219","1940.77","1682.98","6860.37","18.125","-25.344","5.0443","22.0424","-7.76859","7.32433","393.446","220.735","1381.99","393.578","678.07","21.3986","3.15581","67.1396","279.431","393.565","0.71"
"39_TRLGR_RR_V3_an5","39_TRLGR_RR_V3","7.61","28.58","194","749","0.03774","5","False","16.99",NULL,NULL,"17.55","442",NULL,NULL,"457","39","UNSTABLE","TRLGR","R","L","0.699067","0.388667","1.69878","5.39382","1.75562","9.23851","0.181518","0.0906781","0.425071","0.436345","0.152969","0.879692","8.42133","3.27206","17.5278","15.3699","24.1108","0.882919","0.237204","5.99656","5.46685","19.7607","17.3093","0.685299","0.25973","-0.225815","0.130613","0.509193","0.483692","0.00141134","0.000816332","0.00318246","0.00000265828","0.0264313","0.0145594","0.0560989","95043","3839.77","14679.5","93.9375","3.09828","1945.19","1489.94","4970.92","6.13019","-3.40839","1.18458","6.76127","-12.3308","2.02813","394.306","225.066","1312.71","393.898","680.196","24.5605","3.6108","73.8535","220.531","393.806","0.56"
"39_TRLGR_RR_V3_an6","39_TRLGR_RR_V3","7.61","28.58","194","749","0.03774","6","False","17.97","18.17","20.29","20.42","468","473","530","533","39","STABLE","TRLGR","R","L","0.935724","1.03811","5.04569","2.7453","1.54073","8.2885","0.234964","0.182779","1.00299","0.382473","0.223841","1.22303","22.5175","12.0216","61.9967","62.3859","62.2026","0.668623","0.296601","23.3315","22.0038","80.1573","86.7527","0.811127","0.407037","-0.188653","0.288252","0.836928","1.36043","0.00179103","0.00119503","0.0052308","0.0000046359","0.0187391","0.0121825","0.04349","93657.8","7765.71","40697.2","90.8651","5.30888","3596.77","3241.66","15820.8","74.9556","-9.44655","22.9996","30.1605","-5.91855","10.1158","389.713","216.478","1301.13","389.757","683.746","17.4471","2.5517","77.8208","826.254","389.742","2.12"
"39_TRLGR_RR_V3_an7","39_TRLGR_RR_V3","7.61","28.58","194","749","0.03774","7","False","20.95","21.17","22.08","22.27","547","553","577","582","39","STABLE","TRLGR","R","L","0.476955","0.267013","1.65458","2.67377","1.73296","6.12613","0.207985","0.174892","0.754621","0.340969","0.200129","1.10768","10.5389","5.75325","30.6947","28.4318","32.2844","0.638436","0.393778","10.9671","6.98102","34.3977","28.5637","0.575844","0.309126","-0.218446","0.22132","0.561252","1.03008","0.00171258","0.000918941","0.00350783","0.00000377738","0.0247598","0.0169009","0.0548415","94912.5","5652.03","26591.4","92.6064","4.6016","4227.87","3767.83","16154.1","56.0197","-26.6708","18.0146","13.7488","-13.2765","3.97229","404.747","229.904","1390.23","404.785","681.548","20.0849","2.94695","90.3339","368.319","404.746","0.91"
"39_TRLGR_RR_V3_an8","39_TRLGR_RR_V3","7.61","28.58","194","749","0.03774","8","False","22.94","23.23","23.48","23.75","600","607","614","621","39","STABLE","TRLGR","R","L","0.721497","0.296123","1.24654","3.04005","1.33873","4.62492","0.436357","0.274405","1.28217","0.426408","0.209386","0.799691","1.86936","0.880861","4.72975","0.579556","6.14233","0.456883","0.262638","1.60673","1.05286","4.775","3.52967","0.351111","0.124008","-0.186653","0.0879676","0.306924","0.267261","0.00116658","0.000549797","0.00191828","0.00000166319","0.0218696","0.011752","0.0442602","88011.3","2541.39","8286.27","90.1267","2.66186","2575.75","1779","5888.07","5.71939","-2.41723","1.60775","5.35204","-12.5005","1.9341","411.205","221.151","1072.83","410.345","663.941","8.53892","1.2861","33.2651","102.599","410.395","0.25"
"39_TRLGR_RR_V3_an9","39_TRLGR_RR_V3","7.61","28.58","194","749","0.03774","9","False","24.28","24.49","25.39","25.56","635","641","665","669","39","STABLE","TRLGR","R","L","0.474248","0.311785","1.61767","2.9361","2.18971","6.86426","0.211088","0.209119","0.979968","0.333603","0.199483","0.935133","7.11946","3.82762","21.5458","13.5424","27.5929","0.496644","0.312536","4.43073","7.56355","15.9447","28.9013","0.405557","0.302566","-0.181683","0.192451","0.506633","0.772541","0.00140514","0.000872784","0.00316646","0.00000273618","0.0204279","0.0122801","0.0533523","94340.3","4312.77","15697.9","90.8234","4.15552","2588.61","2354.89","9161.88","24.7311","-32.2957","6.51071","3.63959","-15.4348","0.752971","394.968","219.615","1204.19","395.031","681.708","13.3983","1.9654","57.374","355.529","395.032","0.9"
"39_TRLGR_RR_V3_an10","39_TRLGR_RR_V3","7.61","28.58","194","749","0.03774","10","False","26.07","26.31","27.98","28.22","683","689","733","740","39","STABLE","TRLGR","R","L","1.60869","1.17404","5.60051","2.51689","1.72973","6.89628","0.379905","0.237461","1.16347","0.370957","0.222898","1.08915","11.5374","6.53867","34.6885","12.0979","49.2793","0.553115","0.272551","3.18535","18.2179","12.0903","61.3153","0.682202","0.323039","-0.134198","0.232116","0.551053","1.02825","0.00152333","0.000698245","0.00344408","0.00000280808","0.0235437","0.0173292","0.0858251","94091.8","6181.34","27088.7","91.0446","3.11725","3328.57","2918.09","15621.1","37.6706","-21.1567","10.9888","41.6833","-2.07984","14.0302","399.367","227.201","1481.64","399.458","685.146","15.3529","2.24082","73.5493","667.092","399.456","1.67"
"43_MNTRL_RR_V1_an1","43_MNTRL_RR_V1","7.69","28.83","195","752","0.0379","1","False","10.68","10.76","11.89","11.93","273","276","305","306","43","STABLE","MNTRL","L","R","0.578968","0.290755","1.48405","2.69993","2.5777","11.8688","0.164221","0.0949966","0.512658","0.384899","0.27572","1.30982","15.9264","9.15274","51.2528","25.7818","58.0713","0.933064","0.589569","11.9984","15.7943","38.8017","59.526","0.776345","0.523169","-0.0306159","0.101983","0.227474","0.419885","0.000538306","0.000391299","0.00142171","0.000000442888","0.0173248","0.0123932","0.0452015","105502","5859.07","22886.6","111.319","3.65343","6069.18","5290.42","21079.3","36.2138","-29.7363","12.6996","12.5699","100.578","3.06986","479.846","255.703","1438.29","479.677","593.937","17.9608","3.02402","88.8071","541.989","479.636","1.13"
"43_MNTRL_RR_V1_an2","43_MNTRL_RR_V1","7.69","28.83","195","752","0.0379","2","False","13.21","13.36","14.19","14.34","340","344","366","370","43","STABLE","MNTRL","L","R","0.595494","0.307991","1.61502","3.43454","2.51767","8.18465","0.215443","0.135351","0.575793","0.448359","0.254777","1.38268","8.94262","4.64372","22.7788","3.90539","25.8853","0.776673","0.392014","2.65448","3.76651","10.1577","15.113","0.364939","0.233501","-0.14584","0.10318","0.336296","0.406876","0.000955967","0.000576909","0.00210185","0.0000012467","0.0193351","0.0155089","0.0670969","91574.4","4875","17570.4","91.1771","3.69251","2357.68","1549.62","5934.5","38.5467","-33.5157","12.0952","18.1839","99.0954","3.8176","486.892","266.052","1486.89","486.063","592.7","15.4058","2.59926","61.6465","403.467","486.105","0.83"
"43_MNTRL_RR_V1_an3","43_MNTRL_RR_V1","7.69","28.83","195","752","0.0379","3","False","18.3","18.38","19.33","19.46","474","477","502","505","43","STABLE","MNTRL","L","R","0.996269","0.395469","2.1236","5.63363","5.06837","19.2816","0.228167","0.115195","0.518243","0.618178","0.340928","1.63788","29.11","16.003","68.3272","74.8216","94.3646","1.51336","0.528999","12.2285","22.5389","43.9667","73.5387","1.01288","0.297677","-0.105174","0.211479","0.411866","0.708737","0.00137908","0.000526549","0.00257416","0.00000217911","0.0142009","0.0106712","0.0433134","96279.7","8486.81","32261.7","92.6971","3.32844","4434.37","2823.77","10699.4","33.5113","-43.1897","7.98796","36.5153","75.3694","10.3568","469.182","249.493","1561.82","469.238","591.966","19.3103","3.26206","79.6518","445.771","469.232","0.95"
"43_MNTRL_RR_V1_an4","43_MNTRL_RR_V1","7.69","28.83","195","752","0.0379","4","False","20.09",NULL,NULL,"20.98","522",NULL,NULL,"543","43","UNSTABLE","MNTRL","L","R","1.09572","0.453302","2.08772","7.52245","3.23703","12.5451","0.239949","0.140725","0.829166","0.691445","0.393757","2.66317","39.8299","20.8108","80.4785","84.0157","125.717","1.91958","0.238551","14.5765","25.5223","63.566","99.441","1.43789","0.76236","-0.24119","0.111467","0.444579","0.356492","0.00150744","0.000696668","0.00277862","0.00000275771","0.0154539","0.0107709","0.0317052","93947","6364.33","18930.2","93.0348","3.85898","2899.05","2280.38","9026.05","128.059","-30.4736","28.2793","67.8002","90.5513","17.8217","545.357","329.82","2004.3","545.28","598.243","25.862","4.32299","97.6582","485.201","545.17","0.89"
"43_MNTRL_RR_V1_an5","43_MNTRL_RR_V1","7.69","28.83","195","752","0.0379","5","True","26.19","26.26","27.63","27.74","683","685","721","724","43","STABLE","MNTRL","L","R","0.464809","0.209488","1.47134","2.35578","1.96781","8.33181","0.155458","0.0988815","0.678459","0.350675","0.225824","1.1821","15.5361","10.4659","57.6141","10.1748","69.2292","0.803652","0.633547","4.51396","18.0222","19.4307","70.349","0.638896","0.634312","-0.0491049","0.352298","0.787011","1.5059","0.00189372","0.00116456","0.00491882","0.00000494239","0.0232365","0.0184431","0.0731542","98010.3","7430","27842.8","93.6397","3.85239","4402.92","2855.26","12387.1","25.4385","-53.9406","8.50495","13.1858","99.0345","4.19266","472.484","254.342","1673.8","472.629","596.627","16.701","2.79924","69.2759","647.452","472.593","1.37"
"43_MNTRL_RR_V2_an1","43_MNTRL_RR_V2","7.61","28.82","195","756","0.0378","1","False","10.17","10.28","12.08","12.19","262","265","313","316","43","STABLE","MNTRL","L","R","0.496428","0.361707","1.94097","1.829","2.01906","8.63866","0.166743","0.111739","0.699429","0.361506","0.298535","1.51544","16.6042","9.16877","56.488","21.0191","69.3493","0.668966","0.506974","7.89481","16.7306","23.3837","66.815","0.614282","0.398182","0.0329406","0.119701","0.302008","0.601678","0.000640471","0.000438046","0.00188755","0.000000602087","0.012869","0.0130285","0.0560577","110058","8012.71","35875.8","113.739","4.4713","6730.89","7273.66","31560.9","48.8726","-34.9604","15.8792","35.3006","101.16","10.0752","481.341","260.242","1734.02","481.436","597.15","10.3313","1.73009","45.4721","866.584","481.436","1.8"
"43_MNTRL_RR_V2_an2","43_MNTRL_RR_V2","7.61","28.82","195","756","0.0378","2","False","13.62","13.75","14.57","14.69","354","357","379","382","43","STABLE","MNTRL","L","R","0.693704","0.300317","1.32156","3.35265","2.54213","8.40226","0.200419","0.113454","0.653638","0.526928","0.260228","1.29972","10.1554","4.99388","26.034","2.99872","28.0716","0.881284","0.543239","0.806894","7.07505","4.148","23.4273","0.589854","0.358592","-0.176976","0.0619577","0.274701","0.214324","0.0011061","0.000387236","0.00171688","0.00000137341","0.0130839","0.00979668","0.0303058","89069.8","1718.35","8336.68","90.375","2.90132","1497.15","1130.53","4349.04","14.0544","-41.8375","3.31143","22.9932","95.522","5.86778","479.116","264.028","1654.49","479.137","590.473","19.466","3.29669","75.9897","392.878","479.119","0.82"
"43_MNTRL_RR_V2_an3","43_MNTRL_RR_V2","7.61","28.82","195","756","0.0378","3","False","18.35","18.44","20.01","20.1","479","481","523","525","43","STABLE","MNTRL","L","R","0.447769","0.272485","1.46171","1.60354","1.76483","9.1776","0.18342","0.171504","1.05622","0.294727","0.273796","1.54148","17.6677","9.60617","59.7574","26.0594","75.4936","0.843438","0.651387","8.99836","19.7052","28.14","78.2997","0.845946","0.524905","-0.100584","0.224288","0.577929","0.978486","0.00130135","0.00081654","0.00361206","0.00000236024","0.0244686","0.0207202","0.0910822","92643.8","7563.18","24390.5","92.2719","3.71282","3003.98","3166.53","12352.2","50.1275","-44.781","16.8023","18.5992","102.175","5.9872","477.076","258.785","1671.86","477.194","596.223","12.5343","2.10228","60.4258","749.134","477.156","1.57"
"43_MNTRL_RR_V2_an4","43_MNTRL_RR_V2","7.61","28.82","195","756","0.0378","4","True","26.18","26.29","27.88","27.96","686","689","731","733","43","STABLE","MNTRL","L","R","0.613079","0.352652","1.79619","2.49781","2.79266","12.9692","0.194831","0.135493","0.804102","0.360447","0.299525","1.72601","21.9726","14.2273","81.4167","21.0569","100.086","1.10194","0.862049","6.58505","26.489","28.2953","108.005","0.988138","0.78128","-0.0878033","0.15884","0.437314","0.759957","0.0009938","0.000546868","0.00273321","0.0000012867","0.0186517","0.0162951","0.0738778","94072.9","6999.05","27805.3","95.0796","3.52202","3634.32","2948.69","12607.1","34.4693","-53.5989","11.871","23.1118","97.7671","6.92742","470.202","253.192","1420.1","470.191","592.889","21.2519","3.58446","104.981","747.601","470.189","1.59"
"43_MNTRL_RR_V3_an1","43_MNTRL_RR_V3","7.63","29.65","192","770","0.03806","1","False","10.15","10.26","11.2","11.29","258","261","285","288","43","STABLE","MNTRL","L","R","0.759434","0.456731","1.73807","6.44873","5.60247","20.2656","0.209404","0.136378","0.65683","0.62243","0.374953","1.70346","26.0447","13.2936","64.4977","66.4427","72.0561","1.42759","0.586207","7.47914","19.1964","31.4153","63.3767","0.903593","0.32047","0.073985","0.0831771","0.26563","0.318101","0.000537738","0.000441485","0.00166019","0.00000048407","0.0155738","0.00848488","0.0354676","112259","7017.99","24384.4","114.67","2.56638","8107.49","5593.32","20320.1","23.9821","-31.5158","5.86514","35.1519","52.0364","12.5921","456.865","252.47","1601.93","456.852","587.802","27.475","4.67419","117.495","429.452","456.864","0.94"
"43_MNTRL_RR_V3_an2","43_MNTRL_RR_V3","7.63","29.65","192","770","0.03806","2","False","11.82",NULL,NULL,"13.01","302",NULL,NULL,"333","43","UNSTABLE","MNTRL","L","R","0.715344","0.357341","1.79542","5.8446","3.36107","11.9114","0.192879","0.114608","0.647934","0.52248","0.237394","1.18102","40.894","20.6231","86.9153","69.9439","136.476","1.47219","0.414061","12.3464","25.1402","46.9353","112.429","1.06432","0.732466","0.175909","0.171675","0.428328","0.676455","0.0013243","0.000778621","0.00267705","0.00000236001","0.0129553","0.0123261","0.0443803","103321","3191.02","14296.6","98.1211","8.63045","2693.63","2380.85","10598.7","86.6344","36.1626","26.7189","57.5781","77.3317","17.1157","485.51","273.575","1899.95","485.672","600.542","27.5724","4.59125","114.138","577.904","485.633","1.19"
"43_MNTRL_RR_V3_an3","43_MNTRL_RR_V3","7.63","29.65","192","770","0.03806","3","False","18.23","18.35","18.98","19.08","470","473","490","492","43","STABLE","MNTRL","L","R","0.39642","0.168824","0.74297","3.23905","2.23199","8.86689","0.15238","0.0670379","0.375666","0.467554","0.237743","1.38274","7.90881","4.43265","19.9577","6.34833","24.4152","0.95945","0.584854","1.38971","5.97895","5.321","21.6687","0.637426","0.365223","0.108767","0.267014","0.69258","1.0247","0.00147985","0.00102819","0.00432862","0.00000324714","0.0182198","0.0166917","0.0626529","99007.2","10285.8","32879.3","94.2072","2.52987","3907.53","3155.63","12127.6","18.0548","-24.6874","5.30866","8.66952","74.3419","2.43875","478.907","259.104","1547.12","478.987","583.071","17.3634","2.97791","65.3086","301.724","478.927","0.63"
"43_MNTRL_RR_V3_an4","43_MNTRL_RR_V3","7.63","29.65","192","770","0.03806","4","False","19.83","19.97","22.72","22.9","512","516","588","593","43","STABLE","MNTRL","L","R","0.393687","0.273673","1.28719","1.12556","1.6256","7.65363","0.134693","0.088359","0.516192","0.24501","0.217804","1.25263","14.337","10.0963","58.3061","26.2934","75.9774","0.519015","0.475972","5.0935","15.8107","22.8113","73.5963","0.407952","0.364745","-0.166007","0.129361","0.391988","0.609542","0.00118442","0.000572135","0.00244993","0.00000173019","0.0164582","0.0118161","0.0562546","92854.8","5472.14","28382.4","94.6477","3.62765","2321.65","1830.27","8454.52","40.4766","-28.6944","11.0675","45.7774","65.5508","12.3998","462.326","249.709","1590.2","462.311","599.778","13.7686","2.29562","75.3794","1271.29","462.286","2.75"
"43_MNTRL_RR_V3_an5","43_MNTRL_RR_V3","7.63","29.65","192","770","0.03806","5","False","26.55","26.7","27.94","28.07","689","693","725","729","43","STABLE","MNTRL","L","R","0.519162","0.261016","1.52998","1.93218","1.76536","7.34929","0.177712","0.145271","0.853234","0.393258","0.304496","1.34718","10.8323","6.62992","33.1913","8.1765","40.6318","0.740659","0.5627","1.12008","11.5152","5.66433","38.5367","0.648416","0.36429","-0.236385","0.13885","0.475601","0.46212","0.00147741","0.000867814","0.0029725","0.00000293584","0.0169171","0.0132372","0.056356","93472.9","4737.4","20513.5","93.7978","4.29207","3170.74","2113.76","8646.79","32.679","-32.1286","8.70191","21.4059","68.5822","5.52539","467.548","267.753","1891.07","467.865","594.743","14.7087","2.47312","65.3086","580.08","467.806","1.24"
"43_MNTRL_RR_V4_an1","43_MNTRL_RR_V4","7.7","29.38","194","761","0.03823","1","False","10.13","10.38","12.29","12.49","257","264","314","319","43","STABLE","MNTRL","L","R","0.691279","0.390358","2.43215","1.0367","0.815709","3.44138","0.180148","0.130792","0.901879","0.264064","0.233388","1.44805","18.7658","12.5623","66.4923","26.4391","87.5554","0.705741","0.45175","12.5392","20.1542","42.209","84.9967","0.69169","0.470129","-0.0146178","0.122965","0.279007","0.551842","0.000631082","0.000448024","0.00174379","0.000000598989","0.0154798","0.0112932","0.0535275","108949","8758.83","37611.8","114.19","4.33488","7160.22","6287.47","24356.3","39.3335","-6.81999","8.49008","43.9443","49.8863","13.7322","461.972","250.216","1689.3","461.921","599.87","10.9998","1.8337","57.9844","882.227","461.899","1.91"
"43_MNTRL_RR_V4_an2","43_MNTRL_RR_V4","7.7","29.38","194","761","0.03823","2","False","18.32","18.55","23.3","23.58","471","477","602","609","43","STABLE","MNTRL","L","R","0.41071","0.325343","2.11086","0.766457","0.90946","5.94617","0.140245","0.0927937","0.747137","0.201868","0.172328","1.12748","9.96676","6.78951","42.2676","31.6733","52.0712","0.334584","0.299476","6.08661","7.94293","26.9393","44.8487","0.274347","0.227574","-0.164837","0.125278","0.45615","0.814312","0.00115222","0.000588919","0.00285094","0.00000167444","0.0174919","0.0132481","0.0551528","91349.6","5921.34","34731","93.6359","3.75714","2607.82","2071.51","8911.99","43.0649","5.93131","9.13753","37.7411","57.185","9.60471","450.358","245.706","1688.28","450.362","601.536","9.18629","1.52714","63.7827","2139.37","450.393","4.75"
"43_MNTRL_RR_V4_an3","43_MNTRL_RR_V4","7.7","29.38","194","761","0.03823","3","True","26.72","26.97","29.18","29.38","691","698","755","761","43","STABLE","MNTRL","L","R","0.593984","0.344316","1.78233","0.998011","0.786347","3.14754","0.184323","0.119787","0.696768","0.248354","0.183506","1.00111","19.4924","15.004","81.5036","48.9738","94.0844","0.681027","0.561172","15.3854","23.8747","57.065","101.174","0.656957","0.586804","-0.162111","0.0853527","0.364333","0.393745","0.00101953","0.000521237","0.00227708","0.00000131113","0.0154129","0.0129742","0.0516943","89321.2","3472.38","15891.5","92.9731","4.11418","2583","2299.41","10117.9","25.9792","-11.1477","7.28827","29.8308","51.0735","9.45611","456.444","247.494","1525.72","456.473","600.504","11.2622","1.87546","55.5429","1008.75","456.45","2.21"
"43_MNTRR_RR_V1_an1","43_MNTRR_RR_V1","7.63","29.25","194","762","0.03805","1","False","10.19","10.37","12.78","12.87","261","266","329","331","43","STABLE","MNTRR","R","L","0.783653","0.570634","2.9596","1.30158","1.3227","6.37876","0.255603","0.168648","0.916348","0.214099","0.153823","0.91336","19.9552","14.1997","79.1615","19.7856","100.748","0.648871","0.484709","5.97094","29.2638","17.88","116.71","0.683317","0.50025","0.104172","0.184097","0.502394","0.780616","0.00105169","0.000801094","0.00313996","0.0000017478","0.0148442","0.00985462","0.0438884","107563","6717.73","33389.9","110.345","5.18307","4592.43","5092.22","24712.1","53.7771","0.0256205","11.3004","39.6576","-81.1828","12.1639","471.931","263.682","1588.41","471.934","601.676","11.5194","1.91455","55.2378","1137.32","471.916","2.41"
"43_MNTRR_RR_V1_an2","43_MNTRR_RR_V1","7.63","29.25","194","762","0.03805","2","False","18","18.25","19.7","19.79","466","473","511","513","43","STABLE","MNTRR","R","L","0.572603","0.3504","1.78083","1.84692","1.43516","7.06692","0.205847","0.141367","0.73584","0.274086","0.167749","0.861012","15.4259","10.3147","56.1989","12.6495","69.8403","0.747383","0.512744","4.01895","21.9354","13.355","83.0383","0.747281","0.502444","-0.176729","0.0971905","0.471631","0.501328","0.00111407","0.000589802","0.00294769","0.00000158902","0.0187046","0.0116384","0.0424996","90152.4","2699.55","11790.5","92.7031","3.33596","2246.14","1757.33","6396.59","60.9651","5.39151","16.8016","22.1497","-92.5516","6.01206","467.458","257.66","1819.72","467.435","599.626","13.7802","2.29813","60.4258","677.741","467.407","1.45"
"43_MNTRR_RR_V1_an3","43_MNTRR_RR_V1","7.63","29.25","194","762","0.03805","3","True","25.94","26.57","29.12","29.25","675","691","758","762","43","STABLE","MNTRR","R","L","0.876882","0.683622","3.34177","1.7353","1.2284","5.44686","0.222656","0.165261","0.992013","0.268207","0.166823","0.888046","28.8215","14.5427","90.1777","58.5247","111.904","0.799345","0.441553","17.1435","26.8868","68.3137","111.731","0.744367","0.518984","-0.152865","0.145173","0.380549","0.594566","0.00121418","0.000511675","0.00237843","0.00000173605","0.0157356","0.0122769","0.0523481","92992.2","5344.3","22684.8","94.5259","3.91126","2642.87","2500.47","10613.4","104.586","-8.37758","28.7925","42.5944","-91.2803","14.2297","473.142","253.841","1622.07","473.253","601.272","12.2359","2.03501","63.7827","1206.68","473.208","2.55"
"43_MNTRR_RR_V2_an1","43_MNTRR_RR_V2","8.04","28.99","205","756","0.03799","1","False","10.32","10.59","13.64","13.84","265","272","352","357","43","STABLE","MNTRR","R","L","0.799218","0.627153","3.04092","0.791568","0.590088","3.5527","0.252027","0.189704","0.976632","0.203916","0.158234","0.973812","20.5696","15.6031","82.5866","28.3516","108.834","0.562892","0.389711","7.44494","27.3273","36.405","114.448","0.571457","0.408954","0.0543846","0.165193","0.354905","0.64353","0.000876969","0.000642199","0.00221816","0.0000011815","0.016664","0.0134765","0.0550071","104787","6498.02","33174.1","103.994","10.1156","4839.23","5083.44","21161.6","49.9094","-29.0117","10.2095","40.6353","-126.459","13.405","481.191","257.047","1560.39","481.24","602.017","11.8311","1.96524","62.8672","1467.61","481.185","3.05"
"43_MNTRR_RR_V2_an2","43_MNTRR_RR_V2","8.04","28.99","205","756","0.03799","2","False","18.18","18.55","19.81","20.06","471","481","514","521","43","STABLE","MNTRR","R","L","0.840769","0.907168","4.13586","1.30992","0.58136","2.90575","0.225096","0.186998","0.922858","0.265363","0.167094","1.05588","19.0755","8.54113","43.7505","20.2129","62.7696","0.708828","0.272086","11.0042","19.0098","29.41","60.1497","0.712885","0.273639","-0.17526","0.0778472","0.345266","0.342481","0.00109538","0.000486545","0.00215791","0.00000143658","0.0140524","0.0106215","0.0400899","90238.6","2713.62","12002.8","91.8526","3.25923","2950.69","1866.06","8152.21","64.725","-23.179","20.2809","48.8567","-128.058","13.1862","497.324","283.254","2445.13","497.404","600.231","27.5461","4.58925","133.669","626.653","497.344","1.26"
"43_MNTRR_RR_V2_an3","43_MNTRR_RR_V2","8.04","28.99","205","756","0.03799","3","False","21.19","21.53","23.01","23.46","551","560","599","610","43","STABLE","MNTRR","R","L","1.04461","0.86102","3.77122","1.28449","0.558661","3.47482","0.248615","0.17601","1.02296","0.249186","0.143998","0.92555","11.969","4.77678","20.197","22.1231","29.687","0.583978","0.300998","5.38665","8.15251","16.386","24.496","0.437562","0.239387","-0.112446","0.142847","0.409194","0.708398","0.000936865","0.000642872","0.00255746","0.000001291","0.0170767","0.0139638","0.0591928","94477","4880.15","21401.1","94.5509","3.0596","3408.56","2625.65","10847.5","67.8459","-42.5145","18.9409","36.425","-120.683","13.5886","487.387","259.736","1799.88","487.189","601.383","11.3905","1.89405","51.8808","721.068","487.208","1.48"
"43_MNTRR_RR_V2_an4","43_MNTRR_RR_V2","8.04","28.99","205","756","0.03799","4","True","26.67","26.99",NULL,"28.6","695","703",NULL,"746","43","STABLE","MNTRR","R","L","0.60588","0.671346","3.62726","0.968706","0.919398","4.16604","0.224171","0.185375","0.92858","0.235569","0.249394","1.39712","5.68945","1.75267","9.29258","8.61978","10.1909","0.35131","0.163432","4.72435","9.51733","13.9527","27.362","0.315744","0.183483","-0.115794","0.151754","0.341875","0.613611","0.00107721","0.000512801","0.00213672","0.00000142334","0.0163167","0.0136844","0.0734134","92348.1","5583.03","21926.6","91.6671","3.37997","2488.14","1921.17","8359.26","41.0446","-34.7453","10.2873","41.6402","-135.051","11.3438","474.605","251.97","1657.36","474.632","601.164","14.2126","2.36418","57.6792","764.052","474.566","1.61"
"43_MNTRR_RR_V3_an1","43_MNTRR_RR_V3","7.62","29.2","193","761","0.03793","1","False","10.22","10.67","14.98","15.45","261","273","387","399","43","STABLE","MNTRR","R","L","0.521453","0.463214","2.47409","0.448214","0.276116","2.08071","0.176598","0.129472","0.832717","0.152454","0.125251","1.13681","8.12541","4.17742","16.4743","13.8112","27.5367","0.241923","0.107268","4.68717","7.81966","24.471","27.1793","0.218359","0.127069","0.0381363","0.161185","0.375132","0.680909","0.000885188","0.000536768","0.00234457","0.00000107168","0.0156926","0.0128186","0.0645834","100525","7671.97","41650.7","97.1866","10.7403","3075.99","4010.83","27236.3","26.4894","-12.4029","6.21386","32.8834","-125.433","10.5472","463.118","249.241","1770.95","463.171","604.086","8.34095","1.38076","49.4394","1996.17","463.149","4.31"
"43_MNTRR_RR_V3_an2","43_MNTRR_RR_V3","7.62","29.2","193","761","0.03793","2","False","18.33","18.85","22.53","23.07","475","489","586","600","43","STABLE","MNTRR","R","L","0.503252","0.352874","1.70996","0.43902","0.368518","1.82883","0.171339","0.10522","0.754168","0.144869","0.104812","0.640575","6.18993","2.65726","10.478","18.0679","11.3519","0.190735","0.103888","4.88867","4.09787","16.5593","15.1913","0.170634","0.0765578","-0.150322","0.112814","0.362206","0.544805","0.00101676","0.000588247","0.00226379","0.00000137983","0.0197249","0.0136714","0.0611113","91760.8","3284.12","20570.6","93.5828","2.97753","2096.25","1680.77","8232.98","28.5998","-4.55714","6.8138","28.8358","-122.665","7.62861","464.259","248.677","1734.41","464.296","604.291","6.93919","1.14832","49.4394","1708.5","464.266","3.68"
"43_MNTRR_RR_V3_an3","43_MNTRR_RR_V3","7.62","29.2","193","761","0.03793","3","True","26.45","27",NULL,"29.2","689","703",NULL,"761","43","STABLE","MNTRR","R","L","0.504214","0.394453","1.69813","0.628304","0.383141","1.60135","0.160284","0.0963379","0.51044","0.199929","0.160648","0.902757","7.64844","3.08448","12.8256","18.2955","17.9746","0.235602","0.146034","6.89941","5.48215","21.7377","19.324","0.193911","0.0923975","-0.192804","0.074219","0.328322","0.333655","0.00120616","0.000460923","0.00205201","0.00000166726","0.0122595","0.00851732","0.0385146","88882","2512.55","10153.6","90.5835","3.12694","2015.13","1527.53","5521.73","37.2087","0.426836","7.92241","29.3595","-118.078","7.87687","481.084","250.258","1514.43","481.199","604.231","7.31681","1.21093","38.4531","1058.56","481.165","2.2"
"43_MNTRR_RR_V4_an1","43_MNTRR_RR_V4","7.59","29.12","191","755","0.03814","1","False","9.98","10.38","15.01","15.35","253","264","385","394","43","STABLE","MNTRR","R","L","0.564945","0.448281","1.96368","0.635852","0.579834","3.4835","0.186112","0.129712","0.878647","0.14934","0.108414","0.811095","7.41274","3.2955","25.3174","21.8698","28.8164","0.266162","0.183384","3.69687","5.86263","17.626","25.5703","0.223804","0.135003","0.0192896","0.205816","0.546254","0.891028","0.00106984","0.000724349","0.00341408","0.00000166923","0.01664","0.0128391","0.0636905","100579","8671.97","49112.4","100.774","10.1186","3607.36","4795.24","31953","48.2274","8.87536","8.77035","33.6874","-146.653","9.54001","484.34","258.755","1656.07","484.412","602.421","8.25556","1.3704","49.7446","2242.87","484.421","4.63"
"43_MNTRR_RR_V4_an2","43_MNTRR_RR_V4","7.59","29.12","191","755","0.03814","2","False","18.39","18.74","21.99","22.23","474","483","568","574","43","STABLE","MNTRR","R","L","0.461725","0.400855","2.40652","0.701341","0.521377","3.11062","0.173888","0.14141","0.80949","0.146339","0.102674","0.626349","17.6802","11.2971","60.3385","42.0534","68.9799","0.354405","0.239556","13.0215","20.2402","47.006","78.3643","0.359706","0.268549","-0.196358","0.10342","0.480183","0.545169","0.00124098","0.00061958","0.00300114","0.0000019239","0.0189002","0.0124993","0.054349","87574.3","3082.06","15605.3","90.7164","3.93769","2271.93","1699.26","9671.95","45.2078","18.4769","11.4435","32.9124","-147.233","11.2973","481.432","255.138","1657.58","481.3","602.228","6.45557","1.07195","33.5703","1564.23","481.301","3.25"
"43_MNTRR_RR_V4_an3","43_MNTRR_RR_V4","7.59","29.12","191","755","0.03814","3","True","26.29","26.69","28.72","28.97","681","691","745","751","43","STABLE","MNTRR","R","L","0.694097","0.527225","2.68416","0.752604","0.579688","3.10924","0.226509","0.152832","0.819455","0.17564","0.122769","0.721706","16.5515","8.9864","52.7894","23.1018","66.8656","0.512923","0.314737","5.21962","19.7115","19.1757","75.624","0.478195","0.351302","-0.19892","0.0954576","0.398058","0.384067","0.00124325","0.00059661","0.00248787","0.00000190162","0.0179298","0.012433","0.0626145","90502.1","2202.15","9460.77","95.3267","3.47103","1912.24","1183.21","4983.14","54.416","5.80407","11.6547","41.5594","-148.029","12.1098","491.696","268.991","1564.25","491.693","601.227","9.52149","1.58368","45.7773","998.194","491.721","2.03"
"43_TRLGL_RR_V1_an1","43_TRLGL_RR_V1","7.59","29.74","190","767","0.03833","1","False","10.02","10.35","10.92","11.08","253","262","276","281","43","STABLE","TRLGL","L","R","0.460494","0.242273","1.21892","1.18333","0.648421","2.48102","0.159763","0.0781002","0.362724","0.235376","0.122357","0.523975","2.63429","0.711202","5.04063","4.37283","4.539","0.280829","0.112802","1.72582","3.1913","5.708","10.4963","0.251488","0.0908158","0.0346701","0.0688774","0.168599","0.251804","0.000381301","0.000294753","0.00105375","0.00000023227","0.0152093","0.00660047","0.0295203","109859","5749.67","17369.9","113.733","2.0688","6137.63","5169.25","15282.8","16.2889","0.48263","4.39627","8.01095","89.3695","1.83065","471.794","260.045","1679.22","471.54","597.822","10.2848","1.72038","53.7119","268.815","471.605","0.57"
"43_TRLGL_RR_V1_an2","43_TRLGL_RR_V1","7.59","29.74","190","767","0.03833","2","False","11.52","11.81","13","13.13","292","300","331","334","43","STABLE","TRLGL","L","R","0.761384","0.309279","1.45049","3.06406","3.43426","15.9557","0.204299","0.132642","0.754492","0.423497","0.294223","1.3093","13.1211","6.69052","38.7211","45.1819","21.9981","0.685974","0.392943","6.95627","6.34","23.6447","20.8493","0.485849","0.252345","0.204623","0.142136","0.403083","0.516929","0.00138143","0.000718607","0.00251927","0.00000242474","0.0161561","0.0112831","0.0450246","104677","2980.02","11418.6","98.1392","2.83204","2748.02","1742.65","5955.53","48.78","21.6271","12.2899","32.3956","72.2673","8.91952","476.061","261.128","1710.66","475.895","594.738","19.6633","3.30621","92.7744","566.323","475.902","1.19"
"43_TRLGL_RR_V1_an3","43_TRLGL_RR_V1","7.59","29.74","190","767","0.03833","3","False","13.59",NULL,NULL,"13.79","346",NULL,NULL,"351","43","UNSTABLE","TRLGL","L","R","1.21091","0.239937","1.53791","5.09641","2.2293","9.71465","0.225465","0.136707","0.56723","0.833728","0.354667","1.4905","9.63979","5.401","18.0726","5.30317","35.0703","1.81139","0.0807324","1.14517","6.27647","3.26833","20.387","1.04058","0.54601","-0.0312994","0.081189","0.160025","0.208058","0.000452365","0.00030186","0.00100015","0.000000295754","0.0259654","0.00684386","0.0322656","95241.6","2709.93","9027.8","94.3212","3.12334","4045.36","1982.55","6499","7.42901","66.2963","1.97364","3.98246","104.237","0.962788","493.787","271.088","1396.32","494.024","586.465","25.2334","4.30263","78.126","98.8159","494.08","0.2"
"43_TRLGL_RR_V1_an4","43_TRLGL_RR_V1","7.59","29.74","190","767","0.03833","4","False","14.95",NULL,NULL,"15.05","382",NULL,NULL,"384","43","UNSTABLE","TRLGL","L","R","0.24228","0.134014","0.445094","1.12397","0.391702","1.84813","0.113992","0.0331773","0.160203","0.382607","0.201341","0.860403","2.23995","1.31823","4.12917","6.26778","5.0135","0.807235","0.0638882","1.48615","2.10094","4.49567","6.27167","0.777455","0.156341","-0.120464","0.0596481","0.190981","0.145868","0.000752897","0.000372801","0.00119363","0.000000705834","0.0184296","0.0053552","0.0237848","90916","255.911","611.049","95.448","1.46766","518.852","92.1963","611.049","6.01146","34.1892","1.51868","2.54119","91.8112","0.650514","498.138","279.378","1378.28","500.696","586.848","15.1248","2.5773","44.2514","50.0715","500.715","0.1"
"43_TRLGL_RR_V1_an5","43_TRLGL_RR_V1","7.59","29.74","190","767","0.03833","5","False","16.11",NULL,NULL,"16.35","412",NULL,NULL,"418","43","UNSTABLE","TRLGL","L","R","0.371945","0.206219","0.784568","2.10638","1.30958","4.46662","0.140781","0.0731445","0.291899","0.384218","0.165825","0.71081","3.61999","1.82986","6.74609","5.88617","11.4728","0.600201","0.0389844","0.257609","4.51993","0.865667","14.699","0.618118","0.149109","-0.139995","0.138621","0.408106","0.451531","0.000952515","0.000780324","0.00255066","0.00000151619","0.0306769","0.0171104","0.0587813","91156.5","1650.54","5390.65","95.0677","3.81397","1316.24","638.625","2365.52","11.2806","-8.13919","3.20095","3.13586","85.0155","0.671303","465.75","263.924","1477.16","465.084","585.995","7.41914","1.26607","23.8047","111.601","465.002","0.24"
"43_TRLGL_RR_V1_an6","43_TRLGL_RR_V1","7.59","29.74","190","767","0.03833","6","False","16.45","16.61","18.91","19.06","421","425","485","489","43","STABLE","TRLGL","L","R","0.535349","0.372671","2.31277","1.54526","1.27874","6.1738","0.174453","0.125716","0.871415","0.294166","0.175024","1.13427","17.4104","8.74473","44.7764","28.4015","57.8194","0.433462","0.244987","12.705","17.0174","37.5803","56.819","0.404763","0.221785","-0.165829","0.141858","0.491606","0.70796","0.00118833","0.000669437","0.00307254","0.00000186026","0.0163973","0.0114499","0.0433493","92325.2","4268.7","24794.2","94.1975","3.69094","2913.02","2351.59","11784.4","35.2123","-9.33426","9.77838","34.4201","67.2072","13.4147","460.662","248.471","1526.12","460.668","599.701","14.1757","2.36379","85.145","1059.53","460.667","2.3"
"43_TRLGL_RR_V1_an7","43_TRLGL_RR_V1","7.59","29.74","190","767","0.03833","7","False","19.79","20.24","20.9","21.08","508","520","537","541","43","STABLE","TRLGL","L","R","0.577628","0.365488","1.69937","1.66297","1.18207","5.46435","0.197806","0.11144","0.476215","0.360553","0.241747","0.975269","5.09323","2.26911","12.6659","4.18394","16.1373","0.418701","0.246099","1.71888","6.92537","6.512","23.511","0.38705","0.150938","-0.0511241","0.268266","0.494761","0.908808","0.00144668","0.000905772","0.00309225","0.00000291329","0.0225864","0.0183549","0.0737818","97940","9008.64","28094.7","92.4028","3.2106","4119.63","3704.9","11874.3","10.1667","9.7405","2.26908","26.8309","86.4587","8.40072","473.668","254.86","1755.8","473.557","592.537","12.9718","2.1892","52.7964","312.553","473.565","0.66"
"43_TRLGL_RR_V1_an8","43_TRLGL_RR_V1","7.59","29.74","190","767","0.03833","8","False","21.99","22.2","24","24.16","565","571","618","622","43","STABLE","TRLGL","L","R","0.607922","0.381784","2.17449","1.68447","1.51823","6.51268","0.180183","0.118232","0.801971","0.334366","0.213293","1.09793","9.93708","5.09656","25.0135","8.84072","34.2082","0.496568","0.226283","2.48503","7.95591","8.19033","29.5227","0.337925","0.149698","-0.234282","0.090206","0.428468","0.406272","0.00146427","0.000563787","0.00267793","0.00000246193","0.0187246","0.0137038","0.0555137","93657.7","3544.65","16555.9","96.3966","3.90463","2551.31","1902.26","7661.13","36.2908","9.13227","7.82658","40.1632","80.9681","11.6003","478.273","253.94","1472.68","478.344","598.318","13.4558","2.24894","53.7119","861.04","478.356","1.8"
"43_TRLGL_RR_V1_an9","43_TRLGL_RR_V1","7.59","29.74","190","767","0.03833","9","False","25.31","25.62","26.01","26.22","652","660","670","676","43","STABLE","TRLGL","L","R","0.587547","0.177799","1.11391","4.16323","4.38113","13.6625","0.135828","0.0733421","0.297067","0.508148","0.362769","1.26923","7.65525","4.20523","18.2425","27.8064","10.1134","0.868959","0.325064","6.98774","2.68447","20.929","10.0557","0.69704","0.1491","-0.221144","0.0570371","0.330549","0.215416","0.00138215","0.000356482","0.00206593","0.00000203743","0.0125646","0.00852288","0.0274091","91466","1866.05","6920.75","96.1257","2.13844","1514.8","982.752","3314.78","16.6502","35.7619","3.39515","11.6048","75.1839","2.82753","470.328","243.282","1658.9","470.556","581.372","14.639","2.51802","43.9463","183.493","470.496","0.39"
"43_TRLGL_RR_V1_an10","43_TRLGL_RR_V1","7.59","29.74","190","767","0.03833","10","False","26.8",NULL,NULL,"27.24","691",NULL,NULL,"702","43","UNSTABLE","TRLGL","L","R","0.546198","0.271142","0.981394","4.2222","2.87004","8.58199","0.129977","0.0647386","0.25226","0.654551","0.470398","1.751","14.4699","8.03155","29.2829","39.4763","37.5653","1.26649","0.167104","8.16242","6.89643","27.3673","23.7093","0.852338","0.285379","-0.113807","0.0703767","0.240434","0.247239","0.00071838","0.000428179","0.00150271","0.000000699407","0.0105328","0.00734983","0.0248889","91790","2163.12","7558.64","95.7699","2.50939","3056.6","2070.92","6515.58","52.0551","36.2423","15.3448","2.97814","94.5099","0.67646","502.222","259.965","1490.34","502.685","598.865","13.7457","2.2953","58.8999","221.18","502.683","0.44"
"43_TRLGL_RR_V1_an11","43_TRLGL_RR_V1","7.59","29.74","190","767","0.03833","11","True","28.1","28.2",NULL,"29.74","725","727",NULL,"767","43","STABLE","TRLGL","L","R","0.536477","0.374282","1.77128","1.31501","1.51664","6.14864","0.1807","0.115138","0.811139","0.269131","0.186312","0.863611","6.46233","5.229","28.1699","8.0615","25.81","0.34996","0.294035","2.35929","4.98811","8.52167","23.1497","0.25219","0.25618","-0.166713","0.113533","0.347605","0.473728","0.00114242","0.000532965","0.00217253","0.00000158918","0.0157024","0.0117602","0.0466946","93318.9","4289.97","24948.2","93.3978","3.04679","2784.14","2452.79","13873.4","28.5188","4.75563","9.56941","30.6698","77.6242","8.25566","464.191","254.437","1662.08","464.138","600.065","10.0839","1.68047","50.355","714.805","464.159","1.54"
"43_TRLGL_RR_V2_an1","43_TRLGL_RR_V2","7.61","29.87","192","777","0.03801","1","False","10.04","10.3","10.85","10.97","255","262","277","280","43","STABLE","TRLGL","L","R","0.532794","0.308142","1.39135","1.52824","0.982193","4.01046","0.167295","0.0891607","0.424854","0.294259","0.184596","0.774052","3.56207","1.40375","8.22569","7.53872","5.48039","0.386052","0.186971","1.74853","0.830105","5.74233","3.29133","0.192292","0.117061","0.0322353","0.0735889","0.180227","0.268263","0.000435358","0.000250181","0.00112642","0.000000252127","0.0116638","0.00711098","0.0263926","107341","6277.26","26738.5","110.148","2.85792","7479.33","5360.9","20993.8","16.9646","-26.121","3.61908","4.98361","79.6217","0.910087","449.506","249.154","1359.67","449.586","592.496","7.0691","1.1931","32.6548","247.225","449.5","0.55"
"43_TRLGL_RR_V2_an2","43_TRLGL_RR_V2","7.61","29.87","192","777","0.03801","2","False","11.38","12.2","14.3","14.41","291","312","368","370","43","STABLE","TRLGL","L","R","0.495674","0.299131","1.40542","1.05069","1.02971","7.38687","0.1452","0.08547","0.42743","0.243141","0.190638","1.27298","7.28731","4.90893","25.6925","24.5073","19.3352","0.331569","0.221681","7.17992","6.63261","26.7917","26.1893","0.261292","0.174332","0.0308562","0.173066","0.45397","0.716325","0.000894788","0.000637605","0.00283731","0.00000120718","0.0131898","0.0111714","0.0466614","99452","6637.32","24851.9","97.4009","5.01681","1966.16","1695.1","6728.64","32.0338","1.44255","8.51486","19.8275","80.0272","5.06718","458.978","246.802","1516.45","459.095","598.997","11.4692","1.91474","72.6328","964.012","459.053","2.1"
"43_TRLGL_RR_V2_an3","43_TRLGL_RR_V2","7.61","29.87","192","777","0.03801","3","False","15.48","15.69","18.64","18.8","399","404","482","486","43","STABLE","TRLGL","L","R","0.435059","0.439391","2.83291","0.743544","0.622336","3.71091","0.144083","0.115121","0.791048","0.218803","0.179411","1.02108","10.4454","6.92931","41.8016","11.0292","54.4913","0.354484","0.218257","2.34315","14.1091","9.109","61.8377","0.294518","0.247922","-0.191764","0.113417","0.442136","0.570152","0.0012381","0.000637222","0.00276335","0.00000193894","0.0163208","0.0110219","0.0494079","93242.1","3538.78","17210.9","96.5418","4.89171","2092.26","2025.79","10571.3","29.7892","8.57577","8.18986","35.0371","81.853","8.75205","460.085","250.141","1626.67","460.199","601.117","10.6436","1.77063","57.6792","1357.54","460.183","2.95"
"43_TRLGL_RR_V2_an4","43_TRLGL_RR_V2","7.61","29.87","192","777","0.03801","4","False","20.2","20.52","21.94","22.05","523","531","569","571","43","STABLE","TRLGL","L","R","0.632165","0.389985","2.082","1.40691","1.3876","7.2141","0.179471","0.128109","0.856902","0.300345","0.219768","1.21423","12.485","7.59745","40.1279","12.6146","53.3828","0.57007","0.368729","3.72721","17.1193","13.5573","62.1397","0.527765","0.334556","-0.122465","0.136132","0.3366","0.633067","0.00100557","0.000546422","0.00210375","0.00000130975","0.0172492","0.0134209","0.0552569","94074.1","6435.63","29485.3","96.2717","2.79665","3220.32","2822.83","11709","38.4387","-17.4531","8.70542","37.9783","74.3188","11.7003","448.396","253.618","1445.43","448.576","597.073","14.6209","2.44877","75.0742","636.918","448.534","1.42"
"43_TRLGL_RR_V2_an5","43_TRLGL_RR_V2","7.61","29.87","192","777","0.03801","5","False","23.97","24.69","25.63","25.73","622","641","666","668","43","STABLE","TRLGL","L","R","0.861098","0.391896","1.94356","3.84374","4.29476","16.6554","0.261213","0.143553","0.697546","0.526864","0.322574","1.47133","15.8623","9.6229","43.4001","33.9049","57.1196","0.875301","0.46536","1.30737","13.3785","5.14167","42.2273","0.503582","0.149728","-0.163727","0.104475","0.349496","0.385067","0.00105528","0.000599895","0.00218435","0.0000014735","0.017619","0.0144725","0.0625602","90449.4","2750.53","9615.42","93.9604","4.77221","2159.68","1543.03","5751.25","20.8971","-0.749236","4.74332","32.7599","62.877","11.0121","468.302","254.993","1432.84","467.966","591.283","15.2037","2.5713","68.6655","439.953","468.035","0.94"
"43_TRLGL_RR_V2_an6","43_TRLGL_RR_V2","7.61","29.87","192","777","0.03801","6","False","26.87",NULL,NULL,"27.36","698",NULL,NULL,"711","43","UNSTABLE","TRLGL","L","R","0.47099","0.206744","0.909277","3.3987","2.12106","6.64352","0.144608","0.0654462","0.340636","0.351703","0.155347","0.677458","10.2726","5.59843","20.8556","12.3992","36.4461","0.803759","0.123124","0.630142","3.47318","2.526","12.62","0.29608","0.214918","-0.217861","0.0813789","0.346129","0.331924","0.00136163","0.000508618","0.00216331","0.00000211274","0.0184249","0.0114778","0.0428099","90761.8","2605.26","8708.29","95.5275","3.28503","3163.73","2000.76","6626.38","14.0163","7.50401","3.98854","6.81117","68.7138","1.84535","439.586","250.486","1308.64","439.406","604.401","15.1388","2.50476","57.9844","215.326","439.442","0.49"
"43_TRLGL_RR_V2_an7","43_TRLGL_RR_V2","7.61","29.87","192","777","0.03801","7","True","29.01","29.2",NULL,"29.87","755","760",NULL,"777","43","STABLE","TRLGL","L","R","0.540131","0.230406","0.973916","2.21594","1.38853","4.72369","0.158201","0.0801529","0.389406","0.384791","0.219427","1.12151","4.53551","2.78457","14.4633","5.26661","10.7985","0.411301","0.264171","1.708","1.82664","5.37267","5.52367","0.194658","0.10798","-0.092167","0.136773","0.292273","0.493373","0.000896815","0.000508214","0.00182671","0.00000106256","0.0171667","0.0158375","0.0660295","93468.5","4463.82","19745.4","94.0842","3.4308","2549.41","2100.44","6451.54","19.3617","-15.5033","4.24578","11.7542","82.2077","3.05544","461.148","247.513","1494.09","461.332","595.881","23.4215","3.93057","96.7417","309.131","461.389","0.67"
"43_TRLGL_RR_V3_an1","43_TRLGL_RR_V3","7.64","29.51","192","767","0.038","1","False","10.43","10.69","11.67","11.87","265","272","298","303","43","STABLE","TRLGL","L","R","0.757903","0.430239","2.46211","3.1541","2.7479","15.2941","0.255708","0.190821","1.10924","0.465075","0.343642","1.73003","14.6296","7.75477","38.8755","40.9026","37.2519","0.73692","0.391673","4.52029","9.94471","18.1397","29.7733","0.441083","0.1045","-0.0142613","0.116109","0.250703","0.452167","0.000608475","0.000405361","0.00156689","0.00000053456","0.0145558","0.0108333","0.0464287","107244","6217.1","26385.2","114.428","3.01791","6030.76","5192.14","18252.5","29.7424","-3.86607","7.13468","34.1937","64.7021","11.4634","476.596","261.001","1477.24","476.859","592.045","20.4587","3.4556","94.6054","467.314","476.851","0.98"
"43_TRLGL_RR_V3_an2","43_TRLGL_RR_V3","7.64","29.51","192","767","0.038","2","False","12.58",NULL,NULL,"12.8","322",NULL,NULL,"327","43","UNSTABLE","TRLGL","L","R","1.30445","0.310476","1.96781","6.28673","2.62295","9.58904","0.273888","0.156999","0.556734","0.664295","0.247432","1.10615","13.1339","7.6444","25.9482","19.7852","45.5689","2.27107","0.178976","3.16418","8.01246","10.265","26.6397","1.30296","0.279004","0.273846","0.0859792","0.39765","0.224475","0.00171154","0.00053737","0.00248531","0.00000321813","0.0104964","0.00915972","0.0261927","104021","2919.86","9204.63","98.9783","0.973223","2371.43","933.672","3263.25","19.6716","27.2489","5.71739","5.57017","91.1379","1.49918","456.513","233.458","1440.34","457.56","603.221","12.6935","2.10429","42.7256","100.656","457.529","0.22"
"43_TRLGL_RR_V3_an3","43_TRLGL_RR_V3","7.64","29.51","192","767","0.038","3","False","14.1","14.45","20.98","21.2","362","371","543","548","43","STABLE","TRLGL","L","R","0.49883","0.353671","1.99952","0.610121","0.569958","3.98412","0.158923","0.107911","0.79104","0.187335","0.151531","1.04624","13.7685","7.16943","46.0927","50.9014","43.3012","0.272912","0.140043","19.8985","11.6355","81.3103","51.3303","0.274806","0.17083","-0.167745","0.160315","0.629118","1.16688","0.00127338","0.00069397","0.00393199","0.00000210309","0.0170577","0.0153103","0.0855922","92857.3","5620.13","36376.3","93.2697","3.48019","2739.22","2546.61","17240.9","62.6594","-7.23541","13.9998","33.8367","77.92","9.4208","463.38","251.298","1659.68","463.407","602.48","7.44676","1.23602","50.355","3026.14","463.421","6.53"
"43_TRLGL_RR_V3_an4","43_TRLGL_RR_V3","7.64","29.51","192","767","0.038","4","False","22.68",NULL,NULL,"23.29","587",NULL,NULL,"603","43","UNSTABLE","TRLGL","L","R","0.622471","0.312727","1.4131","3.36916","1.55578","5.6405","0.207158","0.145831","0.778559","0.539267","0.264377","1.20644","7.31225","2.76796","14.9679","11.9446","15.5853","0.672713","0.17806","5.00434","5.25663","19.5877","18.1037","0.498053","0.278554","-0.158305","0.0782214","0.273969","0.265849","0.000989404","0.000488884","0.00171231","0.00000121793","0.0118075","0.00814596","0.0277953","91548.9","2202.53","9647.78","94.5071","3.33264","2115.78","1609.31","5715.88","27.7103","5.66096","7.1359","12.3919","83.4064","3.40451","469.024","260.009","1639","469.167","601.961","32.2597","5.35911","113.526","286.214","469.203","0.61"
"43_TRLGL_RR_V3_an5","43_TRLGL_RR_V3","7.64","29.51","192","767","0.038","5","False","23.6","23.88","27.23","27.44","612","619","707","713","43","STABLE","TRLGL","L","R","0.55101","0.386368","2.3042","0.885799","0.533162","2.80543","0.182502","0.116089","0.645491","0.228745","0.1654","1.19484","18.7449","11.595","62.4937","69.1894","54.2528","0.411203","0.221799","25.9694","11.5385","89.9683","57.3163","0.417138","0.282711","-0.185564","0.0878804","0.355884","0.391881","0.00116483","0.000538447","0.00222427","0.00000164675","0.0164111","0.0118431","0.0625283","90244.7","2849.95","14244.2","92.5978","3.81929","2133.68","1622.82","8179.8","66.5029","14.0099","17.6336","32.916","80.2055","7.8312","458.981","246.548","1552.23","459.007","602.334","10.6219","1.76345","74.769","1537.68","459.009","3.35"
"43_TRLGL_RR_V4_an1","43_TRLGL_RR_V4","7.64","29.81","194","778","0.03795","1","False","10.21","10.54","11.83","12.04","261","270","304","309","43","STABLE","TRLGL","L","R","0.717027","0.311193","1.49115","2.50793","2.23302","14.5632","0.208761","0.115948","0.586928","0.471654","0.317943","1.51082","15.9343","9.55507","47.1578","43.3893","47.4547","0.664617","0.404857","4.05494","13.1842","17.9173","43.1187","0.446392","0.16382","-0.0704778","0.111778","0.311064","0.468729","0.000662319","0.000493375","0.00194415","0.000000682086","0.0136138","0.0101846","0.0342508","102062","6189.82","27032.5","108.131","3.47568","5459.58","5074.93","20061.5","27.345","-2.77681","6.69372","38.0456","69.909","12.0883","473.512","249.84","1475.56","473.621","595.579","18.9308","3.17856","84.2295","610.949","473.604","1.29"
"43_TRLGL_RR_V4_an2","43_TRLGL_RR_V4","7.64","29.81","194","778","0.03795","2","False","12.58",NULL,NULL,"13.4","324",NULL,NULL,"345","43","UNSTABLE","TRLGL","L","R","0.564224","0.206981","1.07235","3.79994","2.51378","8.84035","0.182746","0.102563","0.471224","0.506222","0.264627","1.16233","21.6036","12.0599","45.3146","35.9591","78.0019","1.06671","0.346341","5.91655","13.3543","18.7383","47.9163","0.651771","0.407288","0.199991","0.120865","0.45171","0.481819","0.00126705","0.000726345","0.00282319","0.000002133","0.0175835","0.0118264","0.0383917","101468","3501.19","13448.1","94.4542","1.75341","1969.03","1195.13","4358.79","20.4262","48.5838","3.62337","33.5654","88.8","9.93788","488.195","265.78","1580.81","488.077","601.385","16.1112","2.67901","68.0552","400.139","487.974","0.82"
"43_TRLGL_RR_V4_an3","43_TRLGL_RR_V4","7.64","29.81","194","778","0.03795","3","False","14.85","15.12","22.45","22.68","383","391","584","590","43","STABLE","TRLGL","L","R","0.561762","0.381611","2.29082","1.04988","0.640759","4.71759","0.176369","0.118866","0.79159","0.263415","0.169725","1.15101","16.6159","6.44914","41.5518","34.9646","62.4247","0.366038","0.182851","14.7027","12.5425","44.5653","64.3747","0.288895","0.184171","-0.180256","0.15085","0.637365","1.11198","0.00131028","0.000664287","0.00398353","0.00000215812","0.0171677","0.0147173","0.0825791","92417.8","4861.54","33803.9","92.6895","3.43557","2517.49","2064.78","11794","49.0477","-18.6584","11.4174","46.0591","72.7816","11.8516","469.575","253.145","1906.13","469.631","602.611","9.69571","1.60895","58.2895","3442.2","469.604","7.33"
"43_TRLGL_RR_V4_an4","43_TRLGL_RR_V4","7.64","29.81","194","778","0.03795","4","False","23.92",NULL,NULL,"24.42","623",NULL,NULL,"636","43","UNSTABLE","TRLGL","L","R","0.603238","0.253996","1.08246","3.87798","1.31963","5.3399","0.193193","0.101117","0.489236","0.489129","0.248283","1.27049","6.292","2.78371","12.0298","9.68417","10.5589","0.796261","0.237839","2.61506","4.01154","9.71133","14.7117","0.485261","0.237019","-0.186564","0.0812566","0.310598","0.258641","0.00116603","0.000507854","0.00194124","0.00000161753","0.0176081","0.00935696","0.0386335","91637.5","1503.4","5759.85","95.9641","3.44693","2205.94","1262.82","4315.21","17.6563","-9.86181","5.0613","13.7579","82.1339","4.80147","458.224","252.844","1935.69","458.698","596.426","41.5353","6.96403","135.5","229.336","458.671","0.5"
"43_TRLGL_RR_V4_an5","43_TRLGL_RR_V4","7.64","29.81","194","778","0.03795","5","False","24.87","25.11","28.25","28.47","648","654","737","742","43","STABLE","TRLGL","L","R","0.478401","0.271667","1.56663","0.85832","0.6635","3.37694","0.169003","0.109698","0.853701","0.236539","0.179855","1.1443","12.9688","8.11578","48.9562","24.4093","62.5334","0.408158","0.259729","5.54484","15.5264","25.628","69.1747","0.35151","0.269504","-0.17014","0.0938827","0.362075","0.404217","0.00107038","0.000573881","0.00226297","0.00000147506","0.0177659","0.0110424","0.053231","91522","2524.61","14497.9","95.3045","3.52288","2149.67","1621.06","6668.25","35.0403","0.891558","8.91083","30.2107","84.1491","9.6085","460.181","251.575","1615.52","460.202","601.559","11.1776","1.8581","61.6465","1445.03","460.201","3.14"
"43_TRLGR_RR_V1_an1","43_TRLGR_RR_V1","7.64","29.17","191","750","0.03846","1","False","9.85","10.37","18.35","18.58","248","261","469","475","43","STABLE","TRLGR","R","L","0.553017","0.401594","2.5874","0.483973","0.39713","2.41924","0.187456","0.130564","0.975152","0.157261","0.120682","0.865136","13.054","8.79181","53.9009","32.9403","69.3428","0.268084","0.160416","12.3019","15.192","42.9153","81.9147","0.276216","0.203612","-0.0366712","0.201036","0.465659","0.865196","0.0010892","0.00066701","0.00291037","0.00000163127","0.0173387","0.0129676","0.0642484","95185.6","8821.96","41984.9","94.2793","9.30739","3204.09","3145.58","19243","50.872","-10.3794","11.4977","43.3307","-110.437","11.2383","459.374","249.03","1855","459.371","604.715","7.97951","1.31955","52.7964","3666.02","459.401","7.98"
"43_TRLGR_RR_V1_an2","43_TRLGR_RR_V1","7.64","29.17","191","750","0.03846","2","False","19.63","20.04","24.12","24.36","502","513","619","625","43","STABLE","TRLGR","R","L","0.539265","0.374625","1.75327","0.609977","0.38267","1.90835","0.176267","0.120102","0.794625","0.162252","0.119308","0.695705","14.3106","9.78335","52.7704","16.453","66.7757","0.32897","0.163844","7.43009","18.0806","28.717","73.207","0.322699","0.20661","-0.202221","0.0916935","0.453184","0.469702","0.00126667","0.000566904","0.0028324","0.00000192582","0.0183953","0.0128123","0.0548396","89615.9","2898.67","12712.5","92.6852","4.10407","2438.72","1815.82","8095.13","37.9242","-20.2174","9.66062","36.5487","-117.174","9.43188","471.795","252.986","1669.15","471.848","604.36","9.97787","1.65098","49.7446","1925.11","471.841","4.08"
"43_TRLGR_RR_V1_an3","43_TRLGR_RR_V1","7.64","29.17","191","750","0.03846","3","False","25.99",NULL,NULL,"27.04","668",NULL,NULL,"695","43","UNSTABLE","TRLGR","R","L","1.19061","0.756573","4.15122","6.8437","5.30213","16.931","0.331626","0.223238","0.991323","0.629224","0.390537","2.16002","47.3843","21.8567","85.7155","114.981","84.3564","1.62671","0.619458","27.4103","10.9182","85.8143","48.29","1.17889","0.341145","-0.215744","0.0908208","0.431405","0.35154","0.0013484","0.00056763","0.00269628","0.00000214038","0.0172821","0.00955176","0.0380011","89654.7","3102.62","14063.3","91.2948","3.2274","1963.55","1794.7","6717.46","186.971","35.4019","67.343","90.5195","-83.9498","25.2308","580.308","444.202","4359.5","580.201","602.022","31.8399","5.28882","149.234","609.371","580.353","1.05"
"43_TRLGR_RR_V1_an4","43_TRLGR_RR_V1","7.64","29.17","191","750","0.03846","4","False","27.43",NULL,NULL,"28.02","705",NULL,NULL,"720","43","UNSTABLE","TRLGR","R","L","0.964945","0.34622","1.82995","5.99695","2.37295","8.67696","0.260097","0.167702","0.784256","0.388508","0.171121","0.930635","36.5306","20.2706","73.3071","102.079","98.5569","2.55934","0.227584","23.6105","20.1245","84.0847","71.8043","2.03843","0.532863","-0.179552","0.0641374","0.325438","0.229949","0.0011222","0.000400859","0.00203399","0.00000142003","0.0131048","0.00785164","0.0271505","90206.2","2542.69","11139.9","93.2074","2.74569","2127.13","1978.77","6731.84","55.0869","-39.9545","9.82984","16.869","-42.6222","4.0822","486.517","276.396","1664.3","485.811","597.883","14.5087","2.42669","58.2895","286.64","485.831","0.59"
"43_TRLGR_RR_V2_an1","43_TRLGR_RR_V2","7.63","28.97","193","753","0.03809","1","False","10.55","11.08","12.28","12.74","269","283","315","327","43","STABLE","TRLGR","R","L","0.557921","0.520363","2.49802","3.20787","3.60526","13.9772","0.21675","0.18605","1.23015","0.361459","0.250477","1.58377","15.1053","6.63933","39.4848","39.1855","33.1839","0.664886","0.334125","3.44055","7.71286","14.5157","26.65","0.425644","0.200217","-0.000452059","0.162107","0.42238","0.762865","0.000813765","0.000603575","0.00263987","0.00000102652","0.0155324","0.0126073","0.0502957","104238","5870.53","24723.7","108.124","4.09136","4203.83","5058.9","20524.7","21.3652","-52.091","5.48795","33.4528","-117.403","9.21728","474.319","249.599","1467.46","474.339","597.51","14.2673","2.38779","61.3413","569.259","474.382","1.2"
"43_TRLGR_RR_V2_an2","43_TRLGR_RR_V2","7.63","28.97","193","753","0.03809","2","False","13.37",NULL,NULL,"13.66","343",NULL,NULL,"351","43","UNSTABLE","TRLGR","R","L","1.23007","0.293419","1.90998","4.86847","2.48052","8.95359","0.31003","0.142576","0.608373","0.619868","0.227278","1.04976","14.0565","7.91699","27.7764","31.1746","43.0759","1.8839","0.115414","6.29163","10.4089","20.5087","34.6253","1.416","0.295972","0.068454","0.115278","0.279443","0.379906","0.000604471","0.000580313","0.00174652","0.000000702149","0.0249464","0.0190645","0.0502356","98673.7","2178.56","7438.97","90.1798","1.9217","1994.79","1481.23","4641.78","40.2745","-68.3976","10.2543","18.9204","-143.481","5.7828","536.092","271.734","1440.32","536.275","584.292","12.448","2.13043","35.7065","155.536","536.331","0.29"
"43_TRLGR_RR_V2_an3","43_TRLGR_RR_V2","7.63","28.97","193","753","0.03809","3","False","15.83","16.17","18.97","19.16","408","417","490","495","43","STABLE","TRLGR","R","L","0.96158","0.733774","3.16897","0.980011","0.532258","2.48371","0.275874","0.182597","0.844271","0.198871","0.121149","0.60581","15.9337","9.97084","51.226","19.4729","66.7974","0.493915","0.217721","5.24287","18.0761","18.9243","70.1287","0.43219","0.234797","-0.193967","0.0930663","0.520441","0.573319","0.00122781","0.00054816","0.00325276","0.00000180799","0.0160966","0.0132569","0.0556918","89799.5","2902.67","14595.5","92.1314","4.23297","2377.3","1993.98","11125.6","71.3384","-55.1833","13.8833","47.5483","-134.317","15.4096","501.022","267.697","1736.6","500.926","603.713","12.9086","2.13821","66.8344","1402.61","500.932","2.8"
"43_TRLGR_RR_V2_an4","43_TRLGR_RR_V2","7.63","28.97","193","753","0.03809","4","False","20.43","20.75","24.13","24.38","529","537","626","632","43","STABLE","TRLGR","R","L","0.772314","0.708877","3.42956","1.00368","0.614441","2.80114","0.227642","0.186761","0.968478","0.227298","0.152772","0.983932","16.1335","7.36508","41.034","33.7687","56.5595","0.475342","0.174095","8.33986","13.5502","29.9237","51.4857","0.385795","0.210456","-0.218935","0.135676","0.681261","0.737308","0.00137988","0.000829067","0.00425788","0.00000259143","0.0168911","0.0115607","0.0546456","90995.5","4564.6","26332.9","91.1822","3.05756","2570.26","2086.51","8661.3","58.779","-50.072","13.4191","39.5185","-144.406","12.1948","483.024","260.839","1661.07","483.042","603.924","11.552","1.91282","66.8344","1632.7","483.048","3.38"
"43_TRLGR_RR_V2_an5","43_TRLGR_RR_V2","7.63","28.97","193","753","0.03809","5","True","25.54","25.82",NULL,"28.97","663","670",NULL,"753","43","STABLE","TRLGR","R","L","0.88096","0.686408","3.96661","0.822505","0.535697","2.52391","0.247288","0.155111","0.90854","0.179395","0.119015","0.658842","9.76893","3.50042","17.3306","27.5757","23.9627","0.354003","0.17171","7.3176","6.05979","26.117","21.947","0.253267","0.137561","-0.171613","0.121816","0.365341","0.653831","0.00120545","0.000526277","0.00228338","0.00000173009","0.0162679","0.0119502","0.0595823","91096.3","4759.24","29219.7","92.4875","4.63969","3023.35","2208.78","9650.31","41.8698","-53.3059","10.8172","38.0064","-139.49","10.9724","496.859","260.189","1587.33","496.867","603.78","11.7496","1.94601","67.1396","1565","496.826","3.15"
"43_TRLGR_RR_V3_an1","43_TRLGR_RR_V3","7.62","28.85","189","744","0.03824","1","False","10.2","10.63","19.28","19.66","256","267","493","503","43","STABLE","TRLGR","R","L","0.88477","0.744395","4.56357","0.760613","0.51577","2.71949","0.263737","0.214509","1.94104","0.178804","0.107644","0.639262","20.6985","9.16052","44.6924","34.376","37.9987","0.385217","0.200552","13.2945","11.2522","61.885","45.4143","0.310377","0.192677","-0.059498","0.182039","0.460904","0.872962","0.00100641","0.000647975","0.00288065","0.00000143274","0.0170704","0.0126641","0.0607585","95482.9","7905.91","46296.3","95.209","8.85137","2755.05","3317.48","24171.1","52.7934","-7.458","10.9877","47.9006","-135.08","11.6997","485.029","259.635","1712.17","485.012","604.51","11.0172","1.82249","73.5483","4195.3","485.005","8.65"
"43_TRLGR_RR_V3_an2","43_TRLGR_RR_V3","7.62","28.85","189","744","0.03824","2","False","20.97","21.53","22.49","22.94","538","552","577","589","43","STABLE","TRLGR","R","L","1.69195","0.77931","4.03961","1.7993","1.31869","7.79233","0.526103","0.25238","1.15351","0.300979","0.168386","1.07229","17.5914","10.655","48.6744","52.74","25.3692","0.989791","0.398957","3.64826","3.98048","15.6223","15.827","0.342925","0.170966","-0.229039","0.0638248","0.421018","0.303556","0.00143149","0.000398905","0.00263136","0.0000022083","0.0133507","0.0102884","0.043162","89134.7","2616.4","9113.62","91.5426","3.77761","2680.12","2419.54","7988.23","80.4506","-13.4054","25.5633","37.8545","-112.517","10.1251","560.077","343.33","2441.34","559.899","598.801","38.9367","6.50244","160.525","537.484","559.88","0.96"
"43_TRLGR_RR_V3_an3","43_TRLGR_RR_V3","7.62","28.85","189","744","0.03824","3","False","23.36",NULL,NULL,"23.94","600",NULL,NULL,"615","43","UNSTABLE","TRLGR","R","L","0.936338","0.237501","1.66505","6.02096","2.43886","9.0913","0.229897","0.174678","0.796699","0.459536","0.19844","0.912321","36.5842","20.4197","72.8792","99.6878","99.1841","2.48146","0.146027","25.3794","20.7899","87.563","75.993","2.03302","0.291485","-0.238186","0.0692942","0.374185","0.258766","0.00148866","0.000433089","0.00233866","0.00000240369","0.0139496","0.011323","0.0373501","90240.6","2013.09","6187.02","93.3599","2.91551","2006.74","1746.22","6151.57","87.9679","-8.08603","20.6117","36.5964","-113.172","7.58581","524.451","308.203","1772.44","523.373","600.035","12.2885","2.04796","44.8618","303.563","523.384","0.58"
"43_TRLGR_RR_V3_an4","43_TRLGR_RR_V3","7.62","28.85","189","744","0.03824","4","False","25.3","25.67","27.59","27.86","651","661","711","718","43","STABLE","TRLGR","R","L","0.509391","0.428934","2.42448","0.840502","0.596479","2.3982","0.179926","0.134581","0.739347","0.212138","0.304268","2.89597","21.7079","6.54432","35.6382","14.9513","54.1417","0.565187","0.225818","5.86498","24.3679","23.827","78.7767","0.524077","0.183047","-0.182839","0.147921","0.504358","0.685389","0.00124514","0.000781154","0.00315224","0.00000216057","0.0205495","0.0147642","0.0586789","95104.4","5651.51","21317.3","92.7043","3.00577","3738.27","3378.01","15100.5","58.6078","-28.1223","16.5676","27.9736","-133.742","8.61692","465.537","256.232","1470.41","465.436","604.877","9.58101","1.58396","40.8945","893.579","465.406","1.92"
"43_TRLGR_RR_V4_an1","43_TRLGR_RR_V4","8.39","28.48","209","738","0.03791","1","False","10.56","10.95","11.15","11.38","266","276","281","287","43","STABLE","TRLGR","R","L","0.819162","0.379139","1.55689","1.66109","0.489264","2.47721","0.247623","0.162919","0.598794","0.303287","0.144241","0.677044","2.98022","1.76881","6.79028","1.37644","2.92072","0.554577","0.237323","1.3067","3.71649","4.00633","11.3447","0.60469","0.140878","-0.263205","0.0305151","0.311302","0.0878388","0.00164503","0.00019072","0.00194564","0.00000274251","0.0074757","0.00403304","0.0119054","101752","4532.9","13436.2","109.075","3.38272","6832.18","2458.92","11027.5","3.59551","-19.7084","0.77953","2.87791","-161.33","0.625352","467.867","246.321","1462.79","466.598","586.142","3.48952","0.595337","14.0381","93.3351","466.675","0.2"
"43_TRLGR_RR_V4_an2","43_TRLGR_RR_V4","8.39","28.48","209","738","0.03791","2","False","11.81","12.11","24.57","24.88","299","307","635","643","43","STABLE","TRLGR","R","L","0.789852","0.684161","4.13684","0.475548","0.504655","4.03791","0.242864","0.185794","1.86086","0.135565","0.0948896","0.833938","13.8135","9.22659","50.4644","25.4834","66.3442","0.279902","0.165617","7.43916","12.1681","33.9353","74.9153","0.242051","0.149948","-0.0943722","0.17354","0.430031","0.855359","0.00108011","0.000598062","0.0026877","0.00000152431","0.0152469","0.0120304","0.0656661","94939.8","5529.96","31002.4","95.5219","5.95332","2521.4","2362.63","15657.5","52.0173","-15.0566","8.72928","49.2083","-143.002","11.5437","480.684","254.433","1798.61","480.742","604.01","12.2771","2.0326","112.001","5989.5","480.698","12.46"
"43_TRLGR_RR_V4_an3","43_TRLGR_RR_V4","8.39","28.48","209","738","0.03791","3","True","26.09","26.47",NULL,"28.48","675","685",NULL,"738","43","STABLE","TRLGR","R","L","0.763169","0.670473","3.44554","0.870684","0.817292","3.28142","0.279826","0.199643","1.33549","0.185225","0.126018","0.658748","7.95858","1.66988","12.8656","12.6682","17.6352","0.346642","0.160654","4.87268","8.13585","14.9293","25.6663","0.315435","0.193217","-0.183095","0.0907093","0.372353","0.440948","0.00117061","0.000510493","0.00232721","0.00000163094","0.0166992","0.0137511","0.0614402","90762.7","2559.91","12783.9","93.6213","3.91864","2447.69","1798.26","6531.98","63.3702","-13.9561","13.2358","33.9303","-142.024","8.6495","480.439","263.76","1786.61","480.511","605.177","10.0165","1.65514","53.4067","965.746","480.471","2.01"
"45_MNTRL_RR_V1_an1","45_MNTRL_RR_V1","7.65","29.74","196","786","0.03742","1","False","10.45","10.86","13.73","13.91","270","281","358","363","45","STABLE","MNTRL","L","R","0.576611","0.354355","1.6801","1.5058","0.906424","5.03602","0.259584","0.178828","0.907468","0.303138","0.173583","1.00084","20.9545","12.7763","77.8367","22.6629","100.984","0.557544","0.383326","10.1088","28.2278","31.2593","116.639","0.587161","0.382853","0.0253489","0.211797","0.474659","0.80473","0.00107985","0.000781851","0.00296662","0.00000177736","0.0167914","0.0120066","0.0469841","96144.3","4884.59","20458.6","92.7917","5.36397","2649.75","2060.94","9638.93","36.0663","-69.4829","9.15417","42.7056","61.9251","14.4061","410.887","221.728","1418.32","410.856","678.596","16.3683","2.41209","84.2304","1179.11","410.84","2.87"
"45_MNTRL_RR_V1_an2","45_MNTRL_RR_V1","7.65","29.74","196","786","0.03742","2","False","18.31","18.87","22.26","22.54","480","495","586","593","45","STABLE","MNTRL","L","R","0.488479","0.29484","1.54957","1.09176","1.32619","6.65208","0.206335","0.117568","0.781239","0.244793","0.185888","1.14319","9.69063","4.59739","31.2459","20.7952","40.5663","0.30506","0.223586","6.2334","8.62885","24.999","32.756","0.238177","0.104993","-0.123597","0.179581","0.562482","0.977945","0.00118819","0.000666839","0.00351551","0.00000185647","0.0188253","0.013076","0.057941","91309.9","5442.52","31527.2","91.98","3.91925","2503.4","2480.13","13190.8","54.8927","-79.7518","12.507","31.9468","58.9168","8.1651","426.203","237.967","1476.48","426.281","678.242","12.159","1.79272","68.6655","1445.04","426.265","3.39"
"45_MNTRL_RR_V1_an3","45_MNTRL_RR_V1","7.65","29.74","196","786","0.03742","3","True","26.17","26.41",NULL,"29.74","690","697",NULL,"786","45","STABLE","MNTRL","L","R","0.372879","0.247359","1.18172","0.932996","0.997152","4.83455","0.163655","0.0905855","0.56284","0.206756","0.173106","1.0084","15.5719","8.29236","49.2088","27.7692","63.3571","0.3317","0.226868","9.50409","15.5498","33.678","63.414","0.321702","0.189019","-0.145388","0.178775","0.44372","0.851155","0.00128885","0.000642668","0.00277325","0.00000207415","0.017294","0.0132562","0.0624519","90735.3","5294.05","23441.7","90.8779","3.30048","2576.32","1634.11","6797.74","44.1676","-77.5472","9.70054","37.0026","56.175","12.4508","412.211","225.052","1641.79","412.209","679.202","11.5544","1.70118","80.5674","1372.63","412.201","3.33"
"45_MNTRL_RR_V2_an1","45_MNTRL_RR_V2","7.62","29.44","195","773","0.03771","1","False","10.4","10.81","14.44","14.65","268","279","375","381","45","STABLE","MNTRL","L","R","0.580594","0.367615","1.94618","1.48277","1.64971","8.511","0.20554","0.126633","0.807597","0.270705","0.186409","1.0365","10.3443","7.14252","37.6977","23.7875","45.4759","0.351617","0.297935","8.3225","6.83019","24.1677","35.2443","0.283666","0.178349","0.00103675","0.180283","0.517199","0.834573","0.00096023","0.000589577","0.00323249","0.00000126964","0.0158821","0.0121581","0.0565981","96758","5510.41","25206.3","95.6179","5.49503","2486.03","2086.44","10444.8","40.6592","-89.9267","9.21293","33.4046","96.5376","9.30981","446.114","240.768","1484.39","446.179","678.154","11.7987","1.73983","59.8154","1619.64","446.182","3.63"
"45_MNTRL_RR_V2_an2","45_MNTRL_RR_V2","7.62","29.44","195","773","0.03771","2","False","18.36","18.58","22.77","22.98","479","485","596","602","45","STABLE","MNTRL","L","R","0.423985","0.303366","1.49039","1.19734","1.62563","8.36841","0.184897","0.123222","0.752352","0.237996","0.197025","1.14763","9.55575","7.6867","49.4868","8.54856","63.2419","0.321315","0.355977","3.41198","11.2566","17.054","61.7643","0.305137","0.263298","-0.15698","0.154832","0.563786","0.952556","0.00124639","0.000587833","0.00352366","0.00000189904","0.0171012","0.0142214","0.0644032","88980","5828.93","28203.2","90.075","3.78838","2862.95","2341.9","10039.8","26.7746","-91.8889","5.15796","39.0326","85.3001","9.72107","434.483","233.583","1536.42","434.506","677.434","11.9627","1.76588","83.3139","1820.53","434.495","4.19"
"45_MNTRL_RR_V2_an3","45_MNTRL_RR_V2","7.62","29.44","195","773","0.03771","3","True","26.21","26.53",NULL,"29.44","687","696",NULL,"773","45","STABLE","MNTRL","L","R","0.679933","0.705368","4.83423","2.31431","1.33856","7.27918","0.282703","0.348537","3.97372","0.348901","0.203595","1.35495","23.6766","14.41","78.5668","28.9181","109.292","0.706855","0.372556","10.6601","31.7604","32.204","125.638","0.683084","0.349454","-0.17888","0.0936433","0.392127","0.47328","0.00113881","0.00054366","0.00245079","0.00000159246","0.0170509","0.0124873","0.0578823","87337.4","2668.28","13545.3","90.8559","4.28099","2389.69","1615.58","6856.93","70.0982","-91.8185","15.3139","54.7206","96","20.3359","442.671","245.228","1642.62","442.731","678.316","18.4743","2.72355","178.226","1288.27","442.704","2.91"
"45_MNTRL_RR_V3_an1","45_MNTRL_RR_V3","7.69","29.85","186","776","0.03754","1","False","10.72","11.23","14.98","15.24","266","280","380","387","45","STABLE","MNTRL","L","R","0.466894","0.352111","2.63635","1.08718","1.36903","6.94154","0.192338","0.121117","0.802796","0.243816","0.198064","0.996703","8.94381","6.47623","35.6836","12.055","42.2388","0.289389","0.314393","3.25105","8.34617","17.0323","37.49","0.227798","0.237414","-0.0133686","0.17655","0.423975","0.835589","0.000902075","0.00064095","0.00264984","0.00000122456","0.0150568","0.0111578","0.0542146","94153.1","6908.44","29235.5","91.663","4.73365","2296.16","1693.78","7822.62","40.0766","-82.7868","7.80392","42.5085","78.3491","9.7816","434.664","235.35","1578.64","434.707","679.04","14.1527","2.08422","72.0224","1630.19","434.717","3.75"
"45_MNTRL_RR_V3_an2","45_MNTRL_RR_V3","7.69","29.85","186","776","0.03754","2","False","18.78","19.16","23","23.32","481","491","593","602","45","STABLE","MNTRL","L","R","0.355876","0.237525","1.07325","1.07071","1.50582","7.19016","0.164096","0.103084","0.749492","0.190449","0.173098","1.27996","9.27819","4.44755","29.197","24.8949","35.051","0.265104","0.263693","6.41298","6.48364","20.3527","27.1963","0.216501","0.154821","-0.132635","0.168171","0.48363","0.954177","0.00120652","0.000579857","0.00302269","0.00000179193","0.0142351","0.0121331","0.0600949","90552.7","5219.33","24562.1","91.0622","3.74972","2392.21","1906.39","8255.18","46.1228","-94.1494","9.68848","34.9543","81.6147","9.88635","430.854","235.165","1487.91","430.867","677.519","8.5859","1.26726","51.5757","1654.66","430.902","3.84"
"45_MNTRL_RR_V3_an3","45_MNTRL_RR_V3","7.69","29.85","186","776","0.03754","3","True","26.76","27.02",NULL,"29.85","693","700",NULL,"776","45","STABLE","MNTRL","L","R","0.3507","0.307989","1.70754","1.01389","1.26598","5.62217","0.15995","0.104572","0.565102","0.183266","0.156846","1.08847","10.8493","4.97722","34.0972","27.5433","37.7662","0.278669","0.23395","9.59641","6.57634","29.7307","27.2957","0.249969","0.15029","-0.1447","0.156358","0.469284","0.86512","0.00117693","0.000622674","0.00293303","0.00000177289","0.0168718","0.0148","0.0709065","89037.6","4086.87","23707","90.2166","2.7718","2989.42","1948.13","8573.16","38.6685","-103.596","10.5028","29.1816","82.5451","8.57576","428.685","232.689","1427.3","428.66","678.008","9.80013","1.44543","70.4966","1213.12","428.663","2.83"
"45_MNTRR_RR_V1_an1","45_MNTRR_RR_V1","7.57","29.47","194","778","0.0375","1","False","10.83","11.04","12.14","12.3","280","286","315","320","45","STABLE","MNTRR","R","L","0.652516","0.448821","2.27558","2.17758","1.05231","4.44882","0.280818","0.231896","1.18222","0.395003","0.236128","1.66968","6.5338","3.48441","16.0036","5.09989","17.7673","0.404936","0.180064","3.87645","7.2818","11.2327","24.482","0.348693","0.128577","-0.0378183","0.178048","0.42551","0.726846","0.000912136","0.000679852","0.00265944","0.00000129419","0.0144253","0.010007","0.0396059","95466.2","4961.9","21322.9","98.9039","5.72931","2813.46","3942.1","21322.9","26.4386","-111.716","7.81977","34.6471","42.9624","11.3562","425.76","226.855","1322.41","425.887","680.903","15.8188","2.32321","82.0932","468.443","425.857","1.1"
"45_MNTRR_RR_V1_an2","45_MNTRR_RR_V1","7.57","29.47","194","778","0.0375","2","False","12.69","12.99","13.18","13.39","330","338","343","349","45","STABLE","MNTRR","R","L","0.535539","0.234288","1.33472","1.88751","0.575592","3.20367","0.205122","0.194716","0.743108","0.475976","0.210018","0.789137","2.42214","1.28716","4.79847","2.33883","4.33939","0.496974","0.0736117","1.99342","0.663562","6.15733","1.92367","0.348779","0.0875088","0.177643","0.0787023","0.309589","0.220212","0.00111027","0.000491889","0.00193493","0.00000147465","0.022013","0.0116378","0.0367019","97414.8","1939.38","5880.78","84.3738","1.76004","2497.14","1643.05","4621.62","7.11328","-124.1","2.00282","1.67307","34.2664","0.320251","420.286","221.725","1135.08","420.881","665.823","8.33665","1.25208","27.4668","79.9491","420.784","0.19"
"45_MNTRR_RR_V1_an3","45_MNTRR_RR_V1","7.57","29.47","194","778","0.0375","3","False","13.53","13.72","14.97","15.26","352","358","391","399","45","STABLE","MNTRR","R","L","0.505674","0.277132","1.54239","1.54822","1.21217","5.1773","0.183869","0.134404","0.691413","0.313926","0.212805","0.973553","9.63194","5.65372","32.2144","4.37906","41.6626","0.586162","0.418498","1.11901","8.71976","5.294","34.51","0.443543","0.297784","-0.201335","0.10101","0.502257","0.479532","0.00125834","0.000631315","0.00313911","0.00000198199","0.0176008","0.0164534","0.065224","87106.4","3256.12","14200.3","87.7839","2.92971","2237.7","1809.96","9422.55","38.592","-91.6296","12.1251","36.696","56.4366","10.6191","423.787","235.511","1585.92","423.983","682.945","15.1639","2.22036","63.1723","529.918","423.934","1.25"
"45_MNTRR_RR_V1_an4","45_MNTRR_RR_V1","7.57","29.47","194","778","0.0375","4","False","18.24","18.55","22.45","22.73","478","486","590","598","45","STABLE","MNTRR","R","L","0.44275","0.34373","2.08754","1.13661","1.28069","6.92273","0.161829","0.0992966","0.66037","0.252175","0.184245","1.13594","12.206","5.93783","36.8278","30.2097","48.8913","0.32823","0.324522","13.3632","11.7925","42.5903","46.6387","0.325813","0.239831","-0.135144","0.168559","0.482029","0.789524","0.00116424","0.000683991","0.00301268","0.00000182329","0.0191013","0.0137596","0.0547579","93513.3","5049.64","23078.1","93.9788","3.76848","2855.84","2375.89","10494.7","39.5005","-113.6","8.61088","33.7163","45.9247","10.1618","414.932","229.823","1552.1","414.972","686.184","12.286","1.79048","85.7563","1618.41","414.978","3.9"
"45_MNTRR_RR_V1_an5","45_MNTRR_RR_V1","7.57","29.47","194","778","0.0375","5","True","26.07","26.35",NULL,"29.47","687","694",NULL,"778","45","STABLE","MNTRR","R","L","0.364248","0.243267","1.3207","0.692989","0.636824","3.83118","0.146958","0.0856165","0.612957","0.204945","0.134747","0.91917","10.0306","6.47207","40.907","18.6015","46.0244","0.299366","0.244605","11.044","10.4461","27.984","51.9023","0.337771","0.213783","-0.181558","0.0948235","0.427315","0.545491","0.00116981","0.000520003","0.00267072","0.00000163887","0.0183077","0.0140129","0.0755927","87886.3","3476.11","15863.8","89.757","4.97651","2328.52","1712.52","7182.43","37.5636","-119.429","8.78163","33.5547","52.3405","9.33737","428.945","233.727","1540.17","428.979","686.22","11.205","1.63285","66.8344","1338.48","429","3.12"
"45_MNTRR_RR_V2_an1","45_MNTRR_RR_V2","7.66","29.09","193","765","0.03743","1","False","9.91","10.25","14.21","14.59","253","262","367","378","45","STABLE","MNTRR","R","L","0.511534","0.340154","1.82464","1.2124","1.47182","7.65298","0.181849","0.103781","0.592994","0.294941","0.253014","1.51446","9.71561","4.25887","30.6983","19.2693","37.9011","0.263956","0.230094","9.31016","8.19245","31.158","34.0683","0.24189","0.161684","-0.041223","0.150026","0.501107","0.847346","0.000806313","0.000543553","0.00313192","0.000000945589","0.0179689","0.0129839","0.0651034","95227.3","7018.75","29772","92.9958","4.94489","2575.89","2191.83","9542.45","43.0313","-106.971","8.0815","39.2963","1.67159","10.4091","409.503","223.01","1467.2","409.51","685.758","14.0933","2.05514","108.034","1621.62","409.5","3.96"
"45_MNTRR_RR_V2_an2","45_MNTRR_RR_V2","7.66","29.09","193","765","0.03743","2","False","18.3","18.7","22.52","22.82","477","487","590","598","45","STABLE","MNTRR","R","L","0.490616","0.337249","2.11893","1.24911","1.40321","7.10222","0.181426","0.125745","0.776218","0.277917","0.215115","1.23564","9.74633","6.62454","45.1843","17.6827","54.5539","0.345628","0.299922","6.12123","12.4123","19.3317","62.811","0.363935","0.229967","-0.141243","0.165258","0.468515","0.914549","0.00121002","0.000618013","0.00292822","0.00000184609","0.0183547","0.0149721","0.0567736","91177.9","4759.43","21877.3","92.6678","3.23036","2451.22","1843.83","9550.77","49.5427","-97.7364","8.12735","39.184","11.6725","10.1465","414.585","229.589","1442.19","414.538","685.975","12.3183","1.79574","76.6001","1583.53","414.537","3.82"
"45_MNTRR_RR_V2_an3","45_MNTRR_RR_V2","7.66","29.09","193","765","0.03743","3","True","26.05","26.75","28.38","28.68","684","703","746","754","45","STABLE","MNTRR","R","L","0.799639","0.488911","2.33312","3.68873","2.15152","10.2321","0.225444","0.15795","1.03888","0.497089","0.26404","1.60969","13.48","4.48865","28.2789","26.6803","33.2194","0.491237","0.175115","15.3589","19.2449","45.8253","60.87","0.860673","0.301391","-0.186143","0.0830115","0.356922","0.331967","0.00116339","0.000518822","0.00223076","0.00000162266","0.0161267","0.0124271","0.0420909","89361.4","2605.12","11383.4","91.1875","3.58689","2377.31","2079.55","8975.76","61.3243","-86.3786","13.7842","43.6741","13.9668","16.2722","418.73","231.605","1557.92","418.905","685.25","15.6616","2.28553","108.033","682.751","418.866","1.63"
"45_MNTRR_RR_V3_an1","45_MNTRR_RR_V3","7.61","28.69","200","762","0.03746","1","False","9.72",NULL,NULL,"10.25","256",NULL,NULL,"270","45","UNSTABLE","MNTRR","R","L","0.537587","0.281714","1.46662","3.2234","0.93026","4.80201","0.27495","0.203692","0.805071","0.443782","0.175575","0.90232","13.3721","7.39172","33.457","5.80311","48.5824","0.985543","0.555376","1.1718","14.3375","4.088","48.9297","0.952084","0.652243","-0.249827","0.0696054","0.362803","0.257474","0.00156142","0.000435034","0.00226752","0.00000262728","0.0137813","0.00833621","0.0277541","91401.5","2657.49","8712.61","96.0377","2.58552","3281.71","2385.08","7617.4","32.3074","-87.7541","9.03885","6.68549","-18.0985","1.81926","411.107","240.338","1400.06","411.076","681.247","18.3526","2.69397","65.9189","217.855","411.047","0.53"
"45_MNTRR_RR_V3_an2","45_MNTRR_RR_V3","7.61","28.69","200","762","0.03746","2","False","10.58","10.85","14.09","14.45","279","286","372","382","45","STABLE","MNTRR","R","L","0.401493","0.24469","1.19002","0.863275","1.09738","5.7253","0.159881","0.0949911","0.676339","0.233628","0.197038","1.21692","7.40937","4.92771","32.3584","17.4748","39.0291","0.257998","0.275663","4.77622","7.26501","21.0917","34.5763","0.213212","0.1979","0.0307542","0.215883","0.500525","0.841539","0.00117332","0.000693394","0.00312828","0.00000185747","0.0165243","0.0116359","0.0515251","96116.4","6425.56","22878.3","95.1088","4.31735","2299.21","1855.39","7526.75","45.2241","-108.283","9.8807","32.3295","1.31356","8.82127","411.529","225.169","1687.05","411.524","686.061","10.5477","1.53742","63.7827","1333.22","411.488","3.24"
"45_MNTRR_RR_V3_an3","45_MNTRR_RR_V3","7.61","28.69","200","762","0.03746","3","False","17.83","18.28","22.07","22.42","472","484","586","595","45","STABLE","MNTRR","R","L","0.366159","0.255443","1.32465","0.996218","1.27916","6.77379","0.147616","0.0912181","0.612501","0.248487","0.211603","1.70345","7.42702","5.83627","38.5044","13.0568","46.7036","0.295698","0.281072","1.85885","9.78895","6.03033","44.909","0.261788","0.19905","-0.140614","0.193759","0.556144","1.01277","0.00133571","0.000674349","0.0034759","0.00000223887","0.0198542","0.0137968","0.0609835","91379","4457.97","21005.5","92.5536","3.77585","2344.3","1700.87","7224.06","35.409","-103.886","7.17503","31.6603","1.79191","9.03625","408.553","224.936","1469.12","408.654","686.095","12.1356","1.76879","84.8398","1548.7","408.629","3.79"
"45_MNTRR_RR_V3_an4","45_MNTRR_RR_V3","7.61","28.69","200","762","0.03746","4","True","25.65","25.98",NULL,"28.69","681","690",NULL,"762","45","STABLE","MNTRR","R","L","0.359241","0.26689","1.52285","0.916404","0.808169","3.75149","0.160913","0.0933991","0.583546","0.222786","0.159417","1.0485","8.95101","4.74381","33.1135","15.5229","35.3678","0.257369","0.207888","4.38767","7.05457","12.882","34.5147","0.226","0.171591","-0.196573","0.0911374","0.397749","0.477052","0.0012422","0.000539273","0.00248593","0.00000183386","0.0192779","0.0139001","0.0574678","88121","2865.99","15435.3","90.2907","3.98464","2316.76","1954.61","9549.69","27.4056","-111.929","5.66642","29.4385","-1.18192","8.43465","416.361","235.955","1534.13","416.417","686.412","9.68544","1.41102","60.1206","1128.47","416.408","2.71"
"45_TRLGL_RR_V1_an1","45_TRLGL_RR_V1","7.6","29.81","195","786","0.03756","1","True","10.19","10.77",NULL,"29.81","263","279",NULL,"786","45","STABLE","TRLGL","L","R","0.287781","0.20535","1.50839","0.355976","0.378303","3.23698","0.143389","0.0902604","0.820756","0.142226","0.102232","1.0256","6.04009","2.95294","16.6453","21.1592","24.8237","0.142869","0.0753559","4.21613","5.60635","19.7797","26.099","0.163596","0.0920822","-0.154473","0.158154","0.631033","1.15367","0.0012238","0.000641465","0.00394396","0.00000190917","0.0182233","0.013913","0.0857779","89938.1","4774.84","29166.9","91.8099","4.95449","2154.56","1843.04","13295.4","55.5565","-96.6708","7.93636","42.9111","35.7254","9.76513","419.249","230.415","1880.67","419.241","679.254","7.17961","1.05698","68.9707","7982.58","419.253","19.04"
"45_TRLGL_RR_V3_an1","45_TRLGL_RR_V3","7.65","30.35","197","800","0.0376","1","False","8.34",NULL,NULL,"9.22","215",NULL,NULL,"238","45","UNSTABLE","TRLGL","L","R","0.647551","0.263798","1.20944","3.37009","1.06983","4.59628","0.21138","0.116442","0.58707","0.358272","0.138241","0.765106","8.80731","4.95977","26.7126","2.12672","36.3573","0.733042","0.386233","6.36118","12.1231","19.6603","44.4687","0.803616","0.355861","-0.163897","0.100335","0.320276","0.404328","0.00108028","0.000524926","0.00200173","0.00000144255","0.0188335","0.0143967","0.0500918","89727.2","1847.94","8197.64","99.5633","1.47953","2015.13","1528.24","4827.16","30.0945","-52.07","5.98149","34.2232","18.354","9.99708","408.167","229.2","1407.56","408.322","675.916","15.0382","2.22486","59.8154","359.257","408.247","0.88"
"45_TRLGL_RR_V3_an2","45_TRLGL_RR_V3","7.65","30.35","197","800","0.0376","2","False","10.22",NULL,NULL,"10.68","265",NULL,NULL,"277","45","UNSTABLE","TRLGL","L","R","0.641863","0.207211","1.14406","4.33751","1.53506","6.65126","0.206737","0.095718","0.487234","0.46288","0.197502","0.883313","10.3045","5.456","24.1434","4.06583","37.1328","0.903519","0.340183","4.70549","7.43823","15.3353","25.1497","0.660886","0.499864","-0.09526","0.114365","0.294405","0.344068","0.000715604","0.000594387","0.00184003","0.000000865386","0.0230165","0.0160808","0.0504011","94861","4147.53","14393.1","98.4581","4.96461","4679.83","3667.49","14393.1","29.1884","-53.3713","7.25254","7.37051","42.7861","1.99909","413.671","224.672","1349.02","414.085","669.062","12.5157","1.87064","45.7773","190.467","414.06","0.46"
"45_TRLGL_RR_V3_an3","45_TRLGL_RR_V3","7.65","30.35","197","800","0.0376","3","True","10.95","11.38",NULL,"30.35","284","296",NULL,"800","45","STABLE","TRLGL","L","R","0.279866","0.26329","1.80311","0.407345","0.47264","3.56422","0.164274","0.163924","1.39825","0.145754","0.127474","1.34919","8.4124","3.81736","17.1348","26.61","29.1385","0.14942","0.0864843","7.07688","10.0238","28.6837","48.6853","0.173325","0.101509","-0.164297","0.140132","0.542244","0.88217","0.00119404","0.000629112","0.00338902","0.0000018215","0.0173547","0.0128709","0.0653617","89991.7","5468.4","34862.5","91.0978","4.06495","2168.01","1736.54","10003.2","41.9673","-61.4287","9.28941","45.4035","23.1913","9.16966","405.449","221.163","1536.51","405.481","678.74","7.16115","1.05506","90.0288","7691.33","405.447","18.97"
"45_TRLGL_RR_V4_an1","45_TRLGL_RR_V4","7.12","29.97","183","789","0.03769","1","True","10.95","11.51",NULL,"29.97","284","299",NULL,"789","45","STABLE","TRLGL","L","R","0.27423","0.208471","1.70092","0.354319","0.349834","2.77637","0.15289","0.12853","1.49101","0.140055","0.125589","1.26712","8.43002","2.88841","13.4625","24.9827","22.6823","0.147269","0.0659353","7.62529","7.1431","32.1467","26.2377","0.173222","0.0815431","-0.176902","0.130929","0.465563","0.923971","0.00122512","0.000625418","0.00290977","0.00000189207","0.0189985","0.0143039","0.0668317","89347.4","4503.27","30693.2","90.7176","3.67787","1994.04","1533.66","8569.27","51.9331","-48.856","9.49087","39.1732","50.1708","9.29657","411.629","226.377","1665.51","411.663","679.14","7.01787","1.03335","63.1723","7598.72","411.632","18.46"
"45_TRLGR_RR_V1_an1","45_TRLGR_RR_V1","7.68","29.17","192","764","0.03755","1","True","10.5","10.97",NULL,"29.17","267","279",NULL,"764","45","STABLE","TRLGR","R","L","0.226186","0.184895","1.26818","0.247687","0.230084","1.98213","0.116796","0.0684939","0.563949","0.136182","0.105062","0.940356","5.91402","2.51189","15.0926","20.7424","25.8946","0.111251","0.0706576","5.21662","6.00531","27.0013","25.6327","0.132516","0.0870689","-0.152265","0.135563","0.470557","0.892966","0.00111922","0.000608979","0.00294098","0.00000162351","0.0178443","0.0126574","0.0681209","90831.7","5289.59","33804.6","92.4052","4.64192","2139.17","1767.51","11811","46.5697","-48.153","7.34589","33.7539","-1.96711","6.832","394.207","217.65","1590.87","394.231","687.421","5.63332","0.819486","55.542","7174.79","394.219","18.2"
"45_TRLGR_RR_V2_an1","45_TRLGR_RR_V2","7.62","29.32","196","772","0.03762","1","True","10.26","10.96",NULL,"29.32","266","284",NULL,"772","45","STABLE","TRLGR","R","L","0.200728","0.158735","1.11711","0.243517","0.24425","2.31228","0.107144","0.0619833","0.505199","0.135956","0.105706","1.02639","5.61816","2.71759","14.6819","22.8339","12.5794","0.114589","0.0514959","6.14619","4.23031","26.5443","18.1153","0.130841","0.0588127","-0.160504","0.134234","0.452744","0.897274","0.00116193","0.000600067","0.00282965","0.00000171016","0.016481","0.012341","0.0593253","90205.2","5835.88","33820.6","92.115","5.37208","2375.05","2011.96","16776.2","45.6568","-60.9845","8.01592","34.1681","11.2974","6.49257","397.62","218.426","1667.79","397.63","687.783","4.93104","0.716947","51.8799","7300.1","397.609","18.36"
"45_TRLGR_RR_V3_an1","45_TRLGR_RR_V3","7.68","29.8","194","781","0.03767","1","True","10.64","11.26",NULL,"29.8","272","289",NULL,"781","45","STABLE","TRLGR","R","L","0.186497","0.165401","2.10564","0.270479","0.278583","2.84587","0.110531","0.0694045","0.684562","0.136774","0.10745","1.16804","6.88952","2.99017","14.9626","20.1613","19.2978","0.128714","0.0602041","6.47163","5.19484","23.0423","23.4967","0.141748","0.076278","-0.163506","0.150409","0.521107","1.03233","0.00123546","0.000633744","0.00325692","0.00000192801","0.0172542","0.0131072","0.0733175","89048.8","5762.14","34400","90.3386","4.89389","2173.31","1632.04","9845.44","41.8342","-69.6361","8.27753","35.5019","10.0014","7.6467","391.822","215.98","1497.84","391.81","687.642","5.7573","0.837253","73.2431","7264.36","391.821","18.54"
"45_TRLGR_RR_V4_an1","45_TRLGR_RR_V4","7.79","29.65","199","780","0.03758","1","False","10.5",NULL,NULL,"11.9","271",NULL,NULL,"308","45","UNSTABLE","TRLGR","R","L","0.446788","0.231197","1.40866","2.68128","0.951928","5.30638","0.170769","0.143831","0.995962","0.378631","0.177839","1.13309","13.588","9.17812","48.0352","13.3077","56.8588","0.620973","0.440235","1.1837","13.253","5.201","55.1337","0.484883","0.496094","-0.0931803","0.0918238","0.366511","0.456267","0.000673185","0.000464054","0.0022907","0.000000668523","0.0151069","0.0127451","0.0479348","98704","6012.94","25816.5","104.983","4.06503","6364.61","5481.79","21483.2","34.5065","-55.8626","7.62824","18.2366","-6.814","4.66396","396.482","223.299","1398.24","396.37","685.354","12.2745","1.79097","55.8481","554.834","396.31","1.4"
"45_TRLGR_RR_V4_an2","45_TRLGR_RR_V4","7.79","29.65","199","780","0.03758","2","True","12.35","12.98",NULL,"29.65","320","337",NULL,"780","45","STABLE","TRLGR","R","L","0.20537","0.146459","1.1799","0.266391","0.250153","2.96276","0.114253","0.0687197","0.498163","0.132916","0.0918518","0.724277","6.69901","3.85258","20.2812","28.0354","16.7891","0.135326","0.0781932","6.56284","5.53534","32.5197","25.747","0.153576","0.0990754","-0.159863","0.135928","0.47264","0.888905","0.00116593","0.000600534","0.002954","0.00000172003","0.0183391","0.012962","0.0706452","90058.5","4201.41","27038.5","90.8496","3.62261","2203.3","1662.65","8443.48","52.2094","-60.3117","9.28111","32.1585","6.10786","7.73079","392.525","216.408","1467.36","392.556","687.649","5.9389","0.863653","64.6982","6543.34","392.522","16.67"
"47_MNTRL_RR_V1_an1","47_MNTRL_RR_V1","7.63","29.61","193","764","0.03849","1","False","9.79","10.08","11.54","11.76","249","256","294","300","47","STABLE","MNTRL","L","R","0.39979","0.309976","1.37058","1.26338","0.909224","4.53849","0.153058","0.150137","1.11383","0.262623","0.175862","0.854605","13.3765","6.60068","28.5084","34.8308","28.8715","0.59057","0.276395","12.0413","5.79519","39.7043","22.7647","0.462756","0.30467","-0.116897","0.102828","0.380873","0.456823","0.000800329","0.000553437","0.00238045","0.00000094682","0.0147738","0.0107075","0.0437081","97087.9","3715.36","16600.9","106.367","2.71273","4014.91","3136.59","14655.2","46.6764","-4.45858","14.3088","41.8125","49.0737","13.5109","367.205","203.292","1499.15","367.118","748.56","16.4774","2.20122","67.4448","536.005","367.127","1.46"
"47_MNTRL_RR_V1_an2","47_MNTRL_RR_V1","7.63","29.61","193","764","0.03849","2","False","12.12","12.43","12.81","13.18","309","317","327","337","47","STABLE","MNTRL","L","R","0.906732","0.26173","1.49172","2.97918","2.04537","9.70976","0.258593","0.196968","0.886765","0.481698","0.319626","1.49972","11.9607","6.65393","24.6868","8.09878","27.7754","1.23623","0.177216","2.51529","8.11646","8.628","27.6977","0.801285","0.187124","0.183716","0.0704046","0.294301","0.240648","0.00114823","0.000440028","0.00183938","0.00000151205","0.0139838","0.00864996","0.0304945","109924","1715.68","5627.06","102.178","1.02041","1708.15","1154.02","3579.11","28.9366","6.82379","8.18171","14.2588","26.6252","4.37409","361.213","199.643","1188.11","361.87","726.314","18.0532","2.4856","61.9516","137.511","361.87","0.38"
"47_MNTRL_RR_V1_an3","47_MNTRL_RR_V1","7.63","29.61","193","764","0.03849","3","False","13.75",NULL,NULL,"14.1","351",NULL,NULL,"361","47","UNSTABLE","MNTRL","L","R","1.50546","0.60875","2.5139","7.53489","3.90056","13.0822","0.345498","0.156291","0.721708","0.869359","0.442972","1.9563","22.8309","12.7078","43.4624","44.045","71.3927","2.41862","0.322874","8.12058","11.532","28.9697","41.5483","1.4819","0.347107","-0.0398788","0.078759","0.164157","0.226675","0.00042196","0.000355493","0.00102598","0.000000304425","0.0133753","0.0122429","0.0368075","98764.9","2459.28","9782.19","99.731","0.548173","1932.8","1911.82","6908.9","88.217","42.5519","18.9062","40.8184","49.5584","8.55549","538.608","463.087","3067.43","538.09","728.542","52.0492","7.1443","183.414","188.231","537.803","0.35"
"47_MNTRL_RR_V1_an4","47_MNTRL_RR_V1","7.63","29.61","193","764","0.03849","4","False","14.41",NULL,NULL,"14.65","369",NULL,NULL,"375","47","UNSTABLE","MNTRL","L","R","1.07317","0.571562","2.09787","3.92571","3.00999","11.8699","0.234072","0.117264","0.460688","0.750619","0.496547","1.73032","10.6721","5.48161","20.8087","31.4487","19.4094","1.61909","0.370379","5.81064","5.05251","18.3927","17.0783","1.15283","0.571611","-0.149562","0.0922953","0.258855","0.297127","0.00100311","0.000447562","0.00161784","0.00000120654","0.0143256","0.0161838","0.0482474","92461.2","1686.91","5094.01","100.405","0.41805","2267.74","960.41","4074.93","47.5015","6.32793","14.3889","8.20899","43.944","2.39749","412.033","230.316","1216.6","412.33","740.649","33.0238","4.45876","131.839","98.9352","412.23","0.24"
"47_MNTRL_RR_V1_an5","47_MNTRL_RR_V1","7.63","29.61","193","764","0.03849","5","False","17.85","18.12","19.91","20.13","458","465","512","517","47","STABLE","MNTRL","L","R","0.482801","0.357116","2.00393","1.20529","0.962186","4.10991","0.217369","0.244278","1.30347","0.257086","0.203129","1.07364","22.2454","12.0466","68.2984","26.7652","87.2723","0.822249","0.453473","10.5998","18.1019","36.7963","78.738","0.729253","0.52705","-0.135494","0.225081","0.594241","0.955636","0.00134079","0.000947835","0.00371401","0.0000026961","0.0168568","0.0138359","0.0600307","97428.1","6378.11","25918.5","95.1741","3.24409","3246.54","2465.28","8273.16","48.0712","-9.77831","13.7255","36.415","64.6001","10.4533","376.188","207.587","1344.64","376.214","748.369","16.1646","2.15998","68.0552","673.366","376.182","1.79"
"47_MNTRL_RR_V1_an6","47_MNTRL_RR_V1","7.63","29.61","193","764","0.03849","6","False","21.69","21.96","22.57","23.1","558","565","581","594","47","STABLE","MNTRL","L","R","0.594146","0.335543","1.75055","2.03046","1.7024","6.04415","0.314708","0.277876","1.11643","0.358499","0.204563","0.924469","6.14378","2.96013","15.5105","11.3674","15.9894","0.648995","0.377982","3.18117","6.57355","10.818","22.881","0.464714","0.275181","-0.28115","0.158212","0.787821","0.656886","0.00175718","0.000988824","0.00492388","0.00000406547","0.0165681","0.0190543","0.0694945","97780.5","5669","20443.1","95.651","3.29678","3319.95","2145.92","8517.64","35.3417","-49.4139","10.4339","30.3239","43.0246","9.53143","399.908","219.51","1171.96","399.575","728.172","34.1096","4.68428","130.312","243.72","399.541","0.61"
"47_MNTRL_RR_V1_an7","47_MNTRL_RR_V1","7.63","29.61","193","764","0.03849","7","True","25.88","26.57",NULL,"29.3","667","685",NULL,"755","47","STABLE","MNTRL","L","R","0.38137","0.370588","2.43919","0.812151","1.25494","5.21312","0.260534","0.318427","1.79005","0.161553","0.131343","0.64456","14.1728","8.8578","48.8583","19.4754","37.3038","0.346963","0.311279","6.74887","12.2805","20.1863","49.2613","0.286674","0.186061","-0.160649","0.180801","0.608919","1.04829","0.00131936","0.000737778","0.00380574","0.00000228504","0.0176256","0.0146657","0.0729554","95924.9","7039.86","30431.7","95.2545","3.67253","2650.73","1973.65","8228.95","32.8749","-32.285","9.81102","36.7042","40.3355","8.01281","375.718","206.234","1224.98","375.824","753.453","10.7868","1.43164","59.5102","1025.98","375.816","2.73"
"47_MNTRL_RR_V2_an1","47_MNTRL_RR_V2","7.84","29.65","190","758","0.03838","1","False","10.44","11.02","13.11","13.44","257","272","327","335","47","STABLE","MNTRL","L","R","0.391124","0.245768","1.54221","0.761841","0.540057","3.25455","0.175838","0.201024","1.17527","0.195357","0.13423","0.82173","18.2995","9.12971","47.6469","31.9465","57.5842","0.517702","0.333934","15.3145","12.812","43.6537","56.3723","0.436592","0.323198","0.0788935","0.179303","0.443429","0.635084","0.000958127","0.000762212","0.00277143","0.00000149897","0.012247","0.0103366","0.0368253","103313","6127.91","23834.5","103.402","3.56814","3232.21","3359.1","18816.6","44.377","-29.2252","14.4479","29.4286","61.746","7.23632","370.133","200.669","1446.36","370.163","750.146","15.894","2.11878","88.1977","773.65","370.167","2.09"
"47_MNTRL_RR_V2_an2","47_MNTRL_RR_V2","7.84","29.65","190","758","0.03838","2","False","18.73","19.12","19.98","20.26","473","483","506","513","47","STABLE","MNTRL","L","R","0.494116","0.249402","1.69425","1.50226","0.420969","2.50285","0.210428","0.229974","1.05986","0.346561","0.141955","0.749118","11.695","5.37785","28.2968","5.51417","39.7507","0.699235","0.261508","3.03063","8.57747","10.1667","32.2393","0.481406","0.384798","-0.211155","0.0683848","0.445214","0.335865","0.00131972","0.000427405","0.00278258","0.00000192434","0.0138417","0.0125042","0.0546941","90747.4","3008.31","11407.4","94.4106","4.28836","2267.46","1560.01","5720.89","17.2257","-34.3203","3.35889","5.7768","67.3602","1.4412","367.421","195.513","1161.31","367.399","749.334","24.9771","3.33324","107.729","315.985","367.424","0.86"
"47_MNTRL_RR_V2_an3","47_MNTRL_RR_V2","7.84","29.65","190","758","0.03838","3","False","20.82","21.05","22.71","23.17","528","534","577","589","47","STABLE","MNTRL","L","R","0.454237","0.314081","1.54105","0.884268","0.963137","5.70254","0.186646","0.165423","1.12611","0.194126","0.1799","0.886202","9.27297","6.36039","35.6671","10.2352","43.5602","0.475058","0.345709","3.38891","13.2233","13.123","52.403","0.423312","0.319455","-0.196304","0.0931411","0.459279","0.45166","0.0012269","0.000582132","0.00287049","0.00000184416","0.0174078","0.0129863","0.0484974","91665.5","2665.03","11745.1","94.625","3.74046","2576.32","1910.02","8665.78","34.0507","-25.8649","6.59935","30.5698","53.9183","8.46522","375.32","211.66","1978.79","375.141","746.646","27.4186","3.67223","153.506","622.769","375.162","1.66"
"47_MNTRL_RR_V2_an4","47_MNTRL_RR_V2","7.84","29.65","190","758","0.03838","4","True","26.6","26.92",NULL,"29","678","687",NULL,"741","47","STABLE","MNTRL","L","R","0.392728","0.281483","1.57355","0.800002","0.949227","4.63971","0.249539","0.348037","1.8843","0.177834","0.142956","0.802056","7.02067","4.02613","24.8676","18.8369","26.3582","0.282663","0.242309","5.93626","6.92782","21.6303","33.5413","0.295762","0.240432","-0.199657","0.315914","0.95186","1.52058","0.00182673","0.00145558","0.00594913","0.00000545565","0.0200796","0.0151978","0.0699115","97775.5","9391.79","29358.4","95.0628","4.45894","3534.77","3065.69","13440.4","33.4496","-25.0839","8.56","35.785","49.0348","9.64449","381.417","205.529","1285.79","381.404","752.165","11.5491","1.53545","56.7627","793.3","381.394","2.08"
"47_MNTRL_RR_V3_an1","47_MNTRL_RR_V3","7.65","29.52","192","766","0.03804","1","False","10.18","10.49","12.42","12.62","258","266","317","322","47","STABLE","MNTRL","L","R","0.515041","0.336323","1.80758","1.07165","0.962415","4.24742","0.261641","0.246709","1.5409","0.235041","0.176094","1.01218","24.3799","15.7791","79.6145","31.3709","101.903","0.730428","0.448089","9.35405","24.2507","38.117","98.875","0.687196","0.489824","-0.00612425","0.175951","0.397035","0.634083","0.00091385","0.000612925","0.00248147","0.0000012108","0.0138742","0.0104989","0.0467593","95108.5","5951.63","21637.4","97.2173","2.89726","3030.27","2148.18","7992.32","34.2122","-32.084","8.95725","45.1311","56.9094","14.7937","392.042","208.491","1404.82","392.22","748.522","20.1067","2.68619","133.06","756.891","392.171","1.93"
"47_MNTRL_RR_V3_an2","47_MNTRL_RR_V3","7.65","29.52","192","766","0.03804","2","False","18.28","18.57","19.74","19.9","471","479","509","514","47","STABLE","MNTRL","L","R","0.590979","0.300045","1.61806","1.68727","0.860838","4.20505","0.218845","0.220344","1.02899","0.317816","0.150589","0.75194","20.9245","10.2212","56.2964","24.8166","74.7684","0.94875","0.513646","7.15969","20.7113","22.7567","76.7153","0.764131","0.640034","-0.164935","0.08031","0.374485","0.370326","0.00103084","0.000501937","0.00234053","0.00000131457","0.0149343","0.0108882","0.0391213","92693.1","3772.35","20837","97.6976","4.04027","2981.8","3082.23","15941.7","46.5673","-17.5349","14.7124","20.6565","69.7364","3.71427","391.85","222.856","1285.78","391.855","747.645","23.6079","3.15764","123.903","458.372","391.771","1.17"
"47_MNTRL_RR_V3_an3","47_MNTRL_RR_V3","7.65","29.52","192","766","0.03804","3","False","20.58","20.75","22.37","22.72","531","536","578","588","47","STABLE","MNTRL","L","R","0.469925","0.325907","1.68108","1.18222","1.31137","7.30547","0.180271","0.174255","1.49932","0.248262","0.198269","0.927632","11.217","6.6292","38.7289","18.1131","49.2276","0.581628","0.532123","3.27055","13.2798","17.5843","57.6243","0.562769","0.463377","-0.180052","0.0916052","0.423665","0.420289","0.00112533","0.000572532","0.0026479","0.00000159416","0.0135162","0.0100489","0.0381579","92590.1","2515.14","11136.9","96.3911","3.83781","2753.11","1756.01","7160.9","37.286","-11.461","7.95578","34.4023","62.2855","9.22224","381.653","208.954","1131.78","381.732","742.74","28.8508","3.88438","118.714","618.304","381.669","1.62"
"47_MNTRL_RR_V3_an4","47_MNTRL_RR_V3","7.65","29.52","192","766","0.03804","4","True","26.32","26.64",NULL,"29.1","682","691",NULL,"755","47","STABLE","MNTRL","L","R","0.50972","0.373632","2.03555","0.758268","0.609532","2.78198","0.255471","0.286607","1.86349","0.177052","0.133539","0.714425","8.23621","5.02631","30.8897","10.6091","46.3334","0.373146","0.244304","3.56362","11.9263","11.7763","55.9367","0.366473","0.256968","-0.199501","0.302777","0.955117","1.33843","0.00165422","0.00154896","0.00596948","0.00000513573","0.024166","0.0176993","0.0733734","97422.9","8171.88","29054.8","93.8548","3.27685","2898.53","2828.54","13634.2","29.0702","-29.6748","7.25768","38.4939","45.7896","12.141","375.296","201.131","1328.03","375.258","754.023","14.848","1.96917","86.6718","923.053","375.225","2.46"
"47_MNTRL_RR_V4_an1","47_MNTRL_RR_V4","7.63","29.75","193","771","0.03825","1","False","10.5","10.9","14.36","14.86","268","278","368","382","47","STABLE","MNTRL","L","R","0.32663","0.217309","1.19874","0.454476","0.294316","1.54123","0.130588","0.0892173","0.550729","0.136999","0.0842006","0.569102","6.60831","3.04202","14.6827","16.5864","15.2474","0.211394","0.157581","4.95682","3.87895","16.159","14.999","0.159533","0.0798803","0.0361918","0.158094","0.496477","0.726333","0.000795314","0.000628459","0.00310298","0.00000102749","0.0148734","0.0106802","0.0562756","101182","4527.58","20166.4","100.906","5.00435","2641.48","1984.03","8715.23","28.2764","-17.6214","6.91742","37.5941","47.755","9.82693","375.485","203.863","1290.72","375.476","752.654","11.1538","1.48192","74.1587","1299.27","375.511","3.46"
"47_MNTRL_RR_V4_an2","47_MNTRL_RR_V4","7.63","29.75","193","771","0.03825","2","False","18.76","19.56","19.97","20.42","483","504","515","527","47","STABLE","MNTRL","L","R","0.159547","0.0954464","0.45271","0.823641","0.470987","1.60984","0.089722","0.0546705","0.29183","0.190962","0.0948856","0.438477","3.85982","1.45206","7.99162","8.77772","4.76811","0.430246","0.133915","3.00178","1.08003","9.97233","3.57733","0.291699","0.0536676","-0.197959","0.0736722","0.340792","0.271515","0.00123724","0.000460451","0.00212995","0.00000174278","0.0132617","0.0126633","0.0443652","92903.9","3634.6","10046.8","98.43","3.01094","2670.79","1567.1","5472.94","14.1795","-18.4523","3.62897","1.47081","63.7287","0.281113","357.606","196.997","1140.86","357.431","746.953","10.4614","1.40054","46.6919","146.556","357.454","0.41"
"47_MNTRL_RR_V4_an3","47_MNTRL_RR_V4","7.63","29.75","193","771","0.03825","3","False","20.83","21.05","22.66","23.07","538","543","585","596","47","STABLE","MNTRL","L","R","0.392325","0.261622","1.63555","1.16384","1.07737","6.12977","0.179691","0.134973","0.992728","0.247378","0.176634","0.77353","11.0668","5.72021","28.5741","6.78339","40.2761","0.578745","0.339333","4.34523","12.9866","13.7487","42.2817","0.560927","0.247623","-0.0914384","0.151361","0.369375","0.646584","0.000938136","0.00058432","0.00230859","0.00000122153","0.0161072","0.0118769","0.049554","95088.6","5900.3","22934.1","96.4172","3.17937","2153.63","1709.46","8788.62","41.8219","-12.2867","9.76276","39.4547","29.0596","10.2121","371.339","207.599","1248.76","371.05","746.509","17.4153","2.3329","85.4502","597.387","371.048","1.61"
"47_MNTRL_RR_V4_an4","47_MNTRL_RR_V4","7.63","29.75","193","771","0.03825","4","True","26.49","26.96",NULL,"29.1","686","698",NULL,"754","47","STABLE","MNTRL","L","R","0.243365","0.146583","0.794416","0.547092","0.29818","1.38732","0.110091","0.0643654","0.459193","0.1253","0.0731367","0.486923","11.8324","4.40219","21.5265","23.4188","29.8633","0.258929","0.148748","6.51521","8.87088","23.5943","35.367","0.248068","0.105752","-0.181521","0.154676","0.633876","0.690337","0.00118428","0.00090507","0.00396173","0.00000222166","0.0164068","0.0112225","0.0389854","94043.7","5173.06","23067.7","93.9492","3.31054","2460.12","1937.19","6887.83","32.6957","-21.9422","8.1136","27.1573","56.218","7.30209","362.531","198.65","1223.4","362.413","754.516","9.19778","1.21903","55.2378","775.618","362.438","2.14"
"47_MNTRR_RR_V1_an1","47_MNTRR_RR_V1","7.61","29.25","191","752","0.03855","1","False","10.36","10.61","11.59","11.64","262","268","294","295","47","STABLE","MNTRR","R","L","0.577383","0.398322","2.24474","1.95049","1.69287","7.69475","0.179157","0.121461","0.722831","0.337963","0.256307","1.67932","14.421","8.65739","41.6928","27.7958","44.8091","0.764234","0.365217","9.17562","13.8601","27.3413","48.245","0.612913","0.426469","-0.0926483","0.0815595","0.268255","0.363036","0.000654967","0.000407629","0.0016766","0.000000595143","0.0136502","0.0100122","0.0365272","95549.3","3798.7","14606.3","106.627","2.43577","3605.38","2848.63","11665.1","70.6006","-20.465","16.9412","36.4598","-69.8029","9.46948","390.798","215.314","1616.89","390.754","747.446","21.4879","2.87484","83.0097","383.002","390.818","0.98"
"47_MNTRR_RR_V1_an2","47_MNTRR_RR_V1","7.61","29.25","191","752","0.03855","2","False","12.22","12.33","13.41","13.5","310","313","341","343","47","STABLE","MNTRR","R","L","0.485719","0.27766","1.37836","2.5862","1.95452","8.06196","0.149004","0.0777849","0.422726","0.374908","0.2472","1.45227","13.4902","8.84061","46.5955","8.09367","59.3569","0.845032","0.5004","2.20646","11.8396","8.42967","47.9427","0.655096","0.533752","0.124342","0.122873","0.348606","0.497079","0.000869632","0.000661389","0.00217879","0.00000119369","0.0185669","0.0115384","0.0463531","104451","4216.79","16365.6","94.913","3.7307","2373.61","1480.55","6099.53","53.3185","-22.91","14.4498","14.6141","-75.5095","2.53726","372.023","208.242","1270.44","371.796","742.605","23.3306","3.14173","100.71","401.503","371.762","1.08"
"47_MNTRR_RR_V1_an3","47_MNTRR_RR_V1","7.61","29.25","191","752","0.03855","3","False","18.7","19.14","21.74","21.94","478","490","557","562","47","STABLE","MNTRR","R","L","0.302148","0.276859","1.81734","0.763746","0.734996","4.19019","0.116107","0.0821115","0.607357","0.179936","0.135097","0.836326","13.3711","8.97032","53.6566","19.7371","61.7294","0.491138","0.34137","6.78538","15.9724","28.564","70.9597","0.416227","0.273129","-0.176576","0.301945","0.798226","1.39654","0.0017253","0.00134262","0.00498891","0.00000477928","0.0190744","0.0166088","0.056328","96236.4","7117.48","25176.6","93.1465","4.59754","3597.88","2834.61","12798.7","33.4715","-48.1913","9.38469","13.8598","-77.9437","1.70295","360.68","197.732","1280.07","360.693","754.236","14.2273","1.88632","67.7509","937.816","360.699","2.6"
"47_MNTRR_RR_V1_an4","47_MNTRR_RR_V1","7.61","29.25","191","752","0.03855","4","True","26.63","26.85",NULL,"29","684","690",NULL,"745","47","STABLE","MNTRR","R","L","0.413926","0.294038","1.51786","0.868859","0.718507","4.56027","0.127647","0.0772912","0.448247","0.164154","0.095902","0.599584","14.6604","4.47522","26.4149","16.7129","41.0091","0.543347","0.227567","4.96767","17.0319","18.6883","55.2107","0.496077","0.142195","-0.191917","0.116666","0.662205","0.729105","0.00121442","0.000704008","0.00413878","0.00000197043","0.0178825","0.0150651","0.0567667","90739.2","3695.63","24700","95.1687","4.595","2321.34","1868.99","10570.7","59.0187","-30.4924","15.1276","44.4583","-56.1352","17.0406","376.55","210.312","1276","376.422","753.1","13.1031","1.73989","64.393","809.363","376.448","2.15"
"47_MNTRR_RR_V2_an1","47_MNTRR_RR_V2","7.13","29.73","178","770","0.03814","1","False","10.82","11.13","14.4","14.83","274","282","368","379","47","STABLE","MNTRR","R","L","0.371751","0.306031","1.52625","0.52114","0.552632","2.84756","0.124399","0.0837759","0.453954","0.144241","0.0926459","0.622088","4.87279","2.64792","13.6483","11.6082","20.2362","0.2118","0.149002","3.15217","5.36267","14.4773","22.417","0.170725","0.0942982","0.00944798","0.208148","0.469122","0.814079","0.00112016","0.000664191","0.00293201","0.0000016959","0.0169741","0.0114105","0.0451823","98855.5","6405.04","26166.5","98.2879","3.31846","1923.79","1551.69","7733.58","22.2113","-52.5368","4.84938","36.1547","-59.1799","10.798","376.316","199.514","1275.01","376.203","753.08","11.2303","1.49125","59.2051","1230.21","376.21","3.27"
"47_MNTRR_RR_V2_an2","47_MNTRR_RR_V2","7.13","29.73","178","770","0.03814","2","False","18.87","19.14","22.35","22.73","485","492","577","587","47","STABLE","MNTRR","R","L","0.372992","0.305638","1.55294","0.751658","0.82714","3.93724","0.131064","0.0831968","0.455196","0.157404","0.115257","0.708159","7.14407","2.33054","17.3066","11.3864","20.8854","0.227155","0.167719","3.99464","5.96441","13.28","21.9077","0.189607","0.11979","-0.167858","0.164321","0.430515","0.792925","0.00133351","0.000614119","0.00269072","0.00000215538","0.0179237","0.0161775","0.107235","90232.2","4919.87","25861.5","91.9837","5.17194","2480.42","2118.72","9802.55","36.8383","-51.7552","7.50701","38.3584","-67.8817","10.5976","371.754","200.145","1287.6","371.855","752.53","13.1423","1.74641","92.7753","1193.58","371.832","3.21"
"47_MNTRR_RR_V2_an3","47_MNTRR_RR_V2","7.13","29.73","178","770","0.03814","3","True","26.55","26.87",NULL,"29.1","687","695",NULL,"754","47","STABLE","MNTRR","R","L","0.34016","0.218113","1.44671","0.550478","0.618933","3.16514","0.125508","0.0749425","0.374767","0.170962","0.1254","0.709799","7.34149","4.15047","20.5989","15.4073","26.9238","0.256141","0.102684","4.76319","6.23935","20.0153","19.4303","0.242015","0.102121","-0.158062","0.137312","0.37613","0.678323","0.00116938","0.000587343","0.00235081","0.00000171242","0.018364","0.014823","0.0724203","90263.9","4202.88","25588.9","92.9077","3.99457","2576.8","1886.67","8643.89","34.0001","-45.0229","8.45919","33.6824","-68.9673","8.9932","365.384","198.204","1282.16","365.482","753.511","12.0554","1.5999","66.8344","814.915","365.433","2.23"
"47_MNTRR_RR_V3_an1","47_MNTRR_RR_V3","7.89","29.41","197","764","0.03794","1","False","11.06","11.31","14.39","14.81","280","287","368","379","47","STABLE","MNTRR","R","L","0.430468","0.315513","1.48546","0.665726","0.605358","3.14865","0.134394","0.0770818","0.487035","0.146867","0.0965024","0.579527","6.34883","2.84356","16.624","14.8516","18.9217","0.295325","0.169318","5.67982","4.79775","20.154","19.5877","0.254352","0.111691","0.0786235","0.187596","0.483172","0.775534","0.00108047","0.000669884","0.00301982","0.00000161616","0.0170135","0.0125122","0.0500324","99772.8","5570.04","21211.4","99.0939","6.41018","2437","2227.16","12124.1","38.3382","-47.5301","9.93832","40.0872","-59.3836","11.3225","387.609","206.667","1309.75","387.733","752.561","12.9057","1.71491","78.7373","1194.01","387.665","3.08"
"47_MNTRR_RR_V3_an2","47_MNTRR_RR_V3","7.89","29.41","197","764","0.03794","2","False","18.68","19.16","21.23","21.49","481","494","548","555","47","STABLE","MNTRR","R","L","0.349551","0.175728","1.01659","1.04966","0.986239","3.44049","0.142437","0.0767184","0.400742","0.194109","0.12661","0.708185","13.1943","9.53769","51.4683","6.45522","63.3207","0.438595","0.347171","3.29354","14.5411","14.777","58.712","0.363018","0.322883","-0.195792","0.0888264","0.367262","0.36816","0.00122391","0.000554715","0.00229539","0.00000180566","0.0171829","0.0107646","0.0431724","88653.9","3242.56","14025.8","91.4933","4.17094","2232.83","1907.02","9286.14","33.1062","-49.3516","6.7753","19.6241","-80.8994","5.357","362.67","198.72","1301.87","362.647","751.89","12.1782","1.61968","90.333","750.624","362.62","2.07"
"47_MNTRR_RR_V3_an3","47_MNTRR_RR_V3","7.89","29.41","197","764","0.03794","3","True","26.54","26.86",NULL,"29","688","696",NULL,"753","47","STABLE","MNTRR","R","L","0.452659","0.320376","1.71835","0.655464","0.712775","3.65584","0.140789","0.0779871","0.499993","0.167976","0.136158","0.795008","6.31231","4.12684","19.6297","20.2218","16.5828","0.24474","0.163231","6.5499","2.10141","19.2767","10.045","0.177523","0.097821","-0.118643","0.186348","0.423466","0.786683","0.00121901","0.000648331","0.00264666","0.00000190632","0.0207168","0.0150066","0.0609293","92969.5","6353.07","27399.7","95.1759","4.74184","2356.62","2140.86","11078.1","41.8368","-41.8425","10.2532","36.3708","-64.4204","9.20661","386.795","209.605","1415.12","386.855","753.76","11.4449","1.51838","56.7627","827.706","386.778","2.14"
"47_MNTRR_RR_V4_an1","47_MNTRR_RR_V4","7.56","29.59","190","767","0.03814","1","False","10.58","10.99","14.27","14.73","269","279","365","377","47","STABLE","MNTRR","R","L","0.351074","0.31041","2.08798","0.640536","0.568791","3.05507","0.121693","0.0855302","0.605199","0.177518","0.132526","0.643499","5.16279","2.26141","14.0591","13.9848","12.0881","0.256579","0.114468","3.06472","3.2092","12.135","12.74","0.190193","0.0742849","0.0315488","0.163454","0.344858","0.654528","0.000887048","0.000543756","0.00215536","0.00000108252","0.0178976","0.0116229","0.0397051","100317","6110.02","24332.2","98.1994","3.69633","2567.94","2114.63","11988.4","39.7969","-54.2527","9.31978","33.4461","-75.1045","8.10657","376.553","204.424","1483.86","376.633","753.475","10.5683","1.40261","68.3603","1235.19","376.581","3.28"
"47_MNTRR_RR_V4_an2","47_MNTRR_RR_V4","7.56","29.59","190","767","0.03814","2","False","18.69","19.06","20.15","20.34","481","491","520","525","47","STABLE","MNTRR","R","L","0.464367","0.335392","1.61482","1.16519","0.841883","3.13421","0.136868","0.0828719","0.418736","0.219746","0.143525","0.692478","7.48918","4.46821","20.9236","19.2933","24.7326","0.438135","0.219373","6.81905","7.51331","22.6647","28.371","0.404602","0.220122","-0.17747","0.0724381","0.298849","0.271099","0.00110919","0.000452738","0.00186781","0.00000143527","0.012433","0.00846032","0.0376657","89295.7","2590.76","9232.29","92.0217","3.14417","2574.6","1705.49","6918.78","31.7869","-48.8469","6.73183","31.3766","-75.133","9.72723","373.619","197.995","1276.86","373.842","749.272","18.2871","2.44065","80.8735","407.415","373.775","1.09"
"47_MNTRR_RR_V4_an3","47_MNTRR_RR_V4","7.56","29.59","190","767","0.03814","3","False","20.77","20.98","22.52","22.87","536","541","582","591","47","STABLE","MNTRR","R","L","0.524226","0.344549","1.60391","1.34466","1.32835","5.14633","0.160713","0.103207","0.588383","0.227482","0.168308","0.780352","9.28332","4.46566","23.9639","10.7573","33.2049","0.513088","0.272163","3.07693","12.0962","9.999","42.76","0.518276","0.260318","-0.107572","0.191346","0.520048","0.824276","0.00122359","0.000620524","0.0032503","0.00000188222","0.0166944","0.0129086","0.0684409","94604.4","5662.16","22293.2","93.2687","4.35095","2541.54","1897.87","8863.12","28.1949","-25.6472","7.38749","37.3335","-48.0829","9.2577","372.438","207.065","1423.54","372.596","747.473","25.5029","3.41188","119.326","573.649","372.5","1.54"
"47_MNTRR_RR_V4_an4","47_MNTRR_RR_V4","7.56","29.59","190","767","0.03814","4","True","26.49","26.87",NULL,"29.2","686","696",NULL,"757","47","STABLE","MNTRR","R","L","0.422325","0.258388","1.27997","0.607974","0.624069","3.13416","0.132679","0.0804138","0.42874","0.171571","0.117371","0.595041","5.32846","3.91667","22.4224","8.26694","21.9252","0.212777","0.197256","2.67658","6.62849","9.51733","23.5707","0.165651","0.0920403","-0.15153","0.203635","0.648392","1.01632","0.00131819","0.000882678","0.00405245","0.00000251674","0.0195535","0.0140521","0.0564498","95175.2","7105.44","28897.4","93.2829","4.09178","3025.81","2484.49","10307.3","26.2005","-39.4006","5.34874","28.5093","-68.9348","6.92642","371.003","196.763","1285.59","371.132","754.125","9.85352","1.30662","45.7764","864.627","371.085","2.33"
"47_TRLGL_RR_V1_an1","47_TRLGL_RR_V1","7.95","30.54","191","788","0.03782","1","False","10.62",NULL,NULL,"12.36","261",NULL,NULL,"307","47","UNSTABLE","TRLGL","L","R","0.681906","0.528444","3.20517","2.89793","1.54617","8.69","0.300925","0.320544","1.91857","0.365237","0.16477","0.857234","20.6957","6.77609","42.7769","36.0679","58.3399","0.87381","0.305445","17.7987","21.6233","48.6053","68.4083","0.833255","0.313532","-0.00272998","0.135689","0.371924","0.600207","0.000645833","0.000549897","0.00232452","0.000000719487","0.0142317","0.0106828","0.0438656","100045","4570.75","18985.3","102.97","4.11058","4511.59","3896.9","16411.1","69.3337","-25.8845","22.4035","56.773","78.8098","21.281","392.189","213.655","1549.99","392.215","749.737","28.4878","3.79971","127.871","682.443","392.209","1.74"
"47_TRLGL_RR_V1_an2","47_TRLGL_RR_V1","7.95","30.54","191","788","0.03782","2","True","12.84","13.46","30.14","30.4","320","336","777","784","47","STABLE","TRLGL","L","R","0.279918","0.199897","2.34094","0.416174","0.380201","2.60768","0.114594","0.0835307","1.35628","0.122567","0.0866331","0.771041","15.5764","12.5563","87.3695","67.021","92.1271","0.250033","0.178804","11.4272","15.9101","74.7557","103.257","0.272331","0.20124","-0.156777","0.133824","0.64622","1.20767","0.00109768","0.000674378","0.00403887","0.00000165969","0.0163176","0.0128256","0.0965269","94193.7","3467.29","24751","97.5448","3.55489","2271.15","1864.12","14843.2","65.5202","-39.7935","11.8074","45.4655","81.3148","13.1242","374.669","203.933","1383.4","374.692","753.467","8.86321","1.17632","91.5546","6249.39","374.663","16.68"
"47_TRLGL_RR_V2_an1","47_TRLGL_RR_V2","7.56","30.19","193","779","0.03858","1","True","10.45","11.35",NULL,"26.9","267","291",NULL,"694","47","STABLE","TRLGL","L","R","0.317466","0.203977","1.49114","0.417148","0.270512","2.39023","0.128404","0.101295","0.966035","0.114688","0.0712671","0.553944","17.5737","8.1328","42.1078","66.3021","34.0647","0.223305","0.1085","22.3561","6.86849","83.0993","31.2643","0.220862","0.105499","-0.126677","0.132689","0.456155","0.829442","0.000992599","0.00057387","0.00285097","0.00000131458","0.0160128","0.0127874","0.0653984","93215","4950.41","27832.2","95.6736","4.23556","2067.9","1529.54","7689.29","83.3724","-30.8706","17.2474","44.073","78.1294","10.7892","379.599","204.03","1531.78","379.62","753.622","8.9546","1.18821","78.7373","5902.83","379.603","15.55"
"47_TRLGL_RR_V3_an1","47_TRLGL_RR_V3","7.65","30.38","192","784","0.03834","1","True","10.37","11.06",NULL,"30.38","262","280",NULL,"784","47","STABLE","TRLGL","L","R","0.248111","0.167834","1.09825","0.334601","0.304464","2.11216","0.115512","0.0889646","1.02492","0.104853","0.068644","0.58846","9.38688","6.82676","41.0006","29.1047","49.7044","0.172065","0.104098","6.0008","9.08986","33.164","51.546","0.172938","0.100388","-0.135518","0.129414","0.455498","0.883717","0.00103554","0.000547053","0.00284687","0.00000137161","0.0152633","0.011787","0.0754526","94209.4","4925.83","27544.8","98.2145","5.01098","2191.27","1763.98","10786.4","40.8971","-50.7696","7.64644","47.7958","76.2581","11.2603","377.668","205.169","1457.31","377.682","753.814","6.69179","0.887725","54.3222","7296.6","377.671","19.32"
"47_TRLGL_RR_V4_an1","47_TRLGL_RR_V4","7.55","30.3","190","785","0.03818","1","False","10.78","12.71","21.3","22.57","274","325","550","583","47","STABLE","TRLGL","L","R","0.34299","0.263292","2.02741","0.49921","0.324262","1.74335","0.179106","0.175035","1.76963","0.138786","0.0930465","0.532987","18.9335","7.92668","41.0842","62.2991","37.6312","0.30319","0.191873","19.3121","9.16025","75.0233","37.8403","0.273593","0.143482","-0.123304","0.138064","0.413346","0.7892","0.0010072","0.000569263","0.00258341","0.0000013385","0.0165788","0.0130011","0.0694248","93955.2","4404.02","24671","96.6744","3.28562","2129.32","1712.51","7384.01","86.5848","-23.1545","19.2552","42.573","68.3599","9.97278","369.167","201.172","1391.68","369.201","753.776","13.4065","1.77858","129.396","3171.15","369.168","8.59"
"47_TRLGL_RR_V4_an2","47_TRLGL_RR_V4","7.55","30.3","190","785","0.03818","2","False","23.46",NULL,NULL,"23.67","606",NULL,NULL,"612","47","UNSTABLE","TRLGL","L","R","1.44297","0.434497","2.34656","7.09417","2.96504","12.2714","0.411486","0.210362","1.0534","1.00712","0.467656","2.20416","16.9658","9.94422","33.6938","45.7093","44.5943","3.08157","0.273232","11.3431","16.5779","34.866","54.2123","3.08151","0.280288","-0.187498","0.123368","0.354993","0.330994","0.00117186","0.00077105","0.00221871","0.00000196778","0.0274188","0.0186744","0.0541831","92016.4","1818.53","6071","95.3184","1.61084","1898.8","1070.71","3338.41","39.7607","-1.37933","9.67673","5.0136","88.8386","1.77222","423.505","223.532","1279.84","422.897","725.515","14.3631","1.97972","41.5049","88.7808","422.766","0.21"
"47_TRLGL_RR_V4_an3","47_TRLGL_RR_V4","7.55","30.3","190","785","0.03818","3","False","24.44","24.64",NULL,"30.3","632","637",NULL,"785","47","STABLE","TRLGL","L","R","0.420362","0.312707","2.02826","0.723687","0.680617","5.60133","0.165911","0.159193","1.52271","0.171303","0.139854","0.883473","16.9718","9.12688","44.0037","63.1397","43.4993","0.359331","0.207027","20.2446","9.97611","75.7783","46.863","0.35169","0.210419","-0.117651","0.186483","0.691385","1.13775","0.00115485","0.000751961","0.00432116","0.00000189912","0.0172377","0.0124174","0.0721039","94706.4","7731.89","37882.4","94.5295","3.72909","2963.2","2493.81","14224.4","94.7267","-44.0402","19.759","51.8009","80.7645","14.9595","392.831","213.325","1452.63","392.9","752.704","19.0465","2.53041","141.603","2223.61","392.864","5.66"
"47_TRLGL_RR_V4_an4","47_TRLGL_RR_V4","7.55","30.3","190","785","0.03818","4","True","11.09","11.91",NULL,"30.3","282","304",NULL,"785","47","STABLE","TRLGL","L","R","0.503903","0.511436","3.62775","1.17661","2.16233","15.3444","0.210982","0.235681","2.49886","0.208283","0.239839","2.77873","46.3122","41.648","215.694","195.835","149.333","0.604852","0.755435","29.8867","30.0088","123.599","201.909","0.503603","0.581287","-0.116112","0.155027","0.691385","1.13775","0.00103409","0.000629362","0.00432116","0.00000146544","0.0170487","0.0127021","0.0721039","94385.2","5926.37","40468.2","96.1232","3.60771","2380.56","1975.72","14224.4","288.044","-26.2205","40.4538","113.955","70.2981","19.6738","413.657","287.052","6152.7","413.699","739.838","75.855","10.2529","774.549","7606.88","413.642","18.39"
"47_TRLGR_RR_V1_an1","47_TRLGR_RR_V1","7.59","29.33","192","759","0.0383","1","True","10.92","11.41",NULL,"29.33","278","291",NULL,"759","47","STABLE","TRLGR","R","L","0.220908","0.168728","1.40712","0.250172","0.170354","1.58624","0.0962064","0.0583425","0.720992","0.112816","0.0760513","0.608739","11.5582","4.34419","25.8368","33.9964","27.9549","0.161072","0.0779984","11.4307","7.07961","41.0353","28.8273","0.146465","0.0815465","-0.141568","0.137638","0.513554","0.849301","0.00109191","0.00057498","0.00320971","0.00000152288","0.0163103","0.012362","0.063361","92172.5","5012.45","28572.3","94.6911","4.61465","2055.16","1615.8","9582.24","52.8905","-45.541","10.0187","38.8263","-80.8264","9.57747","369.923","199.848","1632.92","369.922","754.981","7.9244","1.04962","70.1914","6629.07","369.926","17.92"
"47_TRLGR_RR_V2_an1","47_TRLGR_RR_V2","7.55","29.55","196","767","0.03852","1","False","11.38","11.89","16.54","16.75","295","308","429","434","47","STABLE","TRLGR","R","L","0.240986","0.155399","0.796347","0.467465","0.46026","3.17906","0.0964149","0.0527174","0.358331","0.147712","0.111472","0.759693","10.4138","5.35198","30.9516","20.4371","41.4892","0.188628","0.125108","8.04133","12.1217","28.988","46.285","0.188643","0.108427","-0.0296267","0.177021","0.375554","0.711849","0.000974782","0.000555124","0.00234721","0.00000125836","0.015819","0.0109187","0.052422","95943.7","8000.04","27808.5","93.9397","3.96931","2029.01","1494.38","6422.7","39.6109","-48.5537","9.103","35.9711","-90.4336","9.67872","367.56","201.989","1378.41","367.587","754.211","7.90218","1.04774","51.2705","1709.4","367.613","4.65"
"47_TRLGR_RR_V2_an2","47_TRLGR_RR_V2","7.55","29.55","196","767","0.03852","2","False","17.37","17.63","29.55","29.55","450","457","767","767","47","STABLE","TRLGR","R","L","0.327425","0.246306","1.82709","0.505083","0.741294","10.0633","0.116251","0.0815112","0.860956","0.139334","0.118368","1.27604","15.5145","11.6424","91.4615","110.112","51.3162","0.224352","0.24286","17.0479","9.45375","105.046","66.9163","0.217697","0.234859","-0.175245","0.128552","0.50668","1.00954","0.00119716","0.000641856","0.00316675","0.00000184517","0.0166841","0.0130649","0.0681565","91341.3","3911.28","30044","94.2944","3.9533","2307.34","2041.37","13840.3","81.1237","-29.517","15.5663","39.0868","-76.5524","9.17003","371.001","202.063","1546.5","371.026","754.443","10.9995","1.45796","104.982","4422.31","370.999","11.92"
"47_TRLGR_RR_V3_an1","47_TRLGR_RR_V3","7.52","29.53","193","769","0.03816","1","False","11.19","11.75","14.12","14.4","289","303","365","373","47","STABLE","TRLGR","R","L","0.254034","0.182333","0.854205","0.391622","0.328061","1.50834","0.0962663","0.0572723","0.422267","0.142367","0.108085","0.577562","7.06566","3.96656","20.5923","10.1999","28.8257","0.215948","0.118077","5.15437","7.60391","13.228","31.6807","0.218695","0.13171","0.100633","0.141422","0.368147","0.596145","0.000863252","0.000656987","0.00230092","0.00000117684","0.0126701","0.0110498","0.0545979","103908","5775.64","23832.2","101.568","2.01386","2324.55","1950.27","7266.23","31.0652","-19.6488","8.05901","31.2607","-68.2483","7.91534","364.666","195.951","1240.68","364.492","755.024","7.24712","0.959852","38.7573","863.872","364.503","2.37"
"47_TRLGR_RR_V3_an2","47_TRLGR_RR_V3","7.52","29.53","193","769","0.03816","2","False","15","15.34","19.73","20","388","397","512","520","47","STABLE","TRLGR","R","L","0.380409","0.289252","1.50623","0.648568","0.464759","2.25327","0.128988","0.0753452","0.423236","0.160236","0.116299","0.919794","10.0634","5.42246","26.2569","10.7976","41.5037","0.32327","0.152571","3.12296","10.9406","15.076","42.9697","0.28773","0.15669","-0.188221","0.103767","0.487874","0.521892","0.00118004","0.000641852","0.00304921","0.00000180448","0.0187317","0.0133611","0.0514317","91836","2721.61","14842.7","93.9251","4.19875","2313.48","1731.1","8831.62","33.8034","-14.2726","7.0998","46.5771","-72.6413","14.0562","363.752","201.929","1648.55","363.766","754.351","10.276","1.36223","67.4448","1596.86","363.748","4.39"
"47_TRLGR_RR_V3_an3","47_TRLGR_RR_V3","7.52","29.53","193","769","0.03816","3","True","20.57","20.87",NULL,"25.4","534","542",NULL,"661","47","STABLE","TRLGR","R","L","0.299917","0.21002","1.0315","0.459157","0.370181","2.96771","0.106179","0.0586244","0.344077","0.134976","0.0862679","0.49782","11.3956","3.63521","17.0605","25.5352","20.7615","0.221109","0.125132","9.66223","5.48758","29.7797","18.795","0.166733","0.085842","-0.164612","0.145092","0.53325","0.844135","0.0011984","0.000666822","0.00333281","0.00000188082","0.0171394","0.0128008","0.0606196","92758","5056.91","26348","93.7718","3.4272","2506.32","1785.58","7947.27","43.8787","-19.7768","9.66058","41.4111","-67.7244","11.2102","366.727","196.832","1372.89","366.742","754.974","8.92597","1.18229","56.7636","1661.38","366.749","4.53"
"47_TRLGR_RR_V4_an1","47_TRLGR_RR_V4","7.65","29.38","191","757","0.03838","1","True","11.19","11.77",NULL,"25.77","283","298",NULL,"663","47","STABLE","TRLGR","R","L","0.239766","0.187238","1.16978","0.37469","0.286003","1.80121","0.0951732","0.0590763","0.745494","0.122489","0.0827895","0.640126","11.7134","4.64477","22.8905","29.9426","35.9591","0.202615","0.124542","7.93894","12.406","36.859","46.958","0.201047","0.13065","-0.137741","0.126556","0.455814","0.720715","0.00101447","0.00058104","0.00284884","0.00000136676","0.0159515","0.0119349","0.0597592","93258.2","5701.1","33174.6","95.7748","4.34069","2115.53","1615.6","10233","51.8074","-28.0705","8.29933","47.9875","-69.9067","12.036","362.849","197.463","1508.59","362.896","755.615","9.55544","1.26459","80.8735","5079.94","362.853","14"
"49_MNTRL_RR_V1_an1","49_MNTRL_RR_V1","7.64","29.8","187","756","0.03889","1","False","9.91","10.23","14.16","14.52","245","253","354","363","49","STABLE","MNTRL","L","R","0.440806","0.408652","2.70054","0.703389","0.724972","5.6329","0.163832","0.11582","0.88238","0.247838","0.243741","1.59169","15.6733","5.96084","34.76","29.533","48.224","0.260396","0.167153","8.921","10.2856","26.117","48.6093","0.249783","0.188194","0.00206511","0.131037","0.376965","0.657685","0.000652941","0.00049453","0.00235603","0.000000670892","0.0133671","0.00960169","0.0481127","99930.5","4733.09","25723.5","98.8597","7.74584","3292.81","3333.27","15681.9","49.1497","-76.5382","10.0608","43.8491","33.6176","12.2284","505.045","285.761","2208.51","504.906","558.597","12.9088","2.31094","87.2812","1984.4","504.937","3.93"
"49_MNTRL_RR_V1_an2","49_MNTRL_RR_V1","7.64","29.8","187","756","0.03889","2","False","18.27","18.55","21.08","21.47","460","467","532","542","49","STABLE","MNTRL","L","R","0.409561","0.400854","2.05407","0.748709","0.75543","4.56007","0.145615","0.106824","0.566404","0.19854","0.150614","0.674632","10.7155","9.27316","51.5462","23.3706","62.6151","0.414097","0.397179","3.16199","14.1475","13.548","70.5533","0.423764","0.461269","-0.183111","0.0876452","0.470828","0.574918","0.00116416","0.000504533","0.00294268","0.00000160982","0.0141461","0.0109184","0.0545427","89749.6","3077.35","11764.7","93.2758","3.38501","2473.49","1761","6771.29","38.0823","-60.3258","8.90427","31.1644","27.2988","11.066","499.714","270.923","1851.55","499.565","558.132","10.8153","1.93777","65.6137","1263.91","499.568","2.53"
"49_MNTRL_RR_V1_an3","49_MNTRL_RR_V1","7.64","29.8","187","756","0.03889","3","True","26.05","26.36","29.08","29.41","660","668","738","746","49","STABLE","MNTRL","L","R","0.29522","0.246388","1.30361","0.624076","0.730513","3.68646","0.122038","0.0974971","0.664821","0.148015","0.124647","0.837289","13.4049","5.80788","29.1172","34.6786","36.8248","0.409911","0.285593","10.9519","8.56745","33.394","40.026","0.380636","0.320042","-0.10537","0.191688","0.523092","0.930537","0.00120531","0.000645181","0.00326933","0.00000186902","0.0194576","0.0170152","0.0577155","92843.9","5959.12","24269.4","93.0379","2.98948","2337.98","1788.66","9949.08","42.1899","-71.6589","12.5676","37.7643","44.5601","9.83478","499.898","270.411","1769.31","499.794","558.272","8.45411","1.51434","43.9453","1359.45","499.797","2.72"
"49_MNTRL_RR_V2_an1","49_MNTRL_RR_V2","8.13","29.02","200","739","0.03871","1","False","9.98","10.41","12.48","12.77","247","258","312","319","49","STABLE","MNTRL","L","R","0.692213","0.735236","4.10105","0.908194","0.908347","5.23553","0.210428","0.201541","1.18225","0.212626","0.147315","0.826199","23.0134","11.2398","42.469","64.9837","58.0082","0.716232","0.377092","18.8713","7.57473","67.355","31.7167","0.523442","0.371102","-0.0811143","0.109945","0.402591","0.513003","0.000635323","0.000570582","0.00251619","0.000000729199","0.0121499","0.00858714","0.0393629","96983.1","4023.43","17901.1","102.106","3.15419","3991.57","2797.19","12094.8","85.6339","-47.367","23.8192","43.811","24.7915","14.8026","522.446","313.481","2556.97","522.495","556.756","33.3641","5.99259","294.194","1081.5","522.465","2.07"
"49_MNTRL_RR_V2_an2","49_MNTRL_RR_V2","8.13","29.02","200","739","0.03871","2","False","13.29","13.63","14.42","14.91","333","341","362","375","49","STABLE","MNTRL","L","R","0.85188","0.694526","2.7251","1.60828","0.762864","3.78582","0.235888","0.158104","0.746427","0.363158","0.184546","0.879348","10.1224","5.02027","23.5477","13.9539","32.1013","0.576075","0.171782","8.30858","3.75686","24.5217","15.7837","0.484786","0.167476","-0.0447775","0.104245","0.194472","0.337985","0.000600901","0.000376471","0.00121545","0.000000502812","0.0202425","0.0143542","0.05457","96327.6","4363","16384.4","89.9098","2.6146","2412.18","1393.82","7373.66","39.285","-32.3428","13.2369","39.0223","-7.18978","10.9953","502.249","279.289","1810.84","501.918","554.237","13.6379","2.46066","57.0688","396.518","501.921","0.79"
"49_MNTRL_RR_V2_an3","49_MNTRL_RR_V2","8.13","29.02","200","739","0.03871","3","False","18.1","18.46","22.34","22.78","457","466","566","578","49","STABLE","MNTRL","L","R","0.38702","0.336987","1.88193","0.528604","0.59599","4.5368","0.158933","0.127297","0.843224","0.152826","0.117747","0.745531","15.0322","9.80055","58.2859","19.6992","74.5597","0.307258","0.260845","4.0945","15.7105","15.3517","78.4397","0.309315","0.324133","-0.12445","0.226454","0.597666","1.05692","0.00139552","0.000812829","0.00373541","0.00000260818","0.0182349","0.0144242","0.0662676","94064.2","6939.37","27137.9","92.9699","3.36559","2640.14","2111.16","12237.4","45.8875","-52.0265","10.5467","47.4347","-5.57729","12.3808","491.287","273.761","1772.65","491.315","559.558","13.2392","2.36602","81.4838","1906.24","491.298","3.88"
"49_MNTRL_RR_V2_an4","49_MNTRL_RR_V2","8.13","29.02","200","739","0.03871","4","True","26.02","26.42",NULL,"28.75","662","672",NULL,"732","49","STABLE","MNTRL","L","R","0.652545","0.510203","2.15521","0.634581","0.446326","2.83327","0.225177","0.161631","1.07744","0.19974","0.198144","1.3619","10.4038","7.45348","41.8132","16.7907","53.8966","0.337543","0.32601","4.54178","11.9427","15.636","57.123","0.321164","0.350445","-0.202944","0.105611","0.456372","0.490947","0.00127784","0.000641603","0.00285233","0.00000204453","0.0171593","0.0126523","0.0582405","88183.7","3721.26","16495","91.1601","5.08056","2615.16","1503.72","5885.72","41.8267","-43.6654","8.8448","39.2395","-4.06109","10.6669","499.269","272.217","1856.33","499.377","559.829","12.0972","2.16088","59.8154","1163.43","499.327","2.33"
"49_MNTRL_RR_V3_an1","49_MNTRL_RR_V3","7.58","29.51","187","756","0.03848","1","False","9.98","10.59","14.17","14.61","249","265","358","369","49","STABLE","MNTRL","L","R","0.542923","0.517506","3.36806","0.494793","0.417679","1.8626","0.196309","0.156449","1.15742","0.133624","0.0871486","0.528801","8.70595","4.04012","28.2387","14.0512","36.4767","0.217443","0.135388","4.92462","9.48257","15.5907","41.277","0.224061","0.143571","-0.00665703","0.140395","0.382858","0.701111","0.000726889","0.000493268","0.00239286","0.000000771681","0.0152726","0.014277","0.0582637","96736.8","4949.25","21530.8","94.5385","6.71659","2946.7","2689.09","15484.9","38.2019","-37.8858","8.44272","39.9742","-0.121397","9.48924","499.287","270.346","1906.66","499.309","560.781","10.463","1.8658","75.6855","1787.5","499.301","3.58"
"49_MNTRL_RR_V3_an2","49_MNTRL_RR_V3","7.58","29.51","187","756","0.03848","2","False","18.16","18.62","22.13","22.66","461","473","565","578","49","STABLE","MNTRL","L","R","0.433817","0.393097","2.10285","0.521129","0.364905","1.8226","0.149145","0.120656","0.947393","0.134401","0.0856375","0.581736","6.81064","2.99332","22.1533","19.6343","23.1407","0.218724","0.213198","5.85021","6.62622","20.155","39.8617","0.243767","0.262339","-0.12254","0.186002","0.593552","0.970827","0.00124554","0.000621804","0.0037097","0.000001938","0.0167157","0.0125452","0.0540601","90778.7","6106.81","27037.1","91.3375","3.70349","2561.39","2108.12","8110.71","46.3112","-23.0209","11.0246","45.6745","16.3796","9.47425","490.416","271.868","2023.89","490.465","559.827","7.91033","1.413","57.9844","1721.45","490.441","3.51"
"49_MNTRL_RR_V3_an3","49_MNTRL_RR_V3","7.58","29.51","187","756","0.03848","3","True","26","26.58",NULL,"28.6","665","680",NULL,"733","49","STABLE","MNTRL","L","R","0.379875","0.271163","1.7789","0.594899","0.285952","1.40113","0.147057","0.108114","0.599008","0.19929","0.198794","0.939624","9.89647","3.59279","19.9313","19.4596","30.5924","0.290469","0.11093","5.65961","9.00632","16.213","39.5207","0.284717","0.16711","-0.194977","0.0860386","0.361748","0.390848","0.00122534","0.00052221","0.00226093","0.00000177417","0.0188563","0.012352","0.058216","88692.9","2582.37","12434.5","90.9389","3.68884","1930.44","1694.68","7551.52","48.7689","-30.2586","10.8026","30.7423","12.4833","9.05704","492.328","274.645","2103.98","492.419","559.916","9.4317","1.68448","50.354","994.595","492.374","2.02"
"49_MNTRR_RR_V1_an1","49_MNTRR_RR_V1","7.67","29.22","188","745","0.03867","1","False","10.03","10.49","12.66","13.18","249","260","317","330","49","STABLE","MNTRR","R","L","0.870784","0.681292","4.23113","1.1496","0.607178","2.96167","0.277664","0.243223","1.6002","0.292934","0.208672","1.35285","16.7717","6.54784","32.1226","29.1366","52.9935","0.601814","0.258542","8.7597","4.97938","26.2133","26.959","0.392358","0.223669","0.000845048","0.132274","0.285699","0.554765","0.000677749","0.00047343","0.00178562","0.00000068348","0.0162749","0.0113784","0.0418485","98110.6","4048.43","16855.7","100.552","4.42837","3417.24","2347.42","9094.4","112.074","-49.7319","26.4821","60.6401","-9.45875","16.6699","562.775","384.781","3148.65","562.69","566.705","27.799","4.90538","234.378","1221.23","562.779","2.17"
"49_MNTRR_RR_V1_an2","49_MNTRR_RR_V1","7.67","29.22","188","745","0.03867","2","False","13.7","14.17","14.35","14.83","343","356","360","373","49","STABLE","MNTRR","R","L","0.53001","0.387926","1.58134","1.70758","0.704953","2.87229","0.350723","0.29","1.14101","0.454328","0.178049","0.926601","2.04692","0.999955","3.44868","1.98072","3.48761","0.421589","0.0688046","1.04506","0.625303","2.784","2.076","0.279866","0.0625936","0.233586","0.0663592","0.292616","0.171335","0.00145991","0.000414745","0.00182885","0.00000230336","0.0109125","0.0101699","0.0251401","94934.8","483.87","1082.2","85.6209","1.64717","858.392","338.361","1082.2","27.3551","-49.4155","6.79345","11.1508","10.3824","3.1445","472.366","256.082","1311.37","471.626","558.552","24.8024","4.44047","66.8344","84.9123","471.735","0.18"
"49_MNTRR_RR_V1_an3","49_MNTRR_RR_V1","7.67","29.22","188","745","0.03867","3","False","18.15","18.72","22.11","22.54","458","473","561","572","49","STABLE","MNTRR","R","L","0.367504","0.368352","2.37793","0.471961","0.414423","2.72613","0.170912","0.175167","1.04742","0.138559","0.131706","1.33224","8.34796","4.52245","25.5587","19.6187","34.9598","0.234904","0.178555","5.62814","5.20041","20.5883","19.5957","0.210338","0.133809","-0.145994","0.291875","0.948986","1.54891","0.0015495","0.00132642","0.00593116","0.00000416035","0.0173258","0.0167601","0.0922299","94308.2","6978.41","30472.2","91.2152","4.32731","3025.06","2441.12","14359","29.2521","-90.7955","6.46838","43.1372","-8.64115","10.5489","483.684","263.623","1938.03","483.553","567.507","9.33843","1.64552","67.1396","1639.22","483.547","3.39"
"49_MNTRR_RR_V1_an4","49_MNTRR_RR_V1","7.67","29.22","188","745","0.03867","4","True","25.85","26.38",NULL,"28.4","658","671",NULL,"724","49","STABLE","MNTRR","R","L","0.444822","0.303015","1.72733","0.739163","0.695088","3.29455","0.19409","0.160346","1.25353","0.188303","0.163404","0.974044","10.036","7.2721","32.5295","18.0398","44.2314","0.273554","0.184574","3.28959","7.63684","13.6353","36.7387","0.241327","0.268673","-0.185658","0.0930826","0.42614","0.446621","0.00116511","0.000572213","0.00266337","0.0000016849","0.0153507","0.0117952","0.0486439","87157.1","2497.18","10228.8","89.4598","4.16068","2117.1","1606.13","8084.19","23.1899","-96.6509","5.87602","38.2793","-8.28878","9.0339","487.28","265.183","1640.8","487.298","567.138","10.2086","1.80003","61.0361","984.235","487.245","2.02"
"49_MNTRR_RR_V2_an1","49_MNTRR_RR_V2","7.57","29.24","185","742","0.03887","1","False","10.06","10.6","14.09","14.56","249","262","352","364","49","STABLE","MNTRR","R","L","0.511768","0.477354","3.86565","0.731247","0.655957","3.54497","0.201839","0.169921","1.56097","0.225738","0.193833","1.453","7.68247","3.28454","15.3765","10.6508","22.475","0.250669","0.169194","4.04328","8.38541","14.804","25.9517","0.243985","0.146373","0.0253962","0.134572","0.329929","0.65227","0.000684174","0.000514298","0.00206206","0.000000732597","0.0159301","0.00977137","0.0407901","98187.4","4773.73","22536.3","95.9889","6.37778","2721.38","2554.21","14064","49.2578","-99.6151","10.1177","47.437","-73.4605","14.3157","508.74","282.219","1816.31","508.698","567.426","17.19","3.02947","126.345","1775.47","508.731","3.49"
"49_MNTRR_RR_V2_an2","49_MNTRR_RR_V2","7.57","29.24","185","742","0.03887","2","False","18.24","18.77","21.43","21.79","459","473","541","550","49","STABLE","MNTRR","R","L","0.33244","0.232128","1.59053","0.84858","0.695742","3.10565","0.145734","0.108172","0.75227","0.219846","0.1736","0.964279","8.67742","5.05357","25.3565","27.504","22.9523","0.278068","0.179813","5.23901","7.41385","19.3923","29.4307","0.26898","0.201105","-0.193421","0.114264","0.385524","0.723077","0.00129505","0.000542442","0.00240952","0.0000019714","0.0150283","0.00981634","0.044274","87757.4","2900.59","16424.6","89.2302","2.51032","2127.55","1729.23","9540.29","41.4185","-98.9752","8.75016","35.9673","-77.3132","8.52305","500.572","279.643","2212","500.516","567.336","9.86395","1.73864","62.2568","1331.44","500.542","2.66"
"49_MNTRR_RR_V2_an3","49_MNTRR_RR_V2","7.57","29.24","185","742","0.03887","3","False","22.19",NULL,NULL,"22.76","561",NULL,NULL,"576","49","UNSTABLE","MNTRR","R","L","0.741925","0.716167","2.71821","6.03323","2.16863","8.77214","0.191715","0.149901","0.746218","0.521029","0.237871","1.08027","10.2409","3.3927","18.4587","6.32494","25.3902","1.10304","0.32203","3.11877","8.7924","10.591","31.9003","1.00912","0.589524","-0.216045","0.0879152","0.35687","0.313329","0.00135028","0.00054947","0.00223044","0.00000212518","0.0168733","0.0107705","0.0438867","88186.1","2873.08","9401.17","88.9113","2.30223","3115.32","1991.89","6628.79","29.1291","-92.6327","8.45223","42.4785","-53.4268","10.7213","518.377","267.607","1320.01","518.534","560.724","36.5104","6.51129","127.26","295.628","518.646","0.57"
"49_MNTRR_RR_V2_an4","49_MNTRR_RR_V2","7.57","29.24","185","742","0.03887","4","True","26.08","26.57",NULL,"28.5","661","673",NULL,"723","49","STABLE","MNTRR","R","L","0.507152","0.254855","1.22309","0.977077","0.952132","3.98225","0.164181","0.099856","0.528997","0.2386","0.198104","1.0172","11.0119","5.52028","28.5429","16.3348","38.4442","0.322893","0.187016","3.40343","9.53424","11.797","37.317","0.269505","0.173625","-0.184282","0.103632","0.369983","0.51087","0.00118916","0.000576178","0.00231239","0.00000174607","0.0197303","0.0138956","0.0598499","88697","2877.69","13669.2","90.2259","3.25817","2881.31","1699.55","7134.9","39.2692","-113.859","9.34548","33.6749","-71.4171","10.1183","515.357","286.1","1926.1","515.44","566.052","24.1602","4.2682","131.533","994.868","515.476","1.93"
"49_MNTRR_RR_V3_an1","49_MNTRR_RR_V3","7.56","29.26","187","750","0.03853","1","False","9.94","10.52","14.37","14.87","248","263","363","376","49","STABLE","MNTRR","R","L","0.351903","0.281874","1.89423","0.507727","0.441682","2.45962","0.161836","0.148562","1.21394","0.151098","0.171585","1.5013","4.93351","2.54073","12.6856","15.3275","12.2377","0.174502","0.0963498","3.38832","2.87597","10.6953","11.6117","0.145875","0.0806067","0.054026","0.14038","0.454908","0.747018","0.000730875","0.00059129","0.00284317","0.000000883802","0.0160089","0.0116248","0.0487846","97563.2","4476.26","20625.6","95.2889","5.34108","2627.41","2438.33","13719.6","29.299","-89.156","5.58425","45.8791","-49.0085","9.71229","498.846","265.533","1826.49","498.939","568.602","11.9842","2.10766","81.789","1920.77","498.9","3.85"
"49_MNTRR_RR_V3_an2","49_MNTRR_RR_V3","7.56","29.26","187","750","0.03853","2","False","18.19","18.97","22.23","22.73","462","483","567","580","49","STABLE","MNTRR","R","L","0.308194","0.303053","2.12276","0.514549","0.293065","1.3455","0.12507","0.0925556","0.685258","0.136926","0.0832244","0.543195","8.95816","4.10027","18.9909","15.0752","25.7326","0.185224","0.108471","4.20252","3.03358","14.0087","16.867","0.186814","0.109047","-0.125852","0.171507","0.43242","0.851763","0.00120009","0.000572263","0.00270263","0.00000176771","0.0145416","0.0123683","0.0566006","89493.5","5308.58","26385","89.7857","3.07564","2561.95","2061.21","8057.83","35.6898","-86.4406","7.07038","39.4178","-58.1746","8.88691","486.879","267.601","1722.85","486.98","568.681","6.1952","1.0894","40.2832","1587.53","486.972","3.26"
"49_MNTRR_RR_V3_an3","49_MNTRR_RR_V3","7.56","29.26","187","750","0.03853","3","True","26.05","26.97",NULL,"28.6","666","690",NULL,"733","49","STABLE","MNTRR","R","L","0.600883","0.407351","2.0093","0.972666","0.689975","2.82363","0.184166","0.109868","0.675386","0.273927","0.236622","1.36205","10.8664","5.07796","24.8725","16.2836","34.2006","0.347664","0.179857","2.35239","7.31309","9.85367","26.3207","0.248997","0.137281","-0.221526","0.0919506","0.430636","0.438759","0.00138684","0.000569099","0.00269147","0.00000224721","0.0172883","0.0114315","0.0449622","88531.4","2481.9","9204.26","90.8863","2.65863","1889.38","1494.29","7316.5","41.071","-97.2345","9.93614","37.0809","-42.174","11.7888","496.262","279.976","2250.04","496.415","569.003","17.052","2.99683","82.3994","809.16","496.417","1.63"
"49_TRLGL_RR_V1_an1","49_TRLGL_RR_V1","7.58","29.53","189","755","0.03873","1","True","8.22","9.42",NULL,"29.53","205","236",NULL,"755","49","STABLE","TRLGL","L","R","0.431962","0.342763","2.30624","0.429795","0.364085","2.81034","0.153136","0.100261","0.721618","0.144396","0.115748","1.20482","14.1356","9.61101","54.5549","48.5211","65.1648","0.243415","0.13931","8.54318","9.54397","34.4047","44.6227","0.213946","0.107238","-0.151617","0.118287","0.478996","0.872381","0.00104367","0.000596043","0.00299373","0.00000144452","0.015324","0.0131294","0.0761229","91520.2","4449.13","26483.7","93.9303","5.50725","2410","2074.42","14629.7","62.7943","-47.9464","11.2985","47.3241","9.48877","11.8161","493.084","268.656","2083.97","493.061","561.074","8.68728","1.54833","59.5102","9915.75","493.076","20.11"
"49_TRLGL_RR_V2_an1","49_TRLGL_RR_V2","7.62","30.07","184","763","0.03873","1","True","10.51","12.61",NULL,"30.07","258","312",NULL,"763","49","STABLE","TRLGL","L","R","0.468559","0.360025","2.62776","0.462651","0.289133","2.19243","0.167942","0.117855","0.882938","0.156515","0.132387","1.397","14.4347","8.18965","35.7763","35.7873","56.7337","0.258359","0.169159","8.40168","14.1366","38.2337","57.233","0.217025","0.124786","-0.16957","0.134447","0.548244","0.813635","0.00118348","0.000654739","0.00342653","0.0000018293","0.0171752","0.0131428","0.0824922","90332.2","4485.17","31577.8","91.2399","3.65792","2162.17","1760.19","10508.5","63.9949","-75.9377","10.5654","51.7335","35.1806","13.021","505.083","275.201","2169.37","505.114","561.034","11.5403","2.05696","111.086","8818.55","505.071","17.46"
"49_TRLGL_RR_V3_an1","49_TRLGL_RR_V3","7.59","29.77","187","752","0.0392","1","True","10.41","11.17",NULL,"29.77","258","278",NULL,"752","49","STABLE","TRLGL","L","R","0.445699","0.414194","3.0854","0.502674","0.486816","2.8024","0.165048","0.128985","1.04819","0.159446","0.156764","1.65503","9.6139","5.48095","30.2856","36.58","45.5209","0.239177","0.16529","7.16617","7.02118","30.428","32.369","0.211172","0.134115","-0.132478","0.169272","0.584875","1.03735","0.00118799","0.000627299","0.00365547","0.00000180482","0.0172718","0.0129354","0.0689737","91655.9","4585.58","24930.2","92.262","3.6675","2120.93","1718.08","10184.4","66.9801","-116.284","10.3957","49.9152","41.506","12.033","513.548","284.166","2123.98","513.584","561.28","10.7818","1.92094","88.1977","9552.1","513.554","18.6"
"49_TRLGL_RR_V4_an1","49_TRLGL_RR_V4","7.53","29.45","185","749","0.03884","1","True","10.19","11.05",NULL,"29.45","253","275",NULL,"749","49","STABLE","TRLGL","L","R","0.372939","0.299774","2.47393","0.362719","0.237481","1.50669","0.14643","0.097441","1.19074","0.140646","0.109753","0.853406","10.845","4.72035","25.0472","28.769","36.6415","0.178213","0.0831551","9.87105","7.15866","34.0433","33.1057","0.171842","0.0877465","-0.149533","0.140967","0.476325","0.911193","0.00113837","0.000594817","0.00297703","0.00000164969","0.0164637","0.012565","0.0624541","90982.8","5383.46","27956.4","92.1439","4.23601","2253.38","1708.83","11653.3","49.4043","-83.8713","10.3262","43.1981","19.1471","9.45767","503.998","280.223","2078.85","504.014","561.241","8.78617","1.56549","79.6528","9273.63","504.002","18.4"
"49_TRLGR_RR_V1_an1","49_TRLGR_RR_V1","7.59","29.07","184","739","0.03868","1","True","10.26","11.32",NULL,"29.07","253","280",NULL,"739","49","STABLE","TRLGR","R","L","0.307705","0.320889","2.94125","0.401654","0.408872","3.02333","0.142902","0.142287","1.03757","0.166483","0.190271","1.68098","7.93266","3.73404","21.8272","30.9684","24.1216","0.166963","0.0986234","6.8607","6.2163","35.8993","23.264","0.154893","0.0944761","-0.152997","0.137935","0.519334","0.816549","0.00113923","0.000599773","0.00324584","0.00000165758","0.0162935","0.0121287","0.0804861","90707.7","5859.95","28569","92.1154","5.71975","2239.45","1752.03","10559.1","76.7395","-51.3133","9.77125","45.7027","-61.6853","8.76732","483.01","262.848","2128.29","483.028","568.609","10.7574","1.89189","137.636","8573.3","483.003","17.75"
"49_TRLGR_RR_V2_an1","49_TRLGR_RR_V2","7.6","28.98","181","731","0.03884","1","True","10.2","11.89",NULL,"28.98","247","291",NULL,"731","49","STABLE","TRLGR","R","L","0.24858","0.196699","1.4522","0.34587","0.309525","2.5447","0.109325","0.0834677","0.929299","0.126201","0.130697","1.55011","8.69337","4.49525","23.6008","23.2632","37.5493","0.164061","0.0841525","7.19749","7.16587","25.5507","32.631","0.151865","0.0830043","-0.156721","0.153045","0.509603","0.848438","0.00119611","0.000666104","0.00318502","0.00000187438","0.0170493","0.0129128","0.0713994","89232.3","6149.81","29880.8","90.2418","4.05388","2321.46","1855.8","9156.66","42.0832","-43.7322","7.48241","46.1369","-77.7139","9.87963","483.397","261.864","1783.4","483.426","568.316","8.02291","1.4117","60.4258","8261.52","483.413","17.09"
"49_TRLGR_RR_V3_an1","49_TRLGR_RR_V3","7.63","26.13","200","675","0.03894","1","True","10.22","11.4",NULL,"26.13","266","296",NULL,"675","49","STABLE","TRLGR","R","L","0.326126","0.250701","1.91662","0.448534","0.352389","2.11333","0.144326","0.139973","1.30289","0.130876","0.115699","1.38164","9.14574","5.03019","24.6229","21.3977","38.9474","0.202335","0.0991369","5.55694","8.85783","29.9043","41.3723","0.185617","0.0945783","-0.119554","0.178784","0.547996","1.0208","0.00117922","0.000645246","0.00342498","0.00000180691","0.017535","0.0131534","0.0660281","91522.1","5496.05","29166.7","91.8131","4.95621","2359.61","1942.69","10688.8","50.5186","-56.2836","8.42794","47.8948","-89.2576","10.9766","495.686","269.515","2202.89","495.677","568.078","10.2605","1.80619","76.9062","7301.47","495.687","14.73"
"49_TRLGR_RR_V4_an1","49_TRLGR_RR_V4","7.59","29.43","185","750","0.0386","1","True","10.12","10.75",NULL,"25.41","250","266",NULL,"646","49","STABLE","TRLGR","R","L","0.308359","0.266018","2.00279","0.378599","0.346493","3.59323","0.128467","0.0887519","0.792497","0.116013","0.0880527","0.880994","9.29304","5.44314","28.772","22.4793","43.8391","0.200402","0.122587","5.98689","7.94144","25.1343","36.854","0.179473","0.11482","-0.137551","0.158385","0.516596","0.911956","0.00114391","0.00064067","0.00322872","0.00000171899","0.0166769","0.0119235","0.0600971","91233.4","6683.12","31110","92.0925","5.92001","2503.08","1952.77","12617.5","50.5055","-37.0537","7.39433","50.827","-140.612","11.3325","513.505","273.502","1849.82","513.538","566.852","10.8127","1.9075","93.0805","7528.24","513.523","14.66"
"50_MNTRL_RR_V1_an1","50_MNTRL_RR_V1","7.69","28.86","188","731","0.03892","1","False","10.11","10.76","12.32","12.63","250","266","306","314","50","STABLE","MNTRL","L","R","0.612887","0.441224","1.9561","0.9646","0.892627","3.69059","0.25006","0.153202","0.810265","0.225089","0.164073","0.999282","12.3001","7.3926","37.5214","23.8401","45.5132","0.451223","0.260643","13.1144","12.3334","35.5363","48.7677","0.4954","0.287485","-0.0262378","0.182175","0.367441","0.715637","0.000943352","0.000658316","0.00229651","0.00000132329","0.0165376","0.014679","0.0819671","103359","4866.59","21045.3","106.861","5.98927","4306.93","3662.46","19281.1","56.6183","-28.8917","15.8461","35.4953","86.3393","8.36965","451.438","249.766","1530.16","451.638","656.538","18.8579","2.87232","121.157","704.479","451.589","1.56"
"50_MNTRL_RR_V1_an2","50_MNTRL_RR_V1","7.69","28.86","188","731","0.03892","2","False","13.45","13.81","14.13","14.59","335","345","353","365","50","STABLE","MNTRL","L","R","0.955306","0.51463","2.06808","1.51689","0.914685","4.29165","0.419522","0.211359","0.800528","0.43264","0.225459","1.00444","3.65456","2.06594","9.74338","1.63678","12.7357","0.530501","0.302482","1.85755","6.41207","5.08467","21.0543","0.689212","0.338347","0.179827","0.136239","0.329013","0.401967","0.00122524","0.000697863","0.00205633","0.00000198823","0.0155334","0.0110122","0.0329502","96007.5","2445.93","6810.54","91.2003","0.547099","1371.52","1294.56","4161.62","20.4378","-28.9825","5.83927","25.2206","61.4949","8.78811","494.301","270.168","1490.77","493.911","640.408","28.873","4.50852","104.371","158.076","493.988","0.32"
"50_MNTRL_RR_V1_an3","50_MNTRL_RR_V1","7.69","28.86","188","731","0.03892","3","False","17.91","18.18","22.18","22.72","450","458","560","574","50","STABLE","MNTRL","L","R","0.580667","0.438769","2.7573","1.17773","1.17435","4.7131","0.230598","0.17366","1.59308","0.253679","0.20173","1.13687","10.8148","8.78616","48.5536","14.8734","59.1297","0.27853","0.197705","6.54649","17.2091","25.948","69.8203","0.289649","0.213806","-0.140711","0.218814","0.746477","1.18797","0.00139959","0.000827557","0.00466548","0.00000264371","0.0178577","0.0138108","0.0592669","95551.9","7362.55","28922.2","92.8431","3.22704","3463.2","2680.22","12475.1","54.1654","-32.2414","8.92696","39.907","73.1989","11.1387","456.575","251.705","1733.66","456.672","656.503","19.527","2.97439","131.533","1826.55","456.639","4"
"50_MNTRL_RR_V1_an4","50_MNTRL_RR_V1","7.69","28.86","188","731","0.03892","4","True","26.14","26.73",NULL,"28.1","662","677",NULL,"712","50","STABLE","MNTRL","L","R","0.507117","0.361887","1.59961","0.972627","1.00168","4.60564","0.234382","0.176565","1.09254","0.236541","0.189308","0.997933","8.27712","2.92896","16.0792","21.0139","15.3408","0.311525","0.142721","6.79954","5.23082","17.611","23.633","0.321938","0.216734","-0.193243","0.105673","0.46758","0.431511","0.00120777","0.000660457","0.00292237","0.0000018949","0.0192235","0.011668","0.0379066","89085.5","2817.91","12876.7","91.523","3.78181","2478.95","1859.6","6469.1","47.6903","-48.4726","13.4869","32.1805","59.8512","9.90195","445.436","246.264","1575.92","445.425","655.499","22.3332","3.40705","112","610.188","445.393","1.37"
"50_MNTRL_RR_V2_an1","50_MNTRL_RR_V2","7.68","29.11","189","741","0.03876","1","False","10.1","10.87","14.13","14.75","251","271","355","371","50","STABLE","MNTRL","L","R","0.413438","0.305701","2.17879","0.601148","0.518441","2.8513","0.171455","0.114765","0.894621","0.187064","0.156849","0.896336","14.6534","7.15927","30.8616","42.4283","42.489","0.286265","0.0872649","13.8098","14.946","56.71","55.6703","0.298346","0.115037","0.0247929","0.137728","0.306655","0.515905","0.000710912","0.000509504","0.00191659","0.00000076499","0.0150617","0.0105703","0.0484384","102557","7907.07","44699.3","102.685","10.1311","4303.01","5009.42","29390.5","72.1615","-64.7716","14.4895","49.3784","49.879","15.3244","436.01","239.129","1913.59","435.918","657.114","12.275","1.86801","78.126","1421.03","435.898","3.26"
"50_MNTRL_RR_V2_an2","50_MNTRL_RR_V2","7.68","29.11","189","741","0.03876","2","False","17.96","18.56","22.1","22.77","454","469","561","578","50","STABLE","MNTRL","L","R","0.433797","0.235397","1.44818","0.463207","0.246833","1.49948","0.188476","0.102672","0.65323","0.159836","0.103652","0.710543","9.68812","3.70968","19.903","11.0131","32.0759","0.198762","0.0871563","2.78098","10.162","13.168","34.371","0.206216","0.12034","-0.146054","0.150588","0.407823","0.806919","0.0011775","0.000576691","0.00254889","0.00000171909","0.018011","0.0142555","0.0637013","91355.4","4602.29","21222.2","93.9988","3.31367","2169.47","1666.41","6478.87","41.8974","-47.1138","7.7176","44.4702","56.6722","12.4961","442.135","237.115","1578.5","442.21","657.778","11.4111","1.73479","63.1723","1565.36","442.193","3.54"
"50_MNTRL_RR_V2_an3","50_MNTRL_RR_V2","7.68","29.11","189","741","0.03876","3","True","26.3","27.02",NULL,"28.5","669","687",NULL,"726","50","STABLE","MNTRL","L","R","0.67897","0.467903","2.37644","0.868165","0.603483","3.2895","0.253104","0.153945","0.847887","0.246161","0.18834","1.26125","8.38809","3.067","13.8402","15.1964","19.1351","0.290262","0.19342","2.74287","8.5554","10.9633","22.845","0.288627","0.145377","-0.182591","0.0954018","0.364777","0.431083","0.00116192","0.000554802","0.00227986","0.00000165785","0.0177806","0.0136031","0.0567546","87834.8","3133.69","13331.8","91.1993","3.41084","2427.2","2094.78","8562.01","28.9596","-34.1923","6.1524","50.6446","55.9136","16.9413","462.556","246.72","1420.72","462.825","655.476","21.2674","3.24457","121.462","684.915","462.781","1.48"
"50_MNTRL_RR_V3_an1","50_MNTRL_RR_V3","7.6","28.86","183","729","0.03889","1","False","10.38","10.94","12.68","13.05","254","269","314","323","50","STABLE","MNTRL","L","R","0.607201","0.32537","1.6753","1.82625","1.0973","4.67916","0.212452","0.127405","0.882045","0.348207","0.222008","1.00626","12.157","5.80014","31.0362","21.8171","39.1841","0.405413","0.186187","10.4475","11.575","27.0553","45.4807","0.41627","0.241268","0.126001","0.150689","0.395926","0.545549","0.00100647","0.000702984","0.00247454","0.00000150716","0.014778","0.0100812","0.0384978","103160","4072.73","19005.1","101.312","8.3044","3040.77","2352.22","10054.8","72.4603","-15.5082","20.2643","32.6838","78.6076","9.90177","445.124","246.832","1391.91","445.148","654.768","19.9481","3.0466","85.145","774.589","445.166","1.74"
"50_MNTRL_RR_V3_an2","50_MNTRL_RR_V3","7.6","28.86","183","729","0.03889","2","False","13.73",NULL,NULL,"14.58","340",NULL,NULL,"362","50","UNSTABLE","MNTRL","L","R","0.812287","0.523982","2.72832","5.44304","2.47289","8.69493","0.231292","0.137685","0.893289","0.502698","0.223231","1.17892","19.8419","7.6357","47.515","14.5877","63.6658","1.32706","0.400544","7.12907","19.5177","23.4167","73.2413","1.2882","0.661791","-0.108586","0.12528","0.304472","0.462281","0.000885657","0.000537851","0.00190295","0.00000107367","0.0213548","0.00954017","0.0342861","93417.5","3141.73","11947.8","93.4544","5.11993","2278.26","1438.72","6163.94","66.7498","-16.8716","22.4217","44.9252","62.8993","17.8256","451.978","251.653","1686.72","452.039","651.334","34.0409","5.22634","134.584","384.26","452.07","0.85"
"50_MNTRL_RR_V3_an3","50_MNTRL_RR_V3","7.6","28.86","183","729","0.03889","3","False","17.96","18.86","22.13","22.72","449","472","556","571","50","STABLE","MNTRL","L","R","0.43","0.304596","1.87329","0.598368","0.517615","2.49185","0.173","0.107716","0.570551","0.194715","0.141147","0.873482","5.58597","3.72465","20.1129","11.7455","25.0093","0.19492","0.130118","4.11175","6.48588","19.789","30.0943","0.187376","0.140453","-0.140162","0.264607","0.674697","1.22963","0.00162611","0.000926382","0.00421686","0.00000350243","0.0197412","0.0153383","0.0773246","94924.1","7274.12","30108.5","91.6155","3.68879","4111.82","3299.2","14451.3","32.9832","-30.2267","6.11614","40.777","64.9011","9.8054","434.867","238.278","1782.28","434.875","657.065","17.7396","2.69983","132.143","1422.07","434.882","3.27"
"50_MNTRL_RR_V3_an4","50_MNTRL_RR_V3","7.6","28.86","183","729","0.03889","4","True","25.99","26.49",NULL,"28.6","655","668",NULL,"723","50","STABLE","MNTRL","L","R","0.684802","0.499841","2.78244","1.00978","0.727284","3.25215","0.251149","0.161679","1.08745","0.248993","0.184078","0.921732","6.6231","3.21991","17.2304","14.0275","24.522","0.270233","0.154983","9.60115","6.73492","33.3293","30.704","0.279109","0.168806","-0.187019","0.0908992","0.378818","0.395938","0.00117269","0.00056019","0.00236761","0.00000168901","0.0141219","0.0113655","0.0531547","91662.4","2541.44","13012","97.6458","3.14055","1955.82","2006.43","9680.27","32.8812","-26.9881","7.94739","42.2272","65.6964","12.7058","450.829","248.604","2141.31","450.736","655.774","22.0131","3.35681","153.811","951.059","450.739","2.11"
"50_MNTRR_RR_V1_an1","50_MNTRR_RR_V1","7.74","28.6","190","729","0.03863","1","False","10.19","10.85","13.08","13.46","253","270","328","338","50","STABLE","MNTRR","R","L","0.591977","0.422046","2.0989","1.0538","1.03971","4.32754","0.226077","0.136602","0.794271","0.179128","0.123735","0.71799","11.0113","5.95902","36.4003","30.0063","41.3663","0.396814","0.308304","5.92567","12.3923","31.4887","36.7467","0.408738","0.258077","0.0254934","0.117935","0.357341","0.594949","0.000630614","0.000413541","0.00223338","0.000000568691","0.0145261","0.0123085","0.0569398","107144","4850.5","21829.1","107.121","6.91903","4216.2","3742.44","15783.4","109.208","-18.2827","22.991","40.5754","-46.6985","9.20413","463.841","284.359","2614.55","463.874","661.425","28.71","4.34063","251.774","1034.65","463.971","2.23"
"50_MNTRR_RR_V1_an2","50_MNTRR_RR_V1","7.74","28.6","190","729","0.03863","2","False","17.95","18.41","22.17","22.65","454","466","563","575","50","STABLE","MNTRR","R","L","0.493683","0.390456","2.83791","0.703353","0.882592","5.30272","0.20567","0.126656","0.753507","0.19945","0.149632","0.830155","4.76407","2.32405","13.0689","11.1334","21.4472","0.215191","0.175986","2.16572","5.82439","8.291","28.5897","0.190439","0.183134","-0.146733","0.187325","0.56092","1.05573","0.00125955","0.000790758","0.00350575","0.00000221176","0.0167844","0.0113068","0.0476222","92304.3","4439.16","19863.5","94.0204","4.28779","2834.7","2128.73","10190.8","28.7153","-1.37974","5.09978","39.4676","-43.688","9.84501","423.137","232.061","1662.41","423.128","659.703","14.7941","2.24254","100.404","1591.05","423.152","3.76"
"50_MNTRR_RR_V1_an3","50_MNTRR_RR_V1","7.74","28.6","190","729","0.03863","3","True","25.9","26.36",NULL,"28.5","660","671",NULL,"727","50","STABLE","MNTRR","R","L","0.503371","0.348098","1.58557","1.0169","0.749831","4.27121","0.225","0.135247","0.970498","0.19549","0.111953","0.659604","8.44918","4.50417","17.2625","28.8838","16.3071","0.279971","0.131754","5.36569","8.31814","21.945","22.7847","0.283247","0.1656","-0.205413","0.0928076","0.437431","0.48115","0.00129342","0.000558342","0.00273395","0.00000198467","0.0173833","0.0132105","0.0621293","88038.8","2646.4","15186","91.0593","3.31083","2459.03","2027.14","7904.78","50.885","-1.13669","12.6632","48.5154","-56.4013","14.5536","432.124","238.801","1778.35","431.995","659.844","18.8687","2.85957","113.221","924.625","432.068","2.14"
"50_MNTRR_RR_V2_an1","50_MNTRR_RR_V2","7.66","29.05","192","744","0.03871","1","False","10.02","10.86","14.16","14.71","252","274","359","374","50","STABLE","MNTRR","R","L","0.588607","0.371298","1.95248","0.679236","0.488916","2.37397","0.228537","0.127314","0.72915","0.196493","0.165719","1.28603","6.6365","3.42717","14.0691","10.4208","21.7087","0.226166","0.0993727","6.00851","7.72734","19.4633","27.76","0.248719","0.15837","0.0284476","0.116746","0.317031","0.570425","0.000622963","0.000419452","0.00198144","0.000000564023","0.0145706","0.0119859","0.0503729","101546","6211.28","37368.5","102.456","8.83303","3343.1","3757.36","18846.7","44.9226","-89.4435","9.8113","45.9504","-53.1765","13.8135","436.605","236.136","1541.16","436.593","661.351","12.3373","1.86548","80.5674","1440.88","436.631","3.3"
"50_MNTRR_RR_V2_an2","50_MNTRR_RR_V2","7.66","29.05","192","744","0.03871","2","False","18.18","18.94","20.31","20.67","463","483","518","528","50","STABLE","MNTRR","R","L","0.793472","0.454106","1.90387","1.36512","1.03324","3.99901","0.294383","0.148233","0.795077","0.277477","0.152822","0.865865","7.38392","3.27313","17.3435","20.2778","17.3619","0.371823","0.10826","3.0615","8.69055","13.6097","29.058","0.373035","0.131389","-0.181448","0.0708623","0.387654","0.31711","0.00113405","0.000442889","0.00242284","0.00000148222","0.0120748","0.00918628","0.0377643","88032.9","2639.21","10893","91.063","3.88426","2135.62","1837.28","6842.17","29.5772","-86.9173","6.35663","43.7848","-56.7149","13.8297","449.075","242.305","1678.56","448.941","659.206","21.6101","3.27821","77.5156","615.064","448.952","1.37"
"50_MNTRR_RR_V2_an3","50_MNTRR_RR_V2","7.66","29.05","192","744","0.03871","3","False","20.83","21.42","22.03","22.73","532","547","563","581","50","STABLE","MNTRR","R","L","0.444503","0.313232","1.5347","0.778043","0.410479","1.5888","0.213458","0.121171","0.627793","0.188042","0.0927323","0.432777","2.75439","1.51073","6.4915","4.37867","9.74694","0.235381","0.0944242","1.73976","2.54063","6.002","7.17933","0.193664","0.0770359","0.0416602","0.180907","0.376683","0.666174","0.000942009","0.000677372","0.00235427","0.00000134621","0.0260597","0.0232546","0.0790961","95709.7","5616.9","18678.5","93.5434","3.60237","2649.01","2974.18","11974.1","31.765","-68.394","7.38073","20.5024","-72.4612","3.72724","436.231","242.245","1329.73","436.481","662.499","14.7237","2.22245","61.0361","266.243","436.463","0.61"
"50_MNTRR_RR_V2_an4","50_MNTRR_RR_V2","7.66","29.05","192","744","0.03871","4","True","26.2","26.73",NULL,"28.6","670","684",NULL,"732","50","STABLE","MNTRR","R","L","0.882791","0.415512","2.02477","1.09511","0.485247","2.12618","0.338461","0.179921","1.01465","0.231236","0.115432","0.746792","9.20555","2.06291","15.9926","20.2468","22.0339","0.321322","0.109574","4.61589","8.22829","20.1273","25.8457","0.258456","0.129168","-0.118741","0.246889","0.543395","1.02529","0.00144118","0.00092455","0.00339622","0.00000293178","0.0156293","0.0102795","0.0524639","92469","6111.29","24392.5","90.1626","3.15569","3177.13","2382.73","9013.58","52.8275","-110.045","10.7338","31.3974","-53.1489","9.67256","475.216","265.508","1625.52","475.11","662.329","19.8428","2.99592","91.5537","888.646","475.212","1.87"
"50_MNTRR_RR_V3_an1","50_MNTRR_RR_V3","7.68","29","189","734","0.03906","1","False","10.61","11.28","12.24","12.54","264","281","305","313","50","STABLE","MNTRR","R","L","0.576134","0.316701","1.44845","1.09598","0.846538","3.60049","0.206528","0.121154","0.607639","0.222301","0.185232","1.09137","4.55573","1.58135","7.61622","5.47056","12.4522","0.245762","0.0929541","0.824845","3.10935","2.773","10.794","0.225956","0.159829","-0.019648","0.131276","0.27519","0.507303","0.000704272","0.00043848","0.00171994","0.000000688263","0.0142871","0.00941993","0.037086","105093","6265.91","25013","111.803","3.79438","5394.48","5497.37","24786.8","47.302","-111.822","13.16","37.5381","-60.309","12.1118","459.734","255.401","1790.33","459.643","659.485","17.4052","2.63921","87.2812","441.294","459.682","0.96"
"50_MNTRR_RR_V3_an2","50_MNTRR_RR_V3","7.68","29","189","734","0.03906","2","False","12.91",NULL,NULL,"13.46","322",NULL,NULL,"336","50","UNSTABLE","MNTRR","R","L","0.650115","0.410741","1.76447","4.16386","1.60525","6.5284","0.294849","0.179137","0.818734","0.481167","0.176388","0.871788","6.53602","3.03446","11.7587","7.98294","8.47839","0.666726","0.275701","3.09026","3.68302","10.2867","11.9287","0.351045","0.111737","0.131212","0.0975376","0.315747","0.392343","0.000883905","0.000512697","0.00197342","0.00000104415","0.0149384","0.0100471","0.0338621","100234","1534.16","5748.42","95.6808","4.08462","1734.29","1037.03","4454.93","32.5747","-74.549","9.78087","14.0229","-67.9112","3.60354","460.402","250.068","1599.96","460.043","647.823","32.649","5.03981","100.099","253.018","460.033","0.55"
"50_MNTRR_RR_V3_an3","50_MNTRR_RR_V3","7.68","29","189","734","0.03906","3","False","13.76",NULL,NULL,"14.75","344",NULL,NULL,"370","50","UNSTABLE","MNTRR","R","L","0.853576","0.518383","2.19094","3.0725","1.4801","5.6123","0.250808","0.1777","1.01844","0.365381","0.24942","1.66542","13.5764","7.79336","38.5922","4.58767","49.4807","0.92011","0.383835","4.41856","15.0705","14.524","60.069","0.79321","0.753133","-0.0958098","0.109477","0.310754","0.445539","0.000745215","0.000520962","0.00194222","0.000000826747","0.0166641","0.00864794","0.0372922","91324.4","3626.15","11962.2","92.6749","4.57116","1711.13","1683.95","6966.36","29.546","-76.3478","8.00797","44.2705","-42.8238","17.6475","428.328","230.183","1405.1","428.354","656.453","19.4526","2.96329","83.3139","424.02","428.303","0.99"
"50_MNTRR_RR_V3_an4","50_MNTRR_RR_V3","7.68","29","189","734","0.03906","4","False","17.9","18.36","22.23","22.77","450","462","561","575","50","STABLE","MNTRR","R","L","0.833178","0.611481","4.20631","0.702017","0.565627","3.54416","0.292007","0.207287","1.39822","0.186839","0.122933","0.807141","7.22328","2.82389","21.5445","13.8465","31.1927","0.253837","0.15187","4.07856","6.46372","15.0417","32.6503","0.233946","0.186289","-0.128355","0.207119","0.519389","0.928977","0.00129519","0.000801088","0.00324618","0.00000231926","0.0166216","0.0143473","0.0751032","94702.3","4866.11","19650.4","91.3777","3.61855","2696.66","2347.78","13888.1","38.5838","-87.6394","8.3425","41.2371","-41.9333","11.6199","446.865","243.804","1495.87","446.839","660.971","17.7538","2.68602","98.8779","1729.48","446.894","3.87"
"50_MNTRR_RR_V3_an5","50_MNTRR_RR_V3","7.68","29","189","734","0.03906","5","True","26.26","26.79",NULL,"28.4","664","678",NULL,"719","50","STABLE","MNTRR","R","L","1.29924","0.70531","3.47631","1.09466","0.54038","2.576","0.455051","0.244206","1.27859","0.274203","0.166741","0.969962","9.52428","3.56093","17.7904","25.9898","18.5954","0.410328","0.152972","7.26391","5.59548","23.1123","25.6517","0.372091","0.20072","-0.173006","0.0893847","0.363309","0.351631","0.00108129","0.000558654","0.00227068","0.00000148128","0.0175059","0.0118991","0.0463806","89903","2503.24","10019.2","93.3546","4.39835","2636.25","1947.94","8168.75","60.0068","-83.5011","14.2761","43.6387","-41.0283","12.8949","476.906","274.295","1790.31","476.846","663.158","28.053","4.23022","115.357","767.906","476.96","1.61"
"50_TRLGL_RR_V1_an1","50_TRLGL_RR_V1","7.68","29.9","189","765","0.03855","1","True","10.79","11.61",NULL,"29.9","269","290",NULL,"765","50","STABLE","TRLGL","L","R","0.461864","0.339372","3.12055","0.318312","0.247856","2.54741","0.179089","0.112859","0.774161","0.127114","0.0803857","0.695288","10.8412","3.73533","20.5434","30.7795","26.3237","0.149312","0.0688666","11.3947","7.5257","36.3833","28.0967","0.134602","0.0656138","-0.152639","0.118013","0.391598","0.714513","0.00107681","0.000542773","0.00244749","0.00000145413","0.0153503","0.0112625","0.056189","92458.8","4226.56","26324.7","95.6043","3.98093","1947.42","1461.02","8495.7","55.4162","1.54079","10.1321","38.9778","59.6197","9.13615","426.578","232.66","1749.46","426.613","657.288","12.7744","1.9435","79.3467","7802.17","426.581","18.29"
"50_TRLGL_RR_V2_an1","50_TRLGL_RR_V2","7.67","29.67","172","739","0.0388","1","True","10.24","11.84",NULL,"29.67","238","279",NULL,"739","50","STABLE","TRLGL","L","R","0.468012","0.293904","2.04244","0.429014","0.314011","2.42607","0.17832","0.106977","0.875518","0.134441","0.079507","0.639783","12.3996","5.77116","26.2612","42.2286","22.1444","0.167343","0.0712234","14.6641","6.27385","58.936","26.502","0.15971","0.0806992","-0.14214","0.137928","0.415216","0.791807","0.00108429","0.000597211","0.0025951","0.00000153234","0.0168076","0.0122523","0.0681519","91642.8","4385.38","29432.2","94.5261","3.8915","2126.43","1672.5","11180.3","68.9448","-2.15161","14.5918","38.0135","57.0515","8.61503","426.414","232.014","1529.76","426.452","657.164","13.2345","2.01388","94.9106","7602.82","426.406","17.83"
"50_TRLGL_RR_V3_an1","50_TRLGL_RR_V3","7.61","29.65","190","761","0.03856","1","True","10.59","11.75",NULL,"29.65","267","297",NULL,"761","50","STABLE","TRLGL","L","R","0.452376","0.319643","2.17229","0.383696","0.276085","1.93852","0.169184","0.103259","0.860569","0.150179","0.153401","2.18746","10.9238","4.26177","21.3986","32.2302","26.3098","0.167237","0.0851059","8.93941","7.24235","34.9563","24.0037","0.148902","0.082842","-0.154709","0.141071","0.452563","0.823867","0.00116879","0.000588441","0.00282852","0.00000171234","0.0175334","0.0132526","0.0801766","92137.2","4250.56","25366.5","95.1799","4.22671","2253.96","1789.99","12774.2","50.1336","-18.9556","9.45069","40.3228","47.5606","10.3287","425.299","230.134","1754.45","425.287","657.155","12.7118","1.93437","98.5727","7612.94","425.304","17.9"
"50_TRLGR_RR_V1_an1","50_TRLGR_RR_V1","7.7","29.12","188","740","0.0388","1","True","10.54","11.44",NULL,"29.12","261","284",NULL,"740","50","STABLE","TRLGR","R","L","0.447275","0.345355","3.10309","0.432883","0.422863","3.97675","0.188836","0.130253","0.981334","0.151272","0.121777","0.949508","7.609","3.77754","18.7775","28.1087","28.1328","0.172331","0.0986243","5.28601","7.13498","24.87","31.3823","0.164973","0.0871327","-0.135085","0.148496","0.468708","0.85437","0.00110915","0.000586491","0.00292942","0.00000157417","0.0171369","0.0134685","0.0691785","91978.8","5577.72","48097.8","94.4407","5.0893","2142.38","1907.2","22153.5","52.7908","-29.5866","8.94967","43.0281","-69.4847","10.5975","421.198","229.621","1790.78","421.239","662.109","10.6107","1.60256","93.3847","7446.68","421.192","17.68"
"50_TRLGR_RR_V2_an1","50_TRLGR_RR_V2","7.63","28.81","192","740","0.03865","1","False","9.78","11.11","21","21.55","247","282","537","552","50","STABLE","TRLGR","R","L","0.503895","0.326817","1.98603","0.461142","0.354941","2.32406","0.199497","0.126643","1.2666","0.141246","0.0884596","0.764354","13.7528","6.0297","25.3881","40.9236","32.6393","0.211398","0.109609","12.8302","7.70248","49.2357","30.665","0.203507","0.10575","-0.0963397","0.180538","0.534798","1.03549","0.00109922","0.000653813","0.00334249","0.00000163575","0.0168294","0.0124878","0.073208","94038.6","6398.45","40102.4","95.8072","6.15372","2404.28","2336.38","20115.5","68.7958","-34.1659","13.3059","50.2881","-70.3508","13.4881","425.802","231.122","1716.93","425.809","662.309","13.5072","2.03941","93.3847","4211.19","425.803","9.89"
"50_TRLGR_RR_V2_an2","50_TRLGR_RR_V2","7.63","28.81","192","740","0.03865","2","True","21.83","22.45",NULL,"28.81","559","575",NULL,"740","50","STABLE","TRLGR","R","L","0.596045","0.557947","4.25934","0.417132","0.247658","1.37511","0.219662","0.170378","1.11132","0.130787","0.074634","0.500685","7.72741","4.61273","18.5992","31.4453","26.5786","0.245647","0.162662","7.85678","8.30911","41.6553","30.7517","0.236612","0.137741","-0.152046","0.143624","0.47943","0.933057","0.00116103","0.000600696","0.00299644","0.00000170882","0.0159828","0.01291","0.076661","90223.1","3680.53","25705.1","93.1868","3.89528","2478.15","1857.56","9981.59","97.6535","-6.14904","15.265","52.5276","-69.729","11.8587","438.863","252.633","2397.57","438.844","662.076","16.125","2.43552","187.076","2791.24","438.874","6.36"
"50_TRLGR_RR_V3_an1","50_TRLGR_RR_V3","7.6","29.28","187","748","0.0386","1","True","10.26","11.34",NULL,"29.28","255","283",NULL,"748","50","STABLE","TRLGR","R","L","0.567877","0.396626","2.74934","0.432246","0.287214","2.76292","0.229986","0.156139","1.30674","0.163401","0.127094","1.05229","13.2728","6.11227","27.7639","45.5071","31.484","0.20624","0.10514","14.2689","10.3233","54.3083","42.8467","0.179741","0.0971276","-0.160135","0.13311","0.517518","0.839773","0.00115504","0.00059974","0.00323448","0.00000169381","0.0167029","0.0141725","0.0709385","90827.4","5098.3","30911.7","93.3925","4.78071","2246.41","1811.94","12357.7","82.0241","13.0836","15.0402","48.8511","-36.2492","12.5421","425.334","235.427","1853.37","425.318","662.629","14.2177","2.14565","168.46","7630.38","425.328","17.94"
"51_MNTRL_RR_V1_an1","51_MNTRL_RR_V1","7.52","28.69","189","750","0.0377","1","False","9.91","10.11","11.98","12.14","252","257","307","311","51","STABLE","MNTRL","L","R","0.828923","0.608416","2.88178","1.63443","2.20134","10.3968","0.242942","0.191681","1.53311","0.259384","0.244169","1.19977","19.5749","14.5348","77.6543","15.3724","98.1296","0.815596","0.595817","5.7087","27.6623","17.703","108.908","0.834288","0.62527","-0.0668348","0.13702","0.390839","0.675314","0.000796751","0.000522546","0.00244274","0.000000907866","0.0174762","0.0137331","0.0613144","97238.3","4669.84","20109.2","104.781","4.38095","2876.06","2635.96","15126","71.6867","48.0785","16.1725","43.627","2.4584","12.0094","355.043","200.029","1334.58","354.982","909.382","31.1188","3.42197","174.869","664.005","355.083","1.87"
"51_MNTRL_RR_V1_an2","51_MNTRL_RR_V1","7.52","28.69","189","750","0.0377","2","False","12.69","12.9","13.7","13.87","326","331","352","357","51","STABLE","MNTRL","L","R","1.25984","0.621859","3.67954","2.8431","1.77336","7.06486","0.317666","0.230897","1.27588","0.460014","0.287391","1.50191","13.197","7.85443","41.639","15.0456","52.4003","1.05512","0.560845","5.64892","14.7773","23.3967","55.5017","1.01514","0.663656","0.078708","0.10858","0.263605","0.46304","0.000695855","0.000467231","0.00164753","0.000000702519","0.0160481","0.0103086","0.0375465","98111.5","2906.15","10805.7","92.3291","3.25637","2390.63","1778.81","8333.65","45.9984","22.5692","11.2991","28.5736","2.59466","6.8535","331.118","195.055","1229.37","331.163","900.834","51.3305","5.69811","184.939","264.959","331.199","0.8"
"51_MNTRL_RR_V1_an3","51_MNTRL_RR_V1","7.52","28.69","189","750","0.0377","3","False","18","18.2","19.53","19.7","466","472","507","512","51","STABLE","MNTRL","L","R","0.687127","0.679399","3.32825","1.81269","1.93","7.78782","0.217164","0.249367","1.68807","0.311776","0.290942","1.49194","16.4634","12.3203","62.2187","22.5862","75.1483","0.7932","0.644313","7.1508","23.022","28.123","86.0227","0.781889","0.697938","-0.0456862","0.288705","0.674893","1.21247","0.00148611","0.00106249","0.00421808","0.00000333741","0.0249724","0.0220228","0.0845366","97071.8","9091.19","35869.6","95.0155","4.23829","4007.13","3303.79","13974.3","53.7735","43.3155","10.4453","31.2399","6.87702","5.71721","338.711","196.234","1277.91","338.648","909.214","39.7635","4.37339","245.67","450.44","338.677","1.33"
"51_MNTRL_RR_V1_an4","51_MNTRL_RR_V1","7.52","28.69","189","750","0.0377","4","False","20.37","20.58","21.63","21.82","529","535","563","568","51","STABLE","MNTRL","L","R","0.987259","0.613753","4.18535","1.62992","1.42056","5.17633","0.288139","0.324214","2.51848","0.327561","0.261474","1.45547","17.1344","8.6882","50.4911","9.30633","67.2442","1.10645","0.565295","1.06951","19.0824","5.44433","72.9737","0.993043","0.706295","-0.0133292","0.295372","0.641405","1.01653","0.00152789","0.00103946","0.00400878","0.00000341493","0.0179481","0.0171672","0.0706545","99105.9","9230.48","32809","93.5289","4.3305","4072.5","3036.03","16382.9","57.1344","55.342","13.7191","31.9011","7.35153","8.54693","348.267","221.368","1465.93","348.322","909.925","31.7462","3.48888","199.893","365.773","348.355","1.05"
"51_MNTRL_RR_V1_an5","51_MNTRL_RR_V1","7.52","28.69","189","750","0.0377","5","True","25.87","26.07","27.83","28.04","675","681","727","733","51","STABLE","MNTRL","L","R","0.69224","0.513584","3.21611","1.52744","1.8565","8.80873","0.299783","0.318105","2.00068","0.265541","0.272341","1.37132","19.4865","13.3878","74.5283","12.6078","95.2422","0.892279","0.611593","2.06917","25.9432","13.0967","106.151","0.858366","0.709861","-0.131542","0.326454","0.792041","1.43917","0.00173022","0.00135839","0.00495026","0.00000483888","0.0265302","0.0173736","0.064597","102200","9054.56","30157.2","95.2098","3.48079","3133.72","3666.06","21121.4","43.7176","43.0373","8.95578","21.6127","2.43059","5.02758","317.268","190.829","1516.28","317.235","913.399","37.4571","4.10084","204.471","558.37","317.256","1.76"
"51_MNTRL_RR_V2_an1","51_MNTRL_RR_V2","7.58","29.45","193","769","0.03791","1","False","9.81","10.02","10.96","11.13","251","257","282","286","51","STABLE","MNTRL","L","R","0.653458","0.58269","2.92174","2.13211","1.56041","7.82399","0.231276","0.234102","1.42467","0.434115","0.249083","1.15416","12.7032","6.91415","33.2274","13.9961","44.0116","0.739172","0.316","3.3931","13.289","10.3397","45.381","0.63219","0.229736","-0.116832","0.0949651","0.391471","0.455804","0.000761126","0.000553313","0.0024467","0.000000885468","0.0172573","0.0148662","0.0555202","94346.9","3695.71","15151.3","95.6939","1.66768","3774.58","3175.31","10478.3","66.4453","27.3749","23.4063","25.9577","5.28541","8.86829","339.221","203.188","1429.57","339.345","911.481","35.2609","3.86853","169.68","318.958","339.317","0.94"
"51_MNTRL_RR_V2_an2","51_MNTRL_RR_V2","7.58","29.45","193","769","0.03791","2","False","11.73","11.92","13.99","14.2","302","307","362","367","51","STABLE","MNTRL","L","R","0.987496","0.583248","2.75276","1.26744","1.76221","8.37413","0.25089","0.169409","1.1363","0.264736","0.214021","1.13157","23.6895","16.9933","92.5213","12.4137","116.917","0.86079","0.651778","3.46833","32.8697","12.9557","130.823","0.859639","0.646828","0.0710861","0.1144","0.310295","0.441967","0.000675737","0.000501992","0.00193934","0.000000708617","0.0156549","0.010698","0.039871","102045","3558.31","14244.6","95.3775","2.91354","1937.38","1610.47","6021.14","64.5621","25.8241","11.9969","47.9254","-5.96601","16.8779","344.358","192.922","1083.39","344.413","917.285","36.4903","3.97808","192.874","712.882","344.388","2.07"
"51_MNTRL_RR_V2_an3","51_MNTRL_RR_V2","7.58","29.45","193","769","0.03791","3","False","18.04","18.25","21.45","21.6","468","474","558","562","51","STABLE","MNTRL","L","R","0.548376","0.538037","2.9347","1.0142","1.77984","8.90464","0.157598","0.163606","1.67239","0.199905","0.199259","1.02917","21.0639","16.4296","106.942","38.9467","122.802","0.594872","0.726572","12.6841","27.4604","47.0733","129.774","0.587552","0.669531","-0.120515","0.31798","0.97258","1.84143","0.00163654","0.00135601","0.00607863","0.00000451701","0.0200636","0.0160993","0.0758926","98094","6885.24","26491.4","96.617","3.38567","2753.13","2308.49","10686.8","65.2126","20.0964","11.5223","36.0593","-2.84621","6.82053","309.954","175.233","1251.6","309.944","915.147","30.1047","3.2896","240.788","991.794","309.936","3.2"
"51_MNTRL_RR_V2_an4","51_MNTRL_RR_V2","7.58","29.45","193","769","0.03791","4","True","25.97","26.26","28.06","28.49","678","686","733","744","51","STABLE","MNTRL","L","R","0.654818","0.429235","1.84011","0.790537","0.434144","2.03581","0.181027","0.126549","0.743544","0.191066","0.134118","0.83535","23.7823","17.9711","90.7393","21.4834","115.23","0.826416","0.656609","7.48943","34.4104","28.166","137.228","0.918564","0.808969","-0.196679","0.0800788","0.417858","0.407805","0.00122924","0.000500492","0.00261161","0.00000176153","0.012188","0.0103999","0.0376814","91437.4","2302.29","11993.4","94.1767","3.948","1893.7","1256.97","4715.25","22.7798","25.9495","4.85955","47.8564","-5.74069","13.5154","313.211","176.012","1252.34","313.249","911.992","32.2355","3.53462","205.081","563.846","313.248","1.8"
"51_MNTRL_RR_V3_an1","51_MNTRL_RR_V3","7.65","29.59","196","773","0.03799","1","False","10","10.18","11.13","11.27","257","262","287","291","51","STABLE","MNTRL","L","R","0.791209","0.577415","2.21335","1.86487","1.16608","5.95509","0.240281","0.177668","1.04806","0.396526","0.237344","1.18475","8.15672","3.70934","24.0656","15.9379","27.369","0.558027","0.385201","8.96357","6.00687","26.5907","24.782","0.485668","0.293589","-0.120699","0.102338","0.331557","0.432825","0.000837232","0.000526519","0.00207223","0.000000978179","0.0202828","0.0149206","0.0529476","95656.4","2941.78","12172.9","102.028","2.56144","2877.78","2048.37","7462.56","27.8767","-22.0914","6.1964","32.9325","1.05895","9.51861","334.846","190.69","1313.3","335.07","913.943","33.3835","3.65269","153.506","318.196","334.943","0.95"
"51_MNTRL_RR_V3_an2","51_MNTRL_RR_V3","7.65","29.59","196","773","0.03799","2","False","11.57","11.73","14.22","14.39","299","303","368","373","51","STABLE","MNTRL","L","R","0.546869","0.728463","4.09252","1.1022","1.67338","8.54018","0.158888","0.183373","1.3458","0.240384","0.224121","1.14856","20.6785","15.5756","86.8241","47.1229","101.227","0.64717","0.583171","15.5532","26.3946","51.556","117.07","0.653718","0.614333","0.13129","0.136454","0.460842","0.639271","0.000958078","0.000694792","0.00288026","0.00000140065","0.0148567","0.0103021","0.0430161","100491","4400.24","18151.2","94.5384","4.13625","2298.49","1774.93","7333.9","86.8398","-17.6672","19.6123","54.4612","5.15014","12.221","309.947","179.671","1186.79","310.012","913.582","28.384","3.10689","160.219","771.88","309.992","2.49"
"51_MNTRL_RR_V3_an3","51_MNTRL_RR_V3","7.65","29.59","196","773","0.03799","3","False","17.93","18.15","20","20.19","466","472","521","526","51","STABLE","MNTRL","L","R","0.62659","0.618837","3.55975","1.19072","1.76953","9.16018","0.183509","0.21294","1.84841","0.259988","0.233403","1.15545","18.4895","12.8599","74.2172","16.2874","92.4398","0.80721","0.616505","5.37494","23.7383","19.8643","102.15","0.777074","0.65437","-0.197369","0.303479","0.982742","1.59778","0.00173426","0.00145315","0.00614214","0.0000051193","0.0227048","0.0211853","0.0882671","98173","7846.45","34194.4","96.6624","3.81888","3493.59","3283.5","13069.8","31.3841","-16.2268","7.8657","11.2951","16.9268","2.11316","302.24","170.944","1138.08","302.217","922.113","26.0511","2.82515","167.543","559.085","302.208","1.85"
"51_MNTRL_RR_V3_an4","51_MNTRL_RR_V3","7.65","29.59","196","773","0.03799","4","False","21.11","21.28","21.9","22.08","550","554","571","575","51","STABLE","MNTRL","L","R","0.910625","0.641446","3.60548","2.52231","2.03996","6.20755","0.417527","0.531432","2.24309","0.416338","0.228109","1.26162","6.29389","4.02349","20.0154","5.12878","26.0048","0.82743","0.661238","1.00467","7.08461","3.66867","24.348","0.785198","0.41204","0.0623342","0.20134","0.444292","0.693472","0.000976687","0.000883949","0.00277683","0.00000173528","0.0187871","0.0187468","0.0727813","105483","10541.1","34438.9","90.8801","2.19957","4063.82","3449.56","14093.3","11.928","14.0434","2.72729","14.2857","13.1249","3.81045","304.573","174.834","1034.73","304.685","909.675","39.8825","4.38426","217.594","188.862","304.615","0.62"
"51_MNTRL_RR_V3_an5","51_MNTRL_RR_V3","7.65","29.59","196","773","0.03799","5","True","25.92","26.09","28.57","28.82","676","681","746","753","51","STABLE","MNTRL","L","R","0.670815","0.758907","6.00597","1.28532","2.18648","11.2647","0.201446","0.234206","2.0616","0.229601","0.210707","1.07738","28.977","22.0691","134.842","40.0494","161.492","1.03879","1.06768","10.427","39.2517","46.9523","177.79","0.954848","1.04633","-0.147392","0.26916","0.799615","1.44599","0.00156706","0.00110584","0.00499759","0.00000367857","0.0178741","0.0133486","0.0605016","97208.1","8761.11","35613","92.6797","3.72681","3283.96","2753.76","10585","69.5382","-29.2366","8.93746","29.8625","9.95212","6.53518","320.149","187.967","1412.08","320.257","926.458","57.1691","6.17072","396.735","794.038","320.177","2.48"
"51_MNTRR_RR_V1_an1","51_MNTRR_RR_V1","7.62","28.97","188","751","0.03791","1","False","9.78","9.98","12.45","12.57","244","250","315","318","51","STABLE","MNTRR","R","L","0.634721","0.669952","3.41306","1.48692","2.05506","10.0577","0.201066","0.208313","2.00962","0.260232","0.221485","1.4214","27.0315","20.6103","114.985","60.0938","133.594","0.780529","0.786998","20.8136","31.9778","70.9363","142.52","0.806343","0.813943","-0.0413992","0.120787","0.331939","0.613899","0.000660104","0.000448452","0.00207462","0.000000636847","0.0167309","0.0125625","0.048264","98828.9","6163.1","24541.6","100.613","4.53932","3238.31","2989.88","13530","65.9494","-25.2677","15.9802","78.9344","-68.0507","18.4531","382.572","211.086","1441.41","382.568","909.919","34.3741","3.77771","297.551","944.859","382.534","2.47"
"51_MNTRR_RR_V1_an2","51_MNTRR_RR_V1","7.62","28.97","188","751","0.03791","2","False","13.29","13.45","14.19","14.39","337","341","361","366","51","STABLE","MNTRR","R","L","0.941333","0.657122","4.14184","2.06835","1.69809","5.89648","0.391456","0.436717","2.41269","0.373783","0.282352","1.3783","10.1294","5.62928","31.715","10.0024","39.5818","0.852248","0.592298","2.5237","12.7182","9.613","45.3807","0.820755","0.487109","-0.0368433","0.115325","0.23815","0.441769","0.000624241","0.000427637","0.00148844","0.000000572551","0.0169025","0.0103763","0.0409084","93765.5","2388.16","8426.11","90.9545","2.49984","1516.73","1034.9","3583.7","44.8863","-15.0766","15.7419","32.3308","-72.2919","9.01613","388.291","207.186","1254.59","388.406","893.457","39.3844","4.40809","162.356","287.435","388.426","0.74"
"51_MNTRR_RR_V1_an3","51_MNTRR_RR_V1","7.62","28.97","188","751","0.03791","3","False","17.92","18.17","20.18","20.42","459","466","519","525","51","STABLE","MNTRR","R","L","0.705112","0.601824","3.49875","1.36984","2.40527","13.9665","0.222328","0.171147","1.15355","0.272604","0.261868","1.75957","28.4727","24.6899","130.296","32.6124","154.98","0.990593","1.05543","8.60087","41.3201","35.3803","169.112","1.0364","1.07556","-0.132187","0.185699","0.403959","0.77879","0.0013046","0.000572361","0.00252474","0.00000202959","0.0199616","0.0150147","0.0655254","93402.7","9601.23","42346.4","91.3778","3.53377","3184.57","3211.21","15812.8","37.65","-24.1459","10.1757","41.8232","-72.1539","10.5236","380.515","209.084","1348.29","380.492","918.247","26.7371","2.91176","185.855","764.734","380.465","2.01"
"51_MNTRR_RR_V1_an4","51_MNTRR_RR_V1","7.62","28.97","188","751","0.03791","4","False","21.2",NULL,NULL,"21.56","547",NULL,NULL,"555","51","UNSTABLE","MNTRR","R","L","2.30663","0.938442","4.51212","6.58663","0.931734","8.40627","0.353808","0.136635","0.652224","0.523749","0.230804","1.04117","45.8352","26.6169","100.904","18.9662","171.849","4.89391","1.31281","12.3458","55.7916","40.1947","182.669","5.20348","1.90745","0.234708","0.153587","0.454513","0.449488","0.00146692","0.00095992","0.00284071","0.00000307331","0.0233298","0.0122495","0.04","101859","4108.51","12607.5","91.2001","3.15904","4161.98","3309.25","12607.5","50.4678","-13.9626","11.4072","38.1347","-73.1527","11.6812","454.025","277.215","1970.92","452.681","810.397","93.8517","11.5809","433.661","162.926","452.572","0.36"
"51_MNTRR_RR_V1_an5","51_MNTRR_RR_V1","7.62","28.97","188","751","0.03791","5","True","25.69","25.91","28.71","28.97","664","670","744","751","51","STABLE","MNTRR","R","L","0.702944","0.629164","3.18819","1.22636","2.10676","11.6945","0.190721","0.137151","0.921158","0.193716","0.163938","0.998804","32.0093","30.032","169.613","62.3633","197.584","0.926028","1.10649","13.2189","48.2349","64.9877","213.609","0.948525","1.10795","-0.113064","0.185886","0.540034","0.904039","0.00114329","0.000736197","0.00337521","0.00000184911","0.0211926","0.0153175","0.0780755","96018.4","9011.12","36656.8","92.7581","5.21613","2956.48","2990.81","17262.1","33.4118","-18.669","8.87523","70.6319","-72.7897","19.671","373.912","198.353","1306.93","374.029","913.679","21.7023","2.37526","177.615","1047.23","374.009","2.8"
"51_MNTRR_RR_V2_an1","51_MNTRR_RR_V2","7.71","29.76","191","774","0.03781","1","False","10.36","10.56","13.47","13.62","261","266","343","347","51","STABLE","MNTRR","R","L","0.807441","0.835776","4.28864","1.35646","2.37827","12.8125","0.199796","0.138856","0.774878","0.235877","0.210576","1.26889","34.6272","30.2129","174.318","76.6674","197.46","0.883395","1.11878","19.3094","49.9448","90.306","215.745","0.899956","1.12003","0.0210754","0.175526","0.385967","0.680076","0.000937585","0.000584615","0.00241229","0.00000122084","0.0168276","0.0116848","0.0495981","97905.1","5336.15","20796.6","97.0306","6.62514","2601.65","1988.03","8402.58","106.026","-15.3939","15.0826","69.4526","-86.6172","18.8905","407.495","238.816","2187.96","407.547","914.893","38.0659","4.16069","379.95","1186.05","407.576","2.91"
"51_MNTRR_RR_V2_an2","51_MNTRR_RR_V2","7.71","29.76","191","774","0.03781","2","False","18.39","18.6","21.07","21.32","473","479","544","550","51","STABLE","MNTRR","R","L","0.797078","0.734492","3.58156","1.34103","2.24919","11.4723","0.251116","0.202644","1.045","0.22547","0.195384","1.09565","29.0199","25.7863","142.018","40.7734","169.487","0.921281","0.983952","9.84967","46.2743","47.382","193.301","0.973203","0.947771","-0.152861","0.149074","0.475087","0.788424","0.00118872","0.000606444","0.0029693","0.00000178084","0.0189229","0.0173949","0.0960219","92166.6","10151","39644.9","89.8824","3.98057","2744.32","2714.38","15867.2","50.8626","-2.2148","10.4457","73.9408","-92.9958","21.5313","398.58","223.761","1433.06","398.509","910.986","38.7521","4.25386","258.488","984.451","398.563","2.47"
"51_MNTRR_RR_V2_an3","51_MNTRR_RR_V2","7.71","29.76","191","774","0.03781","3","False","22.2",NULL,NULL,"22.48","574",NULL,NULL,"581","51","UNSTABLE","MNTRR","R","L","1.07764","0.507618","2.18994","4.61568","0.382783","5.3682","0.233511","0.146536","0.687714","0.368619","0.154616","0.703436","17.5331","10.29","42.4941","21.2864","60.5436","2.3622","1.26693","5.45723","19.3044","18.159","61.2193","2.37329","1.52067","-0.260457","0.0700994","0.365941","0.208829","0.00162786","0.000438121","0.00228713","0.00000284186","0.0125005","0.00926077","0.028997","97617","2662.05","7824.84","96.3924","4.69262","1661.78","1425.08","4658.22","8.19218","28.391","1.94702","8.44334","-98.7","2.4754","370.336","189.443","1009.68","370.33","870.79","11.7153","1.34536","43.0298","103.703","370.367","0.28"
"51_MNTRR_RR_V2_an4","51_MNTRR_RR_V2","7.71","29.76","191","774","0.03781","4","True","26.29","26.5","28.72","28.86","682","687","746","750","51","STABLE","MNTRR","R","L","0.943858","0.66696","2.93891","2.63717","3.67289","17.3781","0.206628","0.140402","0.997781","0.349049","0.257661","1.59714","53.8099","31.0917","169.885","217.232","98.1844","1.37792","0.877042","63.4048","30.965","206.563","120.775","1.37224","0.585406","-0.175096","0.127963","0.495183","0.65683","0.00120095","0.000628448","0.00309489","0.00000183723","0.0159022","0.0132843","0.066669","93965.1","11365.1","44118.7","91.2803","4.59061","3220.07","2806.39","12874.6","99.0057","66.338","35.4686","94.7148","-71.1483","31.5616","386.397","208.191","1330.34","386.441","907.306","35.0555","3.86369","221.561","858.002","386.487","2.22"
"51_MNTRR_RR_V3_an1","51_MNTRR_RR_V3","7.77","30.11","193","782","0.03793","1","False","9.83","10.13","12.27","12.47","247","255","311","316","51","STABLE","MNTRR","R","L","0.503932","0.269082","1.68253","0.677973","0.742222","5.82352","0.145734","0.0867377","0.452877","0.200413","0.164127","1.02394","16.9232","11.8836","67.1091","21.1719","83.0096","0.516918","0.462717","6.36674","21.4853","19.786","91.784","0.537233","0.522455","-0.1017","0.11312","0.398789","0.563048","0.000750647","0.000583437","0.00249243","0.000000903869","0.0164332","0.0126452","0.0530613","97151.4","4919.78","22259.5","102.189","3.68068","4132.99","3593.35","16150.2","46.2511","6.24833","11.8556","47.589","-70.8694","12.9967","371.292","200.292","1352.39","371.359","914.141","11.7556","1.28597","62.562","794.826","371.414","2.14"
"51_MNTRR_RR_V3_an2","51_MNTRR_RR_V3","7.77","30.11","193","782","0.03793","2","False","18.05","18.32","20.52","20.72","464","471","529","534","51","STABLE","MNTRR","R","L","0.488262","0.332808","2.11287","0.713125","0.996024","6.4767","0.18631","0.131384","0.941884","0.175542","0.150889","0.886617","18.229","12.6507","73.7197","20.7398","89.8869","0.606294","0.514104","6.83428","26.3661","20.7323","108.67","0.697375","0.600904","-0.131886","0.160567","0.346515","0.69284","0.00115813","0.000587599","0.00216572","0.00000168654","0.0171472","0.0151038","0.0554271","93602.4","7444.22","34802.7","91.8042","3.95428","3303.95","2345.01","12844.1","60.2368","16.3172","17.0693","30.6094","-79.1814","6.91088","365.951","189.434","1147.94","365.826","915.205","10.6094","1.15923","56.1533","804.85","365.841","2.2"
"51_MNTRR_RR_V3_an3","51_MNTRR_RR_V3","7.77","30.11","193","782","0.03793","3","True","26.07","26.33",NULL,"29.3","675","682",NULL,"760","51","STABLE","MNTRR","R","L","0.281578","0.229304","1.46488","0.349333","0.42419","2.6145","0.105949","0.0792876","0.642466","0.118171","0.0846908","0.553391","9.66516","6.5323","34.502","32.5444","36.0946","0.212508","0.183496","9.78293","8.94562","35.0503","38.4713","0.207761","0.151752","-0.112203","0.149883","0.42635","0.789738","0.00103253","0.000550625","0.00266469","0.00000136932","0.0148645","0.0113473","0.050238","94075.4","6575.54","31840.1","93.7641","3.07863","2438.88","2460.28","15696.4","46.5896","-4.09616","11.8508","39.7755","-64.7459","8.86358","357.449","187.776","1117.76","357.519","914.871","8.07553","0.882696","51.5757","1061.92","357.549","2.97"
"51_TRLGL_RR_V1_an1","51_TRLGL_RR_V1","7.68","30.73","194","802","0.03787","1","False","9.69","10.03","14.94","15.18","247","256","385","392","51","STABLE","TRLGL","L","R","0.549784","0.460652","2.49168","0.537686","0.609018","5.67214","0.152996","0.116608","0.809781","0.167207","0.141005","0.873461","14.6935","9.04475","45.4581","37.3484","53.3865","0.319214","0.181642","16.3256","9.43612","46.715","53.843","0.31285","0.208102","0.00229999","0.190474","0.531362","0.960675","0.000958403","0.000706305","0.00332101","0.0000014174","0.0158841","0.0121954","0.0576796","95705.5","5444.07","23448.6","96.7335","4.58513","2919.49","2363.66","13117.2","82.7832","-45.759","18.3159","44.1612","34.1894","11.7383","327.081","185.5","1336.98","327.137","910.065","20.6817","2.27255","135.501","1606.04","327.096","4.91"
"51_TRLGL_RR_V1_an2","51_TRLGL_RR_V1","7.68","30.73","194","802","0.03787","2","False","15.76","16.03","18.42","18.66","407","414","477","483","51","STABLE","TRLGL","L","R","0.409622","0.389067","2.76042","0.683056","0.98914","5.28217","0.139265","0.147639","1.35814","0.180185","0.166144","0.820003","8.80594","4.66772","27.8749","20.2084","33.086","0.320652","0.23356","7.7593","8.63311","22.348","39.445","0.327871","0.250467","-0.240099","0.150379","0.763673","0.803627","0.00150842","0.000927291","0.00477296","0.00000313521","0.0195144","0.0138854","0.0554026","91584.9","4987.67","23195.2","93.4451","3.28355","2808.61","1884.44","9105.45","43.489","-56.779","12.8554","30.2894","39.0364","6.47821","309.638","171.428","1062.88","309.722","910.437","20.9192","2.2977","136.416","740.147","309.685","2.39"
"51_TRLGL_RR_V1_an3","51_TRLGL_RR_V1","7.68","30.73","194","802","0.03787","3","False","19.31","19.57","21.34","21.53","501","507","554","559","51","STABLE","TRLGL","L","R","0.69664","0.665305","3.87244","1.26836","1.41562","6.98912","0.19612","0.170135","1.03553","0.284944","0.253374","1.54455","18.249","8.50728","51.8253","32.4613","66.8145","0.650552","0.393268","13.8407","16.1339","35.9597","69.1227","0.638449","0.431332","-0.205523","0.0822124","0.398033","0.352703","0.00128452","0.000513827","0.0024877","0.000001914","0.0136983","0.00967426","0.0377994","91391.6","2152.56","10071.6","95.0318","3.24339","2189.83","1788.21","6706.15","80.3957","-51.6501","21.3647","39.9853","35.1721","12.498","332.793","193.527","1292.04","332.835","909.051","21.4033","2.35447","117.188","589.032","332.786","1.77"
"51_TRLGL_RR_V1_an4","51_TRLGL_RR_V1","7.68","30.73","194","802","0.03787","4","True","22.33","22.55","30.2","30.46","580","586","788","795","51","STABLE","TRLGL","L","R","0.427388","0.426876","3.29066","0.510961","0.763514","5.36652","0.138643","0.134993","1.4957","0.158879","0.187615","1.78653","12.4363","7.52994","43.534","34.2461","66.7204","0.296775","0.26258","9.84663","12.129","39.5697","74.861","0.288395","0.277954","-0.194232","0.271535","0.797385","1.56755","0.00171603","0.00118703","0.00498366","0.0000043538","0.0191435","0.0143438","0.062118","93982.7","6747.79","32762.7","93.7526","3.76605","3067.48","2405.58","13628.5","53.7708","-59.5536","10.8074","45.2714","28.9355","11.1195","314.101","175.17","1406.88","314.083","909.403","20.7579","2.28258","175.783","2402.65","314.072","7.65"
"51_TRLGL_RR_V2_an1","51_TRLGL_RR_V2","7.64","31.06","189","804","0.03803","1","False","10.02","10.27","18.95","19.22","251","258","486","493","51","STABLE","TRLGL","L","R","0.678732","0.575659","4.34714","0.954728","0.88031","5.19165","0.183097","0.153681","1.10888","0.224829","0.179603","1.34268","19.931","10.3762","56.3045","67.6247","78.6946","0.461925","0.227124","21.1185","16.927","76.532","85.6353","0.417291","0.261602","-0.117662","0.152233","0.545436","0.921658","0.0009977","0.000671308","0.00340898","0.00000144606","0.0164125","0.0128467","0.059579","93678","6054.33","31647.3","94.561","6.43548","2802.58","2158.02","11966.4","138.919","-22.2946","25.5094","52.3409","38.728","16.2583","325.743","182.408","1333.47","325.73","909.052","24.9503","2.74465","215.762","2827.4","325.737","8.68"
"51_TRLGL_RR_V2_an2","51_TRLGL_RR_V2","7.64","31.06","189","804","0.03803","2","False","20.16","20.65","20.75","21.13","518","531","533","543","51","STABLE","TRLGL","L","R","0.303307","0.131552","0.426608","1.21497","0.262092","1.5741","0.146972","0.0598566","0.242807","0.414252","0.238988","0.893614","1.24692","0.708541","2.65703","0.918","1.4305","0.457079","0.176851","0.667494","0.651962","1.932","1.854","0.268425","0.0917826","-0.114381","0.111462","0.233614","0.268142","0.000858746","0.000508831","0.00146009","0.000000996354","0.0220338","0.00731537","0.0293492","90784.5","2452.92","5646.37","95.1396","1.37536","5124.24","522.135","5646.37","6.05797","-1.72354","1.55806","1.0888","52.2018","0.269634","292.336","171.222","840.37","290.623","944.782","14.6627","1.55197","51.2695","29.0558","290.558","0.1"
"51_TRLGL_RR_V2_an3","51_TRLGL_RR_V2","7.64","31.06","189","804","0.03803","3","False","21.59","21.91","23.97","24.2","555","564","618","624","51","STABLE","TRLGL","L","R","0.870269","0.693286","3.27757","1.01995","1.02515","6.47624","0.225454","0.170156","0.881708","0.318207","0.270298","1.46148","25.3502","20.8842","86.1376","43.0973","74.519","1.00263","1.25433","11.6778","15.2802","41.8447","56.9567","0.631632","0.550465","-0.194305","0.0922682","0.385589","0.47199","0.00123404","0.000533363","0.00240993","0.00000180733","0.017382","0.01319","0.0604717","90945.8","2730.61","11749.7","93.8081","3.438","2436.45","2140.33","10515.6","61.937","-30.2394","12.5118","40.0836","41.1746","12.4741","328.044","181.53","1327.41","328.075","916.627","52.2211","5.6971","297.246","675.848","328.082","2.06"
"51_TRLGL_RR_V2_an4","51_TRLGL_RR_V2","7.64","31.06","189","804","0.03803","4","False","25.21","25.6","25.75","26.35","650","661","665","680","51","STABLE","TRLGL","L","R","0.476675","0.25683","1.07836","1.38755","0.335839","1.95455","0.204456","0.154266","0.531456","0.286527","0.117977","0.494435","2.69546","1.55648","5.76282","5.32061","7.76206","0.692484","0.182534","2.78621","1.67788","8.778","5.838","0.719367","0.0892506","-0.210276","0.0495277","0.298481","0.145016","0.00131423","0.000309548","0.0018655","0.00000182301","0.0123879","0.00607391","0.0201575","91819.5","2790.51","7246.38","97.3373","2.90178","4083.84","3024.67","7212.15","17.52","-11.2239","5.37339","5.37457","52.7543","1.51913","311.266","183.634","920.71","311.856","890.935","20.0749","2.25324","61.0361","46.7634","311.756","0.15"
"51_TRLGL_RR_V2_an5","51_TRLGL_RR_V2","7.64","31.06","189","804","0.03803","5","True","26.64","26.87",NULL,"31.06","688","694",NULL,"804","51","STABLE","TRLGL","L","R","0.857429","0.705992","3.75096","1.22462","1.01358","4.39178","0.247585","0.229351","1.76913","0.286787","0.218693","1.66208","11.049","5.58376","25.0855","36.8627","23.5796","0.317516","0.142919","11.8423","8.87715","43.171","33.553","0.344373","0.192814","-0.200696","0.246509","0.937753","1.53075","0.00164615","0.00111233","0.00586096","0.00000394711","0.0229094","0.0203804","0.164213","95223.1","6697.53","31564.2","94.2202","4.36183","3378.57","2433.61","12668.1","70.4759","-27.7344","17.7761","42.1576","22.2897","12.5105","334.575","186.511","1524","334.552","907.966","32.4395","3.57277","276.798","1401.84","334.569","4.19"
"51_TRLGL_RR_V3_an1","51_TRLGL_RR_V3","7.66","30.25","199","786","0.03844","1","False","9.93","10.17","18.37","18.56","258","264","477","482","51","STABLE","TRLGL","L","R","0.700061","0.686015","5.73888","0.74025","0.845167","8.61886","0.193172","0.19369","2.03142","0.21816","0.193218","1.28483","16.7809","12.4934","86.3124","51.1913","110.532","0.476954","0.342748","16.353","20.7853","77.2397","131.006","0.431465","0.373793","-0.0982032","0.178348","0.774428","1.08087","0.00100856","0.000775897","0.00484017","0.00000161922","0.0169654","0.0127326","0.0615091","94880.5","4590.24","23720.6","96.0877","5.74233","2677.6","2214.68","11261.4","123.192","-30.0351","19.5462","59.6531","40.4114","15.4555","335.182","210.844","2658.84","335.109","909.713","37.6099","4.13426","374.456","2748.23","335.15","8.2"
"51_TRLGL_RR_V3_an2","51_TRLGL_RR_V3","7.66","30.25","199","786","0.03844","2","False","19.25","19.54","22.74","22.98","500","508","591","597","51","STABLE","TRLGL","L","R","0.705178","0.626141","3.64006","0.746692","0.737286","5.38967","0.201899","0.15052","1.06999","0.200622","0.154639","0.842668","19.6638","10.4254","49.7992","60.4562","59.4803","0.803652","0.921982","15.953","12.656","63.6743","61.9157","0.51295","0.423084","-0.17837","0.093355","0.441465","0.46765","0.00111871","0.000575962","0.00275916","0.00000158325","0.0178135","0.0119532","0.0454417","92030.2","2103.28","10788.4","96.4572","3.19112","2028","1805.34","8758.68","80.2143","-39.5333","16.9691","35.1332","42.7144","8.94752","330.93","183.225","1143.84","330.891","910.15","51.2281","5.62853","345.465","1058.95","330.921","3.2"
"51_TRLGL_RR_V3_an3","51_TRLGL_RR_V3","7.66","30.25","199","786","0.03844","3","False","23.82","24.19","26.98","27.22","619","629","701","707","51","STABLE","TRLGL","L","R","0.628965","0.393378","2.30151","0.70836","0.52464","4.62496","0.182194","0.119272","0.591047","0.198809","0.137226","1.15301","24.4013","9.75702","58.2741","72.4985","74.1982","0.723137","0.323002","24.2799","17.8587","85.2203","80.0883","0.707314","0.392935","-0.153298","0.286196","0.753763","1.48417","0.00161594","0.00122729","0.00471102","0.00000411752","0.0168403","0.0139862","0.0576572","96475.4","7510.42","32210.3","94.2801","3.5318","3236.64","2726.2","10992.6","94.4699","-39.3252","25.3531","36.3863","41.8453","9.09954","324.178","180.13","1207.96","324.162","910.93","22.5806","2.47885","116.579","904.514","324.199","2.79"
"51_TRLGL_RR_V3_an4","51_TRLGL_RR_V3","7.66","30.25","199","786","0.03844","4","False","28.03","28.25","28.78","29.36","728","734","748","763","51","STABLE","TRLGL","L","R","0.713533","0.341323","1.53861","1.66781","0.737056","2.9281","0.254303","0.194769","0.962017","0.392677","0.205821","1.12291","10.234","5.68864","26.6107","6.84056","39.0323","0.833518","0.436136","1.28646","13.0845","4.499","41.66","0.851113","0.45566","-0.204554","0.0930888","0.384224","0.336612","0.00127846","0.000581805","0.0024014","0.00000197296","0.0136902","0.0113946","0.0391875","90040.7","3724.71","15192","91.3033","3.72838","3622.57","2797.75","9086.35","27.9427","-2.27613","8.77439","15.7498","17.8696","4.2148","334.267","175.88","1040.2","334.355","906.963","41.4931","4.57495","154.726","177.218","334.374","0.53"
"51_TRLGL_RR_V3_an5","51_TRLGL_RR_V3","7.66","30.25","199","786","0.03844","5","True","29.77",NULL,NULL,"30.25","774",NULL,NULL,"786","51","UNSTABLE","TRLGL","L","R","1.64216","0.59884","3.30478","5.79678","2.38262","10.1438","0.472531","0.257443","1.31349","1.01276","0.533409","2.40522","11.4576","6.19313","25.2977","38.5834","18.7404","1.05508","0.307907","8.65741","5.94259","27.1203","19.2693","0.799312","0.350679","-0.0385384","0.237724","0.429658","0.759898","0.00133415","0.000696834","0.00268536","0.00000226554","0.0321938","0.0189099","0.0574369","100289","2915.25","11614.2","94.15","3.02744","2420.84","2385.65","10036.1","52.6067","44.2528","13.6934","29.2305","56.827","9.50077","393.94","242.978","2358.78","393.789","877.535","69.7768","7.95146","262.455","189.076","393.907","0.48"
"51_TRLGL_RR_V4_an1","51_TRLGL_RR_V4","7.79","30.76","196","799","0.03804","1","False","9.97","10.22","10.9","11.12","253","259","277","283","51","STABLE","TRLGL","L","R","0.805455","0.805182","3.04645","1.97605","1.03547","4.35421","0.251934","0.257973","1.46714","0.450976","0.274851","1.2408","7.5841","3.50299","14.9798","15.3319","7.54856","0.56378","0.198422","7.25518","1.81127","21.4073","7.13333","0.42473","0.23123","-0.121043","0.0987274","0.310535","0.355483","0.000790593","0.000572737","0.00194084","0.000000953064","0.020345","0.0106891","0.047147","94475.9","2883.05","10916","104.963","2.30065","3764.32","2710.88","9190.45","50.4087","-30.7551","14.3502","21.4266","52.0985","5.33838","356.258","196.202","1319.13","356.113","911.544","29.1772","3.20086","148.928","242.132","356.076","0.68"
"51_TRLGL_RR_V4_an2","51_TRLGL_RR_V4","7.79","30.76","196","799","0.03804","2","False","11.57",NULL,NULL,"11.9","295",NULL,NULL,"304","51","UNSTABLE","TRLGL","L","R","0.620116","0.2783","1.4171","4.44556","1.43235","7.51671","0.164137","0.0955145","0.424798","0.636707","0.295344","1.52581","5.82906","3.08289","12.6528","11.9116","16.5048","0.702407","0.210343","0.410884","2.08666","1.86867","7.25467","0.291478","0.176873","-0.10285","0.100905","0.23846","0.360932","0.000799196","0.000415003","0.00149037","0.000000810942","0.0230876","0.0160388","0.0573178","95209.3","3943.61","14966","100.11","3.90133","3934.12","4605.46","12458.3","68.5848","-25.8779","23.7543","16.4683","49.1132","5.02949","381.762","221.5","1223.16","381.944","887.204","38.8679","4.38094","126.955","126.039","381.935","0.33"
"51_TRLGL_RR_V4_an3","51_TRLGL_RR_V4","7.79","30.76","196","799","0.03804","3","False","12.24","12.39","13.47","13.72","312","316","345","351","51","STABLE","TRLGL","L","R","1.15101","0.566412","2.63078","2.98953","1.38507","7.89691","0.31125","0.17376","0.86948","0.544533","0.220578","1.10337","9.2758","5.76179","31.7761","42.9747","19.3533","0.695154","0.429551","9.90811","11.528","38.035","43.7223","0.749241","0.3986","0.113457","0.0856593","0.310986","0.326111","0.000716979","0.000524782","0.00194366","0.000000789455","0.0155896","0.0110768","0.0369781","104059","4849.42","19470.3","93.451","3.53375","2207.84","1327","4995.41","43.7026","-20.0046","12.6973","46.6653","16.6264","12.4271","372.348","223.489","1340.66","372.076","898.551","55.8242","6.21269","217.593","401.735","371.977","1.08"
"51_TRLGL_RR_V4_an4","51_TRLGL_RR_V4","7.79","30.76","196","799","0.03804","4","False","14.13",NULL,NULL,"14.34","362",NULL,NULL,"368","51","UNSTABLE","TRLGL","L","R","1.61452","0.369822","2.46164","7.17566","3.43348","11.6193","0.401534","0.344743","1.37276","0.752178","0.328502","1.53148","19.3509","10.9438","39.9444","52.2148","45.1189","3.38667","0.836618","7.6804","10.6467","24.414","33.381","2.0834","0.36337","-0.0307542","0.0454727","0.0895456","0.112526","0.000272891","0.000207963","0.00055966","0.000000117718","0.0107482","0.00504842","0.0153053","92843.3","1189.74","3160.3","92.8269","1.38227","1148.96","1041.95","2761.83","50.1104","-6.24065","15.4022","12.3248","-30.2865","3.55494","418.494","217.993","1183.07","417.038","899.287","67.8335","7.54303","192.874","87.5331","416.824","0.21"
"51_TRLGL_RR_V4_an5","51_TRLGL_RR_V4","7.79","30.76","196","799","0.03804","5","False","15.12","15.38","16","16.22","388","395","411","417","51","STABLE","TRLGL","L","R","0.700766","0.520747","2.29255","0.890996","0.767812","2.82563","0.195282","0.151631","0.61567","0.255463","0.219884","0.990468","5.18164","2.87223","13.9045","16.6187","9.83417","0.394832","0.219379","6.52193","2.85022","21.9667","11.0283","0.41996","0.295828","-0.227066","0.0766961","0.444573","0.349505","0.00141916","0.00047935","0.00277858","0.0000022438","0.0130573","0.00919315","0.0335429","90381.5","1798.85","6264.14","93.4475","3.18276","1574.69","981.698","3266.51","16.7408","-52.3994","4.70415","14.8735","38.6466","3.85359","318.592","173.267","1105.33","318.252","906.589","23.0009","2.53709","106.812","197.331","318.276","0.62"
"51_TRLGL_RR_V4_an6","51_TRLGL_RR_V4","7.79","30.76","196","799","0.03804","6","False","16.59","16.8","18.27","18.51","427","432","471","477","51","STABLE","TRLGL","L","R","0.707675","0.576276","2.69432","1.00423","1.08788","4.98912","0.232752","0.192119","0.937623","0.266747","0.225958","1.07394","11.0437","4.49883","20.3784","31.353","14.9149","0.414283","0.155318","14.53","4.79891","38.0573","17.9227","0.393569","0.184831","-0.251932","0.14952","0.545417","0.606101","0.00159354","0.000901783","0.00340885","0.00000335259","0.0190463","0.0154425","0.0629639","94046.7","6095.39","20380.7","94.3089","3.41884","2618.85","2410.1","13369.6","69.8519","-54.4949","21.2321","26.9166","35.9626","6.7625","330.099","182.149","1087.82","330.175","908.587","28.4313","3.12917","135.196","485.331","330.157","1.47"
"51_TRLGL_RR_V4_an7","51_TRLGL_RR_V4","7.79","30.76","196","799","0.03804","7","False","19.21","19.44","20.15","20.36","496","502","520","526","51","STABLE","TRLGL","L","R","0.767256","0.485368","1.95348","1.58849","1.50866","5.8166","0.307221","0.220668","1.08187","0.321244","0.213397","1.03471","2.42139","1.208","5.75565","3.92083","6.8605","0.295334","0.19171","3.86283","1.64692","10.082","4.29767","0.255258","0.123389","-0.148645","0.115304","0.341926","0.429206","0.000986453","0.000639799","0.00213704","0.00000138243","0.014429","0.0150862","0.0468276","96890.6","5517.38","16755.8","94.2814","2.85158","3128.98","2504.41","9094.08","46.822","-58.9504","13.3613","13.0278","33.559","2.86329","336.558","200.588","1252.24","336.514","912.33","23.5064","2.57652","89.4175","238.909","336.492","0.71"
"51_TRLGL_RR_V4_an8","51_TRLGL_RR_V4","7.79","30.76","196","799","0.03804","8","False","20.74","20.98","28.83","28.99","536","542","749","753","51","STABLE","TRLGL","L","R","0.571764","0.606475","4.36232","0.894893","1.44725","11.6631","0.171899","0.155923","1.09917","0.206231","0.189163","1.38378","18.6248","15.604","105.848","59.2324","134.371","0.527629","0.787597","12.5385","20.6676","63.2697","147.461","0.427007","0.502077","-0.185974","0.289993","0.848421","1.50584","0.00176482","0.00123347","0.00530263","0.00000463603","0.0192612","0.0165368","0.0920286","97648.1","9824.99","42774.3","93.8005","3.88811","3696.09","3036.97","15429","82.7331","-82.3418","13.6018","50.0154","24.3326","13.8245","320.201","183.025","1382.53","320.239","910.228","45.5177","5.0007","426.642","2513.64","320.209","7.85"
"51_TRLGL_RR_V4_an9","51_TRLGL_RR_V4","7.79","30.76","196","799","0.03804","9","True","29.95","30.46",NULL,"30.76","778","791",NULL,"799","51","STABLE","TRLGL","L","R","0.804488","0.564081","2.30819","1.42032","1.20676","4.30995","0.419904","0.244423","1.01706","0.405572","0.274375","0.964752","3.7117","1.9812","7.96507","7.28739","10.3788","0.543216","0.210094","3.03785","1.2964","9.81467","3.37433","0.377619","0.103834","-0.217671","0.108382","0.409869","0.334338","0.00136044","0.000677386","0.00256168","0.00000230966","0.0159896","0.0132566","0.0355209","92943","2527.53","7505.22","96.928","2.83416","2752.42","1410.74","4521.48","13.3107","-2.73293","4.3554","10.0485","43.0967","2.30427","334.93","176.19","888.572","335.309","907.047","19.3588","2.13427","73.5483","100.574","335.247","0.3"
"51_TRLGR_RR_V1_an1","51_TRLGR_RR_V1","7.56","31.43","193","822","0.03794","1","False","9.75","10.09","27.2","27.49","250","259","710","718","51","STABLE","TRLGR","R","L","0.487747","0.38519","3.50578","0.39142","0.338746","4.50754","0.230688","0.228065","1.74604","0.128827","0.0871292","0.869328","14.3792","10.0275","84.6816","51.6565","107.453","0.241071","0.208915","12.8908","14.2623","60.266","121.917","0.237031","0.249363","-0.147723","0.135227","0.537135","0.870291","0.00109708","0.000602626","0.00335709","0.00000156674","0.0167677","0.0116795","0.0589532","91531.6","5467.61","27327.3","92.9955","4.98614","2382.65","2113.86","16412.9","89.5298","-48.1392","13.7703","57.0735","-60.7279","13.3327","317.973","174.766","1534.74","317.918","917.218","20.9171","2.2805","173.343","5440.37","317.965","17.11"
"51_TRLGR_RR_V1_an2","51_TRLGR_RR_V1","7.56","31.43","193","822","0.03794","2","False","28.36",NULL,NULL,"28.55","741",NULL,NULL,"746","51","UNSTABLE","TRLGR","R","L","1.59928","0.488344","2.13831","4.98557","0.848053","6.35312","0.433253","0.224809","0.801666","0.683506","0.321039","1.2935","17.6642","10.1346","36.671","5.36622","47.8199","3.43198","0.839441","4.79712","15.6835","15.126","49.6333","2.73251","1.01907","-0.145724","0.0960685","0.349682","0.286805","0.000910773","0.000600428","0.00218551","0.00000119002","0.0178951","0.0141668","0.038329","90858.6","579.752","1526.03","93.5258","1.4354","619.592","558.745","1526.03","43.6218","45.0511","12.4498","12.2552","-56.6028","4.24234","450.103","302.22","1501.08","450.195","840.132","92.379","10.9958","255.132","85.5694","450.365","0.19"
"51_TRLGR_RR_V1_an3","51_TRLGR_RR_V1","7.56","31.43","193","822","0.03794","3","True","29.07","29.41","30.19","30.52","759","768","789","798","51","STABLE","TRLGR","R","L","0.68847","0.405051","1.71948","1.22762","0.806691","3.26143","0.16548","0.102048","0.47618","0.307522","0.188277","0.831704","4.3982","1.88662","9.76943","13.8993","8.27917","0.30497","0.105817","4.27808","3.04526","11.2427","11.3293","0.346055","0.138671","-0.182318","0.120517","0.450346","0.519077","0.00117854","0.000690535","0.00281466","0.0000018658","0.0225833","0.0158744","0.0627848","88696","2998.1","12102.1","90.0001","2.14911","2321.13","1824.1","6709.09","44.0884","-30.498","14.8005","13.2823","-58.4303","2.01618","317.189","179.683","999.906","316.615","914.622","27.522","3.00911","99.7934","247.005","316.674","0.78"
"51_TRLGR_RR_V2_an1","51_TRLGR_RR_V2","7.65","30.33","191","784","0.03819","1","False","9.88","10.22","14.26","14.5","249","258","364","370","51","STABLE","TRLGR","R","L","0.674148","0.457045","3.21188","0.743517","0.593272","3.00306","0.213681","0.166956","1.20159","0.162984","0.118721","0.799604","17.139","9.8243","39.3565","45.4376","59.5464","0.371423","0.197078","14.1394","13.777","45.9793","61.6727","0.342999","0.18431","0.00575682","0.145047","0.431844","0.72628","0.000761601","0.000493035","0.00269903","0.000000823119","0.0156991","0.0111584","0.0450249","97102.7","6096.74","25299.1","95.6381","3.86773","2429.07","2064.47","11283","96.239","-21.8143","19.4309","49.503","-68.973","15.7626","333.953","185.944","1332.53","333.923","917.183","24.4764","2.66865","178.226","1349","333.912","4.04"
"51_TRLGR_RR_V2_an2","51_TRLGR_RR_V2","7.65","30.33","191","784","0.03819","2","False","14.93","15.15","20.99","21.21","381","387","540","546","51","STABLE","TRLGR","R","L","0.529364","0.400074","2.30186","0.596589","0.63788","5.77433","0.225059","0.196318","1.235","0.146981","0.107593","0.724473","15.8298","11.024","80.592","31.204","98.4641","0.456782","0.361175","10.9127","20.717","45.9773","116.713","0.438569","0.409133","-0.216324","0.108675","0.579192","0.655859","0.0013619","0.000659195","0.00361995","0.00000228932","0.0163545","0.0113206","0.0517426","87678.3","4438.66","24102.8","89.3806","3.58585","2891.04","2120.84","13607.9","74.0697","-50.5461","15.7701","39.5229","-71.1241","9.7771","327.42","178.142","1273.49","327.413","917.386","25.2545","2.75287","195.01","1911.9","327.381","5.84"
"51_TRLGR_RR_V2_an3","51_TRLGR_RR_V2","7.65","30.33","191","784","0.03819","3","False","22.09",NULL,NULL,"22.51","569",NULL,NULL,"580","51","UNSTABLE","TRLGR","R","L","0.821922","0.3889","1.89722","5.63851","1.96666","8.24087","0.308808","0.209382","0.870708","0.493674","0.183506","0.877878","19.7479","10.4662","44.7493","27.8563","65.8541","1.85434","0.628095","4.74423","20.3579","13.8433","68.1133","1.70323","0.76534","-0.555392","0.203","0.859847","0.713954","0.0034712","0.00126875","0.00537405","0.0000136589","0.0197652","0.0151986","0.0436177","100985","7193.29","21022.8","90.5809","3.5363","3695.81","3293.64","8840.7","75.763","-38.6584","25.8802","19.6037","-69.7596","6.41432","357.905","211.417","1280.79","357.639","887.966","45.7795","5.15555","155.643","150.18","357.57","0.42"
"51_TRLGR_RR_V2_an4","51_TRLGR_RR_V2","7.65","30.33","191","784","0.03819","4","False","22.71","22.96","23.24","23.44","585","591","599","604","51","STABLE","TRLGR","R","L","1.18502","0.578299","1.96796","1.672","0.631055","3.21348","0.388326","0.275875","1.52772","0.372365","0.149508","0.698248","1.69949","0.71623","3.44229","2.36706","4.32944","0.365979","0.174285","1.81376","1.06927","4.74767","3.02367","0.288229","0.119738","-0.188739","0.0685482","0.292041","0.219901","0.00117962","0.000428426","0.00182525","0.00000157504","0.0169435","0.011297","0.035988","90107.8","2249.79","7397.9","95.181","2.29804","2091.11","2314.37","7397.9","37.9463","-14.9139","10.0372","27.0033","-69.5284","10.4678","400.426","218.869","1136.92","401.022","893.009","21.3373","2.38938","80.8725","112.275","400.982","0.28"
"51_TRLGR_RR_V2_an5","51_TRLGR_RR_V2","7.65","30.33","191","784","0.03819","5","True","23.83","24.06","28.19","29.52","614","620","728","763","51","STABLE","TRLGR","R","L","0.62398","0.522368","2.71168","0.672915","0.693384","3.27772","0.215239","0.197096","1.83939","0.175085","0.130722","0.728638","6.96833","3.10035","15.1979","15.8601","24.5264","0.315421","0.164746","3.14185","7.35134","15.0127","24.676","0.247302","0.135392","-0.200453","0.115913","0.533178","0.631824","0.00127981","0.000675654","0.00333236","0.00000209443","0.0182465","0.0129825","0.067667","87904.1","3271.33","19486.3","90.369","3.98039","2328.48","2040.91","9721.8","49.1005","-31.3149","9.75672","41.844","-69.022","12.6425","327.854","183.075","1505.9","327.84","915.74","28.9613","3.16261","165.408","1354","327.846","4.13"
"51_TRLGR_RR_V4_an1","51_TRLGR_RR_V4","7.67","30.18","196","783","0.0383","1","False","9.85","10.35","18.68","19.29","252","265","483","499","51","STABLE","TRLGR","R","L","0.679068","0.459192","2.91676","0.488215","0.299066","1.74633","0.212935","0.14783","1.2013","0.152934","0.0895101","1.01858","9.38571","5.47662","23.9088","32.4304","37.4913","0.272649","0.125036","7.57732","6.92977","31.9637","38.6427","0.219745","0.106729","-0.0924749","0.182641","0.503416","0.97705","0.00108538","0.000677523","0.00314635","0.00000163708","0.0153947","0.0110732","0.060599","93902.3","6180.37","27965.1","93.0558","4.89242","2500.64","2025.94","10489.1","61.3546","-105.381","12.6245","53.5334","-69.491","14.5553","352.078","199.595","1683.03","352.054","917.417","31.5905","3.44342","177.005","2932.98","352.098","8.33"
"51_TRLGR_RR_V4_an2","51_TRLGR_RR_V4","7.67","30.18","196","783","0.0383","2","True","19.87","20.19",NULL,"30.18","514","522",NULL,"783","51","STABLE","TRLGR","R","L","0.45009","0.330441","2.17269","0.367371","0.242246","2.20818","0.155084","0.11566","1.21049","0.122617","0.0729507","0.693762","9.05941","5.14863","35.5632","25.2299","46.9588","0.194146","0.109066","8.34486","8.5736","30.063","53.2877","0.182719","0.115575","-0.188919","0.142651","0.653789","1.21278","0.0013107","0.000686377","0.00408618","0.00000218905","0.0172298","0.0131115","0.0606578","89195.5","4837.19","28895.9","90.2589","3.2778","2629.62","2204.84","12195.9","65.9355","-111.819","10.177","49.3456","-68.422","10.0283","332.34","181.67","1199.86","332.291","917.354","16.9019","1.84246","116.579","3319.84","332.316","9.99"
"52_MNTRL_RR_V1_an1","52_MNTRL_RR_V1","7.81","29.42","175","746","0.03782","1","False","10.17","10.43","12.88","13.04","237","244","309","313","52","STABLE","MNTRL","L","R","0.82209","0.974596","5.8982","1.52941","1.54211","5.75046","0.263945","0.286967","1.55586","0.264348","0.229276","1.30896","16.9342","11.0933","51.5516","30.8224","58.8861","0.635719","0.529355","9.18624","19.3283","30.2407","71.427","0.511959","0.376809","0.0421685","0.119177","0.279659","0.508195","0.000661058","0.00043275","0.00174787","0.000000624271","0.0122056","0.00955453","0.0450023","103289","4275.71","28324.4","98.7822","10.4163","3152.73","3157.49","19498.1","167.684","-6.55766","33.4781","69.0765","57.4972","13.8164","463.683","299.167","2316.41","463.762","705.128","68.8134","9.75899","514.535","1135.96","463.658","2.45"
"52_MNTRL_RR_V1_an2","52_MNTRL_RR_V1","7.81","29.42","175","746","0.03782","2","False","13.69","13.81","14.43","14.61","330","333","350","354","52","STABLE","MNTRL","L","R","0.735144","0.449855","2.17319","2.30686","1.81044","6.326","0.22219","0.136817","0.657377","0.3759","0.213412","1.04926","5.48837","2.73191","15.6222","12.9012","11.4004","0.65859","0.398363","7.11471","4.70944","23.2237","16.949","0.574433","0.131957","-0.190486","0.0921433","0.394891","0.3387","0.00119054","0.000575896","0.00246807","0.00000174904","0.0191971","0.015491","0.0540835","86891.4","1751.29","6273.29","87.797","1.17111","2251","1274.61","5392.36","44.47","-9.37951","11.7277","28.5741","64.0363","7.93748","419.217","234.985","1371.36","419.376","686.745","40.3558","5.87639","148.317","260.019","419.386","0.62"
"52_MNTRL_RR_V1_an3","52_MNTRL_RR_V1","7.81","29.42","175","746","0.03782","3","False","17.94","18.14","20.42","20.53","442","448","508","511","52","STABLE","MNTRL","L","R","0.450576","0.235555","1.41502","1.06971","1.22311","6.88961","0.160214","0.090691","0.578262","0.20445","0.169006","1.02181","14.8962","11.5456","64.4704","8.39117","82.3628","0.571855","0.488862","2.09294","20.5068","7.78067","89.9443","0.581661","0.514952","-0.202762","0.232484","0.736519","1.01271","0.00164867","0.000999569","0.00460325","0.00000371724","0.019281","0.0138001","0.0602155","94850.3","5154.87","18828.3","93.1946","3.06173","2464.27","1963.94","8283.12","25.0053","-28.0142","4.75735","32.1617","70.3626","8.17277","389.804","208.148","1384.33","389.852","705.041","18.6684","2.64784","96.7426","888.789","389.82","2.28"
"52_MNTRL_RR_V1_an4","52_MNTRL_RR_V1","7.81","29.42","175","746","0.03782","4","True","25.87","26.02",NULL,"29.42","652","656",NULL,"746","52","STABLE","MNTRL","L","R","0.263772","0.132652","0.745611","0.556898","1.02619","6.60634","0.109047","0.0674177","0.470637","0.135447","0.117877","0.781362","9.09061","6.6096","37.7373","13.4843","50.086","0.258528","0.222854","2.85395","11.1991","12.4037","50.106","0.239106","0.164869","-0.144037","0.200038","0.572598","1.13684","0.00129197","0.00083924","0.00357873","0.00000237351","0.0196201","0.0147112","0.0726835","90174.1","6304.43","34850.6","90.9283","3.62081","3032.92","2512.89","13881.9","23.5868","-16.3109","4.7296","32.2711","63.0507","9.33376","391.681","211.135","1583.76","391.744","707.167","12.7883","1.80838","79.3467","1331.92","391.74","3.4"
"52_MNTRL_RR_V2_an1","52_MNTRL_RR_V2","7.69","29.84","195","781","0.03775","1","False","10.59","10.7","13.76","13.93","271","274","355","360","52","STABLE","MNTRL","L","R","0.897435","1.05464","6.06421","1.49882","1.10046","5.41178","0.317284","0.391146","3.11488","0.277526","0.193714","0.893806","20.8623","11.4848","67.4107","30.8024","95.4113","0.643511","0.420825","9.39194","24.3611","29.0623","105.043","0.552064","0.350096","0.0735838","0.214651","0.542379","0.971138","0.0011085","0.000884618","0.00338987","0.00000201131","0.0181268","0.0128345","0.0597837","100884","5016.15","22801","100.233","5.57554","3050.19","3014.05","17835.7","165.725","-32.0069","29.2626","63.0949","50.9782","18.0909","481.159","337.927","2820.69","481.281","707.118","41.1147","5.8144","249.638","1472.41","481.181","3.06"
"52_MNTRL_RR_V2_an2","52_MNTRL_RR_V2","7.69","29.84","195","781","0.03775","2","False","18.32","18.5","21.62","21.7","476","481","564","566","52","STABLE","MNTRL","L","R","0.581446","0.389447","2.02051","1.16089","1.25578","6.67025","0.201888","0.147935","0.943613","0.208374","0.168363","1.28","21.6248","20.1676","115.284","12.9813","143.906","0.661564","0.715206","5.44444","34.1045","21.3697","162.075","0.694756","0.728024","-0.117219","0.148395","0.407945","0.720145","0.00101005","0.000613789","0.00254966","0.00000139693","0.0199234","0.0146979","0.0662328","94224.3","5469.22","29248.8","94.4681","3.17796","2845.85","2292.06","9678.18","51.1301","-48.6949","9.76953","46.2216","40.1744","14.2474","399.048","219.735","1502.18","399.168","704.837","29.0151","4.11657","202.946","1245.21","399.106","3.12"
"52_MNTRL_RR_V2_an3","52_MNTRL_RR_V2","7.69","29.84","195","781","0.03775","3","True","26.2","26.36",NULL,"29.84","685","689",NULL,"781","52","STABLE","MNTRL","L","R","0.892637","0.625382","3.07145","1.35807","1.15712","6.37691","0.287885","0.268464","2.53801","0.251246","0.160426","0.844962","14.3951","5.51354","34.8594","26.7512","53.7302","0.582393","0.326925","9.3803","10.9534","31.4263","50.382","0.443295","0.257195","-0.15136","0.117331","0.374906","0.667987","0.00105307","0.000568963","0.00234316","0.00000143267","0.0156419","0.0118388","0.0528072","92026.4","6492.04","37818.8","92.5207","3.38093","3110.74","2317.96","12323.5","173.744","-47.7621","33.37","64.8714","42.5482","16.6197","455.948","297.781","3130.51","456.062","706.816","49.729","7.03564","376.898","1586.83","455.986","3.48"
"52_MNTRL_RR_V3_an1","52_MNTRL_RR_V3","7.75","29.75","197","780","0.0377","1","False","10.33","10.76","14.25","14.56","265","277","369","378","52","STABLE","MNTRL","L","R","0.60376","0.588893","3.97011","0.515002","0.385667","2.21058","0.181943","0.156252","1.3054","0.139489","0.0940214","0.724814","13.1259","4.73421","23.9523","32.8057","31.3385","0.322364","0.169814","12.0429","6.55201","36.059","30.3707","0.275329","0.136502","0.0659467","0.156223","0.577206","0.853017","0.000838879","0.000647693","0.00360754","0.00000112322","0.0160345","0.0133027","0.065009","101214","4111.18","29631.1","100.962","8.03122","3265.89","3875.49","20698.9","69.7744","-39.5008","17.6293","48.7047","18.402","11.541","397.007","222.752","1402.71","397.005","707.888","27.7303","3.91734","240.482","1385.7","397.048","3.49"
"52_MNTRL_RR_V3_an2","52_MNTRL_RR_V3","7.75","29.75","197","780","0.0377","2","False","18.15","18.26","20.74","20.84","472","475","541","544","52","STABLE","MNTRL","L","R","0.491203","0.336293","1.83625","1.40433","1.74058","8.02439","0.166572","0.117138","0.604759","0.280152","0.211878","1.06353","13.7501","11.5239","66.5614","17.2684","80.7918","0.534414","0.517418","4.95967","20.3594","23.842","89.483","0.509043","0.495721","-0.184631","0.111212","0.454557","0.501095","0.00118013","0.000649619","0.00284098","0.00000181472","0.018453","0.0141172","0.0510687","89981.4","2412","11885.6","92.7405","2.78577","2116.38","1589.61","6788.64","26.1917","-35.9401","5.8205","30.3578","32.5356","8.18818","389.838","214.351","1295.06","389.81","705.176","21.1539","2.99981","140.383","966.777","389.83","2.48"
"52_MNTRL_RR_V3_an3","52_MNTRL_RR_V3","7.75","29.75","197","780","0.0377","3","False","26.07","26.2","29.64","29.75","682","686","777","780","52","STABLE","MNTRL","L","R","0.746621","1.15247","7.43939","1.06418","1.42593","6.81418","0.229288","0.274488","1.78021","0.180917","0.154894","0.950834","20.7466","14.5775","92.4131","53.5509","105.887","0.640723","0.728166","14.0162","23.344","57.047","103.202","0.572502","0.473297","-0.157941","0.161201","0.466493","0.89129","0.00126311","0.000627744","0.00291558","0.0000019895","0.0198781","0.016475","0.0703541","91214.8","4545.94","25162.4","92.7098","3.62528","2632.87","2290.32","16636.2","179.23","-57.3527","27.9405","56.6411","15.058","12.4598","441.898","286.855","2250.7","441.923","704.691","71.8071","10.1899","686.656","1520.4","441.976","3.44"
"52_MNTRL_RR_V4_an1","52_MNTRL_RR_V4","7.75","30","197","787","0.03769","1","False","11.27","11.56","14.4","14.56","290","298","373","377","52","STABLE","MNTRL","L","R","0.354394","0.276391","1.41756","0.615351","0.994426","6.47476","0.154927","0.0991366","0.616663","0.152184","0.110908","0.649071","7.77995","4.83648","29.6263","17.8409","31.6206","0.278092","0.263723","6.75825","6.70119","31.1513","27.6237","0.261498","0.219499","0.0902364","0.18381","0.476557","0.851586","0.0010173","0.000776498","0.00297848","0.00000163784","0.0148298","0.0136643","0.0492892","98382.7","4702.23","18896.4","95.6473","5.90564","2633.05","2007.23","9106.35","24.1317","-39.2455","5.65838","31.8027","22.8778","7.64219","385.977","212.168","1466.14","385.876","706.014","18.6485","2.64137","105.898","1095.81","385.85","2.84"
"52_MNTRL_RR_V4_an2","52_MNTRL_RR_V4","7.75","30","197","787","0.03769","2","False","18.07","18.26","20.76","20.88","470","475","542","545","52","STABLE","MNTRL","L","R","0.40287","0.343606","2.26786","1.07688","1.33969","6.13845","0.141445","0.102371","0.724173","0.169092","0.134424","0.857861","16.4213","13.3623","81.4841","19.3604","94.1771","0.541376","0.646038","6.58856","24.2736","23.4787","107.764","0.568468","0.646323","-0.261071","0.118518","0.645858","0.618729","0.00163169","0.000740737","0.00403661","0.00000321111","0.0146698","0.00967183","0.0415816","91233.2","6660.1","32380.7","92.1445","4.22015","2873.59","2422.98","10564.2","30.9265","-60.5249","6.83285","24.6576","38.0118","4.34782","392.442","212.966","1530.76","392.322","705.451","9.11909","1.29266","55.5429","980.812","392.325","2.5"
"52_MNTRL_RR_V4_an3","52_MNTRL_RR_V4","7.75","30","197","787","0.03769","3","False","25.81","26.01",NULL,"30","676","681",NULL,"787","52","STABLE","MNTRL","L","R","0.907841","1.15644","5.48761","1.24004","1.65596","6.75696","0.275225","0.3234","1.78074","0.210817","0.184206","0.981421","16.9102","10.5289","51.7148","45.4647","60.0732","0.467801","0.421885","9.69662","16.4727","37.934","63.4007","0.33699","0.329731","-0.157777","0.125415","0.434266","0.70314","0.00111117","0.000593389","0.00271416","0.00000158682","0.0179023","0.0138841","0.0862317","89789.6","5321.56","26387.4","91.9125","3.33497","2438.97","1905.52","8468.25","180.47","-32.4835","29.6619","71.7205","12.8532","15.2171","464.788","309.654","2421.23","464.825","707.593","53.984","7.62924","430.61","1854.68","464.833","3.99"
"52_MNTRR_RR_V1_an1","52_MNTRR_RR_V1","7.75","29.57","197","776","0.03763","1","False","10.13","10.34","14.31","15.01","260","265","371","389","52","STABLE","MNTRR","R","L","2.52782","1.73508","8.05053","2.4543","1.96478","9.09309","0.629595","0.462836","2.48658","0.432349","0.263414","1.46428","69.0192","36.5669","149.478","122.366","171.182","1.53485","0.95457","30.4714","62.2011","97.1143","215.511","1.04899","0.606601","0.0228327","0.14971","0.36762","0.687955","0.000786621","0.000526409","0.00229763","0.000000895879","0.016541","0.0118316","0.0494709","97909.3","4015.56","20458.8","98.1535","8.58419","3292.12","2819.68","15883.5","191.051","27.9907","52.7907","150.785","19.185","46.94","523.963","361.426","3699.88","523.95","711.715","135.738","19.0719","801.708","2080.49","524.053","3.97"
"52_MNTRR_RR_V1_an2","52_MNTRR_RR_V1","7.75","29.57","197","776","0.03763","2","False","18.09","18.31","21.27","21.45","471","477","556","561","52","STABLE","MNTRR","R","L","0.478039","0.342944","2.22774","1.22457","1.21393","6.19528","0.15491","0.11866","0.895177","0.275587","0.213765","1.14287","17.6432","13.0253","82.8381","27.6159","98.3474","0.608754","0.538933","8.16099","28.733","25.4213","130.508","0.680522","0.581579","-0.113913","0.189334","0.575627","0.874106","0.0011612","0.000747525","0.00359767","0.00000190718","0.0234934","0.0168384","0.0790469","98678.8","8865.48","42236.5","91.016","3.53968","3131.17","2430.79","11790.7","80.3516","0.148072","18.6358","15.9223","-28.7457","3.00344","375.951","210.103","1313.44","375.956","711.726","15.6791","2.20297","85.7553","1112.97","376.005","2.96"
"52_MNTRR_RR_V1_an3","52_MNTRR_RR_V1","7.75","29.57","197","776","0.03763","3","True","25.92","26.09",NULL,"29.57","679","684",NULL,"776","52","STABLE","MNTRR","R","L","1.03523","0.974538","5.68456","1.30688","1.23979","7.21234","0.30093","0.350031","2.95266","0.30394","0.226268","1.55299","20.1357","6.20485","29.0338","33.1332","53.1994","0.613702","0.342559","9.90318","20.1852","31.4527","66.5567","0.497839","0.243882","-0.163847","0.122048","0.547048","0.75341","0.00112671","0.000600882","0.00341905","0.00000163053","0.0175646","0.0143148","0.0874209","92027.5","6197.25","36040.2","92.1469","3.7349","2805.7","2632.39","19862.2","168.191","-9.71975","37.0285","96.3578","-25.1909","23.6853","464.488","315.21","3016.18","464.344","712.733","46.1227","6.47125","346.38","1616.25","464.439","3.48"
"52_MNTRR_RR_V2_an1","52_MNTRR_RR_V2","7.69","29.83","196","779","0.03791","1","False","10.17","10.43","13.97","14.33","261","268","361","371","52","STABLE","MNTRR","R","L","0.925245","0.674674","3.82418","1.87826","1.34605","6.60948","0.300655","0.237252","1.98587","0.394104","0.245442","1.33456","18.5648","10.9567","67.8595","25.7903","78.5735","0.654522","0.359239","5.60492","26.8842","19.9333","89.24","0.521341","0.302967","0.0534684","0.175236","0.575576","0.834513","0.000887773","0.000723223","0.00359735","0.00000131119","0.016002","0.0120499","0.0471184","98015.3","5154.13","21811","96.9851","7.07748","3317.25","3301.71","15406.2","158.814","-46.9039","40.5863","76.1417","-81.5649","17.8988","507.504","333.651","3319.23","507.633","711.916","39.3158","5.52253","252.995","1796.92","507.606","3.54"
"52_MNTRR_RR_V2_an2","52_MNTRR_RR_V2","7.69","29.83","196","779","0.03791","2","False","18.25","18.39","20.17","20.29","474","478","525","528","52","STABLE","MNTRR","R","L","1.10911","0.87201","4.28161","2.50768","3.24312","15.6651","0.305918","0.293499","1.86518","0.397496","0.241151","1.37582","24.8593","14.2574","70.1646","77.4308","76.1947","0.834635","0.474652","18.0466","16.9066","56.686","66.811","0.576111","0.170341","-0.156402","0.164395","0.493198","0.941526","0.00124573","0.000677775","0.00308249","0.00000201123","0.0167919","0.0125525","0.058583","91637.1","3769.01","19000","93.9718","3.50705","3130.12","2485.81","9678.27","78.9507","-32.7358","23.5045","37.7055","-53.3158","9.21363","412.682","237.911","2127.64","412.639","704.677","41.8374","5.9371","261.234","734.435","412.604","1.78"
"52_MNTRR_RR_V2_an3","52_MNTRR_RR_V2","7.69","29.83","196","779","0.03791","3","False","21.07","21.24","21.64","21.78","548","553","563","567","52","STABLE","MNTRR","R","L","0.742415","0.535469","2.2226","7.04795","3.51443","12.3739","0.204149","0.108342","0.476858","0.722474","0.294461","1.286","18.0166","8.94676","37.2608","44.4673","43.5904","1.9353","0.311009","8.71041","10.3443","28.498","33.8063","1.15034","0.11348","0.0207637","0.131538","0.258365","0.470533","0.00070177","0.000447473","0.00161478","0.000000692713","0.0208781","0.0154438","0.0460513","95328.1","3588.65","11474.6","92.7031","2.39787","3100.42","2444.86","8725.33","46.8668","-86.6013","14.1494","4.16396","11.5252","1.25279","436.092","261.616","1501.51","436.657","687.993","57.869","8.41128","172.426","174.625","436.563","0.4"
"52_MNTRR_RR_V2_an4","52_MNTRR_RR_V2","7.69","29.83","196","779","0.03791","4","True","26.2","26.41",NULL,"29.83","684","689",NULL,"779","52","STABLE","MNTRR","R","L","1.03691","0.964704","5.18846","1.50879","1.05832","5.10872","0.326084","0.306598","2.13998","0.358305","0.248486","1.61531","25.2156","6.09735","38.0267","59.2715","48.2332","0.531759","0.34006","20.6694","18.9846","55.6513","67.7187","0.452311","0.168449","-0.14814","0.309893","1.00183","1.66535","0.0015751","0.00145864","0.00626141","0.00000460857","0.0181966","0.0147634","0.071151","96788.9","7677.19","36319.2","92.937","3.72712","3492.04","2655.56","12939.4","96.3219","-55.0467","28.988","40.6686","-9.1636","12.0681","410.344","249.869","2969.56","410.505","713.545","42.562","5.96487","316.472","1403.72","410.444","3.42"
"52_MNTRR_RR_V3_an1","52_MNTRR_RR_V3","7.69","29.89","194","779","0.03789","1","False","10.34","10.9","14.33","14.95","263","278","369","385","52","STABLE","MNTRR","R","L","1.37686","1.54093","8.04294","0.93394","0.870876","4.10123","0.460104","0.559424","4.46543","0.282176","0.226302","1.39983","17.5961","9.76869","33.6838","32.6473","59.2267","0.562401","0.418071","9.66857","16.7159","38.471","71.9127","0.464769","0.244955","0.0180408","0.175727","0.386069","0.751568","0.000930317","0.00059454","0.00241293","0.00000121897","0.0160249","0.0119967","0.0554821","97293.4","5507.42","23184.8","95.9567","4.33744","2702.57","1892.33","9134.83","127.235","-4.49328","29.7691","77.3598","-53.3983","20.7176","467.999","340.098","4043.14","468.038","712.733","74.4104","10.4402","507.82","1605.37","468.037","3.43"
"52_MNTRR_RR_V3_an2","52_MNTRR_RR_V3","7.69","29.89","194","779","0.03789","2","False","18.26","18.58","22.32","22.81","472","481","580","593","52","STABLE","MNTRR","R","L","0.528598","0.591136","4.52732","0.926824","0.857851","3.83131","0.190251","0.16955","1.47858","0.24927","0.212879","1.61248","13.093","4.91283","24.1208","27.9477","37.2221","0.351257","0.205484","7.64139","12.7539","27.027","42.449","0.316947","0.177264","-0.165654","0.134617","0.542273","0.674252","0.00113067","0.000708088","0.00338921","0.0000017798","0.0199341","0.0135987","0.0681361","91222.9","4136.46","19609","92.0849","3.90291","3045.58","2177.49","8831.74","84.7551","-26.7393","16.6571","36.1175","-32.4894","12.8707","384.824","218.038","1590.35","384.855","713.033","17.5613","2.4629","141.909","1439.3","384.84","3.74"
"52_MNTRR_RR_V3_an3","52_MNTRR_RR_V3","7.69","29.89","194","779","0.03789","3","True","26.24","26.5",NULL,"29.89","683","690",NULL,"779","52","STABLE","MNTRR","R","L","0.558272","0.435865","2.40824","0.547373","0.645222","3.87801","0.237113","0.183699","0.840478","0.177819","0.173034","1.20867","11.2441","7.56283","38.7344","40.2558","30.5458","0.269623","0.244907","9.36023","5.06534","30.0417","29.728","0.211061","0.201044","-0.172154","0.12882","0.456346","0.649915","0.00118846","0.000627286","0.00285216","0.00000180592","0.0194959","0.0150624","0.0575882","89428.3","3865.71","17778.7","91.6952","4.40202","2276.74","1767.15","7605.67","59.5768","-12.6182","14.7516","35.2042","-20.7282","6.57665","378.261","211.461","1388.04","378.28","713.567","18.4957","2.59201","140.079","1282.39","378.286","3.39"
"52_MNTRR_RR_V4_an1","52_MNTRR_RR_V4","7.59","29.93","193","784","0.03775","1","False","10.23","10.54","14.17","14.62","262","271","367","379","52","STABLE","MNTRR","R","L","0.422916","0.358068","2.1686","0.506457","0.411709","2.49143","0.192543","0.16526","0.834519","0.206687","0.160487","0.914688","9.36252","4.36164","17.8534","22.2562","21.6249","0.264759","0.167626","9.494","6.191","29.1743","24.4307","0.243895","0.169056","-0.010432","0.1295","0.319203","0.600736","0.00067174","0.000456188","0.00199502","0.000000659343","0.0174896","0.0119233","0.0536477","99197.4","5383.39","25169.6","97.5564","8.50988","3004.81","3019.03","16489","53.9749","-36.1096","13.7091","38.9052","-76.4276","9.29619","388.672","214.371","1408.58","388.733","713.438","14.9696","2.09824","130.922","1411","388.705","3.63"
"52_MNTRR_RR_V4_an2","52_MNTRR_RR_V4","7.59","29.93","193","784","0.03775","2","False","18.07","18.41","22.32","22.77","470","479","583","595","52","STABLE","MNTRR","R","L","0.473844","0.391648","2.31894","0.606815","0.588564","3.37833","0.185444","0.149162","1.05883","0.19719","0.181196","1.41701","8.24291","3.23833","18.1934","21.7682","21.9387","0.293451","0.182862","5.30946","6.55146","20.4257","26.7847","0.262473","0.158562","-0.169465","0.124811","0.433493","0.603764","0.00116566","0.000609559","0.00270933","0.00000173032","0.0176982","0.0138853","0.0546002","89996.2","3880.59","20082.2","91.4465","3.51201","2243.33","1641.05","7252.35","50.7914","-22.8038","10.5595","42.0618","-63.6357","12.3537","387.36","212.185","1499.03","387.227","712.633","18.8425","2.64407","113.222","1513.94","387.197","3.91"
"52_MNTRR_RR_V4_an3","52_MNTRR_RR_V4","7.59","29.93","193","784","0.03775","3","True","26.06","26.35",NULL,"29.93","682","689",NULL,"784","52","STABLE","MNTRR","R","L","0.32665","0.235499","1.26995","0.3713","0.485777","3.50119","0.181166","0.150715","0.838329","0.164054","0.125661","0.850894","6.713","3.67213","21.806","18.942","24.8824","0.214311","0.156231","6.30874","4.65045","19.5493","24.7157","0.194791","0.120716","-0.154298","0.131583","0.429488","0.689864","0.00112102","0.000591312","0.0026843","0.00000160633","0.0184882","0.0136849","0.0608232","90097.1","3742.89","18530.1","91.1653","2.84016","2139.35","1681.8","8610.33","38.4415","-45.7418","9.20193","24.9793","-66.3615","6.65922","382.467","207.458","1227.9","382.569","713.577","14.572","2.04211","89.1123","1369.46","382.531","3.58"
"52_TRLGL_RR_V1_an1","52_TRLGL_RR_V1","8.03","30.05","205","785","0.03795","1","True","10.46","10.81",NULL,"30.05","269","278",NULL,"785","52","STABLE","TRLGL","L","R","0.463981","0.651572","8.1002","0.458139","0.439258","3.12226","0.194573","0.247548","3.3799","0.132698","0.0965274","0.729267","19.0862","7.78867","35.9868","60.4206","52.7952","0.28454","0.246369","11.5953","13.2034","58.2567","52.9373","0.259868","0.196683","-0.135821","0.148316","0.452431","0.892001","0.00109232","0.000621875","0.00282769","0.00000157988","0.0178028","0.0131145","0.0666144","91518.2","4950.04","28707.8","93.4762","3.6909","2398.68","1986.84","12319.3","174.408","-4.68586","23.4265","68.4336","45.4669","16.1362","420.28","260.31","3628.01","420.249","707.827","27.364","3.86592","340.581","8086.5","420.296","19.24"
"52_TRLGL_RR_V2_an1","52_TRLGL_RR_V2","7.95","30.62","200","798","0.03787","1","False","10.77","11.09","15.57","15.92","274","282","401","410","52","STABLE","TRLGL","L","R","0.449673","0.392635","2.67502","0.460141","0.395113","2.67823","0.178448","0.14595","0.963511","0.130053","0.0881654","0.754454","7.54406","4.58678","24.2443","13.4092","31.9861","0.211725","0.120845","3.49206","6.7383","14.1757","29.8077","0.178237","0.106585","0.0419957","0.147802","0.518352","0.85886","0.000725563","0.00062912","0.0032397","0.000000922233","0.0165202","0.012552","0.0616601","98293.5","4947.02","26602.4","98.1599","8.29722","3370.72","3219.62","21662.1","64.1446","-23.3329","6.6342","45.6781","71.9911","11.3038","406.34","219.284","1588.71","406.331","706.892","18.8907","2.67236","152.591","1820.3","406.316","4.48"
"52_TRLGL_RR_V2_an2","52_TRLGL_RR_V2","7.95","30.62","200","798","0.03787","2","False","16.65","17.09","17.97","18.25","429","441","464","471","52","STABLE","TRLGL","L","R","0.421871","0.221591","0.870578","1.0058","1.02882","4.09072","0.130244","0.0691974","0.360466","0.24113","0.21144","1.14488","3.3887","1.46251","8.53292","7.58489","8.93206","0.289509","0.12456","3.9973","2.157","11.6773","6.99267","0.245366","0.0871228","-0.210329","0.0843629","0.389895","0.333262","0.00131456","0.000527268","0.00243685","0.00000200607","0.0114751","0.00711625","0.0250267","88367.3","2247.83","9701.1","89.5703","1.19648","2578.21","1692.92","6216.91","20.2408","-40.8073","4.21917","10.6912","57.1929","2.60033","387.681","213.453","1297.81","387.804","704.157","12.3006","1.74686","50.6601","341.229","387.761","0.88"
"52_TRLGL_RR_V2_an3","52_TRLGL_RR_V2","7.95","30.62","200","798","0.03787","3","False","18.97","19.37","23.86","24.64","491","501","620","640","52","STABLE","TRLGL","L","R","0.66175","1.185","8.31306","0.403678","0.413943","2.59008","0.256095","0.399931","3.48934","0.133346","0.0973022","0.531118","6.61762","4.37263","22.7737","16.5856","25.7277","0.277044","0.295703","5.81102","4.94186","24.3963","21.122","0.208709","0.150946","-0.171141","0.124173","0.571787","0.91311","0.00117591","0.000603029","0.00357367","0.00000174642","0.0161583","0.0129465","0.0604948","90528.1","3519.76","21342.8","92.5367","3.1888","2296.69","1812.18","11135.6","71.1204","-34.8354","9.84283","48.4969","66.5803","10.8356","412.237","234.477","1794.83","412.249","706.068","44.4249","6.29188","451.668","1850.99","412.246","4.49"
"52_TRLGL_RR_V2_an4","52_TRLGL_RR_V2","7.95","30.62","200","798","0.03787","4","True","25.27","25.52",NULL,"30.62","657","663",NULL,"798","52","STABLE","TRLGL","L","R","0.373498","0.601173","5.43952","0.40358","0.50983","3.1932","0.183361","0.284683","3.36509","0.125922","0.108837","0.696871","9.77047","1.79726","13.0387","22.8766","14.5176","0.203437","0.169511","7.76911","3.65001","23.3687","20.556","0.173704","0.157917","-0.178047","0.130378","0.423637","0.842498","0.00126349","0.000553074","0.00264773","0.00000190231","0.0177805","0.0136505","0.0740818","89908.9","4333.16","24960.7","91.9631","3.42429","2334.44","1860.77","8687.71","50.8438","-6.43674","10.9006","47.5943","60.6527","8.87897","396.124","225.074","1902.21","396.137","707.189","17.7598","2.51132","194.4","2020.25","396.127","5.1"
"52_TRLGL_RR_V3_an1","52_TRLGL_RR_V3","7.92","30.69","197","796","0.03798","1","False","10.38","10.67","12.52","12.85","261","269","318","326","52","STABLE","TRLGL","L","R","0.892659","0.622899","4.02457","1.29639","1.35229","8.01658","0.282263","0.345066","3.24107","0.221837","0.16452","1.02851","13.3021","7.64095","33.0011","45.9585","30.827","0.443656","0.203001","11.1864","3.86355","41.37","17.5083","0.319784","0.157324","-0.0192182","0.172083","0.520257","0.789516","0.000823483","0.000702171","0.00325161","0.00000117117","0.0174395","0.0130532","0.0484703","95970.9","5057.4","19067.6","102.064","3.48069","4842.72","3769.6","17611.8","62.2261","-10.1342","18.7822","45.4541","21.6187","9.23617","416.157","242.194","1639.99","416.059","702.741","28.2538","4.02051","180.057","769.623","416.013","1.85"
"52_TRLGL_RR_V3_an2","52_TRLGL_RR_V3","7.92","30.69","197","796","0.03798","2","False","13.37",NULL,NULL,"14.25","340",NULL,NULL,"363","52","UNSTABLE","TRLGL","L","R","1.74715","0.977701","3.8994","4.22127","1.88821","7.94118","0.375921","0.233471","1.19631","0.494084","0.252326","1.41112","14.4686","7.7412","35.8741","23.2938","47.3641","1.08944","0.50181","4.19085","18.7556","19.6163","66.742","1.41709","0.747968","0.160653","0.150194","0.50923","0.618817","0.00113368","0.000777263","0.00318269","0.00000188936","0.0197301","0.01561","0.0516654","101294","2272.75","9359.33","92.0237","1.83279","2370.09","1857.96","8094.69","70.3339","63.9837","20.4876","27.5635","-71.6039","5.02494","463.096","300.014","2250.53","463.301","702.833","67.6611","9.6269","306.096","407.706","463.302","0.88"
"52_TRLGL_RR_V3_an3","52_TRLGL_RR_V3","7.92","30.69","197","796","0.03798","3","False","15.19","15.33","16.85","16.98","388","392","432","435","52","STABLE","TRLGL","L","R","0.432467","0.301726","1.56909","0.993947","1.25629","5.50417","0.175895","0.109942","0.545448","0.188461","0.158893","0.719186","7.2339","3.37453","20.0723","14.2078","21.1114","0.391004","0.26923","5.74094","6.09804","18.5103","21.5137","0.321328","0.136629","-0.213315","0.109543","0.443771","0.454201","0.0013364","0.000678416","0.00277357","0.00000224621","0.0251017","0.0162403","0.0711903","85542.4","2062.24","7044.49","88.1357","2.23026","2209.72","1482.19","6384.66","26.5284","-18.0431","5.88826","25.6278","-2.2021","8.37547","388.436","209.389","1326.32","388.525","700.669","24.5187","3.49933","107.119","590.587","388.544","1.52"
"52_TRLGL_RR_V3_an4","52_TRLGL_RR_V3","7.92","30.69","197","796","0.03798","4","False","17.74",NULL,NULL,"18.22","455",NULL,NULL,"468","52","UNSTABLE","TRLGL","L","R","0.456818","0.205304","0.938013","4.4957","2.08607","8.64486","0.152768","0.093329","0.432755","0.554271","0.224172","1.21213","5.66593","2.29526","12.8004","2.37439","11.9469","0.747009","0.324362","0.689285","2.9628","2.09533","9.79433","0.254383","0.161778","-0.34262","0.122679","0.635584","0.452891","0.00214137","0.000766743","0.0039724","0.00000517337","0.0222196","0.0126955","0.0461576","97592.7","3070.82","12098.4","94.6202","2.46085","3190.46","2825.79","10324.1","43.6511","-17.9249","13.5174","13.5203","14.4959","4.19988","408.812","237.692","1311.51","408.103","692.981","34.2919","4.94845","140.993","195.913","408.152","0.48"
"52_TRLGL_RR_V3_an5","52_TRLGL_RR_V3","7.92","30.69","197","796","0.03798","5","False","19.03","19.17","21.74","21.88","489","493","560","564","52","STABLE","TRLGL","L","R","0.516009","0.573772","4.15815","0.913138","1.13943","5.68542","0.20379","0.216226","1.78758","0.183988","0.154935","0.903799","13.8209","6.09338","30.0335","37.5807","28.4404","0.440036","0.273383","14.3463","4.74394","36.2163","22.8943","0.321353","0.174714","-0.10785","0.179447","0.452264","0.842784","0.00113202","0.000656318","0.00282665","0.00000171222","0.0177204","0.0150918","0.0691876","95061.2","5102.02","20806","94.4066","3.16454","2544.69","2089.47","11606","72.6892","13.9539","18.9508","37.4861","27.6888","8.46507","408.969","224.496","1430.41","408.935","703.37","24.3761","3.46562","163.272","1050.88","408.903","2.57"
"52_TRLGL_RR_V3_an6","52_TRLGL_RR_V3","7.92","30.69","197","796","0.03798","6","False","22.48","22.66","24.31","24.79","580","585","628","641","52","STABLE","TRLGL","L","R","1.01223","0.61787","2.68271","1.2322","0.918641","4.1651","0.303182","0.215086","1.50216","0.24601","0.152537","0.718746","12.8514","5.7174","31.1837","37.3526","21.1722","0.608018","0.366808","9.44457","6.89856","31.823","31.69","0.471388","0.337486","-0.172026","0.166186","0.593685","0.867734","0.00121589","0.000869727","0.00371053","0.0000022348","0.0178291","0.0139885","0.0644833","90900.3","6125.87","25463.2","91.5706","4.53708","2312.09","2437.66","11349.4","144.533","12.3765","28.145","37.0314","52.879","10.1544","459.449","319.291","2765.93","459.558","702.104","37.9352","5.40307","229.496","758.233","459.535","1.65"
"52_TRLGL_RR_V3_an7","52_TRLGL_RR_V3","7.92","30.69","197","796","0.03798","7","False","25.79","26.03","28.65","28.91","667","673","742","749","52","STABLE","TRLGL","L","R","0.75058","1.00011","6.07018","0.623212","0.644348","2.79945","0.283869","0.456265","3.56889","0.163416","0.12935","0.726622","13.3981","4.71464","21.1368","32.6331","25.4022","0.357983","0.288373","14.5475","6.79311","36.758","25.733","0.311313","0.137028","-0.21003","0.103487","0.527063","0.544916","0.00131587","0.000640283","0.00329415","0.00000214149","0.019364","0.0120478","0.052334","92097.2","4619.36","26102.8","93.7288","2.93993","2581.52","2228.45","10985.4","115.803","-20.3506","22.2174","31.3301","49.0511","7.67908","423.891","253.549","2040.77","423.613","711.04","60.1213","8.4554","512.093","1109.85","423.607","2.62"
"52_TRLGL_RR_V3_an8","52_TRLGL_RR_V3","7.92","30.69","197","796","0.03798","8","True","30.01","30.12",NULL,"30.69","778","781",NULL,"796","52","STABLE","TRLGL","L","R","0.564488","0.270328","1.23477","1.4695","1.31431","5.21019","0.245169","0.155763","0.703404","0.289626","0.168432","0.727066","7.89332","4.64484","18.4779","10.5636","28.2549","0.615944","0.206404","5.72307","8.41479","18.1847","28.4837","0.59951","0.0926377","-0.183117","0.117573","0.501727","0.492632","0.00114448","0.000734831","0.0031358","0.00000184982","0.0175959","0.00960636","0.0356907","93498.8","4060.68","14634.3","93.8144","3.67","3522.21","2779.99","9399.88","25.1627","-33.9817","6.647","35.4675","69.025","10.9311","419.343","225.784","1329.62","419.45","699.859","18.1829","2.59808","65.6137","239.103","419.479","0.57"
"52_TRLGL_RR_V4_an1","52_TRLGL_RR_V4","7.68","30.9","187","804","0.03759","1","False","10.46","10.79","26.3","26.51","260","269","682","687","52","STABLE","TRLGL","L","R","0.508235","0.629951","4.05397","0.498683","0.658001","5.24159","0.182172","0.207039","2.38516","0.144757","0.127065","1.10366","29.6219","16.0474","95.2327","69.7881","139.044","0.314378","0.367237","14.9224","28.1198","78.3013","141.957","0.254672","0.26661","-0.148046","0.137689","0.652594","0.944238","0.00108682","0.000644609","0.00407872","0.00000159671","0.0174197","0.0126503","0.0662177","91825","5031.68","24141.8","92.8587","3.68228","2504.39","1991.52","12166.7","180.356","-27.222","24.8537","129.607","62.3353","28.1077","426.338","262.006","3810.11","426.41","707.402","44.7053","6.31964","574.35","6612.65","426.347","15.51"
"52_TRLGL_RR_V4_an2","52_TRLGL_RR_V4","7.68","30.9","187","804","0.03759","2","False","27.39","27.73","29.66","29.98","711","720","771","780","52","STABLE","TRLGL","L","R","0.334624","0.195924","1.06067","0.512227","0.446321","2.70782","0.12138","0.0590877","0.371383","0.13594","0.0905257","0.494135","6.49119","2.17617","13.2471","13.3401","16.3065","0.222665","0.116881","6.4767","5.84115","18.3067","21.267","0.254459","0.11894","-0.191953","0.0810905","0.367199","0.448782","0.00121932","0.000457626","0.002295","0.00000169616","0.0155762","0.0122888","0.0640996","86833.3","2661.13","11068.2","89.803","2.37417","2511.95","1887.62","6634.14","32.4726","-32.8896","9.9614","23.5313","79.7861","6.99376","397.41","217.096","1458.12","397.364","705.357","9.77357","1.38562","58.5947","766.93","397.373","1.93"
"52_TRLGR_RR_V1_an1","52_TRLGR_RR_V1","8","30.01","199","781","0.03776","1","False","10.42","10.96","23.02","23.26","263","277","596","603","52","STABLE","TRLGR","R","L","0.577927","0.827112","6.24855","0.443038","0.420006","2.07742","0.18203","0.202124","2.08637","0.159655","0.134104","0.970275","13.4861","6.79715","35.2409","52.335","38.4277","0.268767","0.191151","11.8517","12.7997","54.2387","54.224","0.266517","0.20374","-0.119232","0.16075","0.443772","0.810491","0.00109668","0.000601674","0.00277357","0.00000156471","0.0163881","0.012964","0.0693773","92231.9","6489.58","34546.2","93.0195","6.4879","2316.72","2273.21","16869.6","126.184","-22.9144","22.4219","94.6807","-28.5276","14.9814","401.389","238.958","2278.47","401.423","714.368","21.453","3.00308","224.002","4840.62","401.378","12.06"
"52_TRLGR_RR_V1_an2","52_TRLGR_RR_V1","8","30.01","199","781","0.03776","2","False","23.7","24.16","25.73","26.28","614","626","668","683","52","STABLE","TRLGR","R","L","0.350474","0.234455","1.30452","1.02425","0.708072","3.15813","0.152239","0.128411","0.792795","0.245128","0.153776","0.941979","4.82175","2.30206","9.55046","12.2629","6.14928","0.270408","0.123215","2.39341","2.01057","9.065","7.15867","0.140771","0.0618105","-0.184923","0.126312","0.439093","0.544893","0.00120366","0.000714311","0.00274433","0.00000195903","0.0188219","0.0146287","0.0749221","90211.7","2908.15","11225.8","90.1632","3.49338","2844.32","2013.31","9340.43","33.409","-24.5369","8.98968","20.9333","-30.4289","4.72502","388.043","216.553","1482.35","388.025","713.713","18.0766","2.53275","71.4121","609.134","387.983","1.57"
"52_TRLGR_RR_V1_an3","52_TRLGR_RR_V1","8","30.01","199","781","0.03776","3","True","26.86","27.2",NULL,"30.01","698","707",NULL,"781","52","STABLE","TRLGR","R","L","0.321223","0.225934","1.10013","0.416785","0.461836","2.64669","0.134884","0.0940994","0.720014","0.178116","0.13776","0.879242","6.62133","4.16618","18.6038","25.4239","13.6347","0.249015","0.131835","6.7802","3.58293","21.9683","18.2047","0.217333","0.106888","-0.191811","0.0938171","0.461703","0.503972","0.00120586","0.000571729","0.00288564","0.00000178098","0.0152409","0.0119213","0.0621213","87427.8","2224.36","10558.4","90.8364","3.15514","1893.18","1376.66","5095.51","51.773","-28.9995","11.2447","33.3266","-21.1695","7.96382","375.708","206.34","1240.26","375.61","713.341","10.689","1.49844","66.2241","1055.41","375.592","2.81"
"52_TRLGR_RR_V2_an1","52_TRLGR_RR_V2","8.34","30.23","208","785","0.03793","1","True","10.7","11.08",NULL,"30.23","270","280",NULL,"785","52","STABLE","TRLGR","R","L","0.538692","0.525404","5.88716","0.674308","0.71249","4.15836","0.184964","0.164293","1.73603","0.209796","0.173989","1.15431","16.7846","7.95211","40.2179","37.7775","54.9657","0.299763","0.198125","12.0222","12.2358","54.6463","48.318","0.280773","0.162548","-0.139358","0.152265","0.552357","1.06839","0.00111663","0.000646074","0.00345223","0.00000166427","0.0175078","0.0135352","0.0891927","92125.9","5109.7","36943.9","93.7799","6.35248","2648.89","2577.21","21053.5","166.929","-39.4606","20.9532","71.4514","-28.3354","15.0452","401.571","235.037","2333.09","401.593","714.711","21.016","2.94049","296.025","7690.04","401.569","19.15"
"52_TRLGR_RR_V3_an1","52_TRLGR_RR_V3","7.97","30.16","202","790","0.03771","1","False","10.32","10.78","24.41","25.31","264","276","637","661","52","STABLE","TRLGR","R","L","0.344247","0.346243","4.23091","0.34896","0.402408","2.75955","0.151429","0.128091","0.891855","0.17145","0.156154","1.1967","10.2923","4.58943","33.863","16.0559","44.0853","0.191618","0.12774","9.06108","9.09163","33.3623","51.345","0.184323","0.137469","-0.133829","0.135948","0.487637","0.813849","0.00102605","0.000607278","0.00304773","0.00000142157","0.0174943","0.0129095","0.0603424","92328.4","4469.8","25396","94.7513","5.41297","2273.92","1972.01","13468.4","106.577","-42.1129","10.3639","45.2347","-52.9845","9.85339","382.925","211.971","1706.26","382.936","714.126","13.0035","1.8209","133.364","5219.27","382.925","13.63"
"52_TRLGR_RR_V3_an2","52_TRLGR_RR_V3","7.97","30.16","202","790","0.03771","2","True","26.2","26.58",NULL,"30.16","685","695",NULL,"790","52","STABLE","TRLGR","R","L","0.690382","0.769577","5.11646","0.784337","0.588027","2.50168","0.216074","0.256348","2.00585","0.25012","0.192392","1.06003","13.612","7.50899","36.7475","48.1251","39.7708","0.451533","0.306471","10.5717","10.2075","47.1907","42.374","0.385832","0.19343","-0.178166","0.0883379","0.359529","0.400525","0.0011233","0.000531965","0.00224706","0.00000154479","0.0142166","0.0108757","0.0473129","89228.3","2466.18","12824","91.7041","3.68414","1882.82","1300.63","5841.41","121.394","-34.2443","24.3075","42.1828","-64.4763","11.1823","413.732","248.377","2434.99","413.799","715.265","38.6251","5.40012","320.134","1481.35","413.784","3.58"
"52_TRLGR_RR_V4_an1","52_TRLGR_RR_V4","7.61","30.05","194","789","0.03769","1","False","10.28","10.75","20.59","21.98","264","277","538","575","52","STABLE","TRLGR","R","L","0.356667","0.253519","2.21461","0.349577","0.280408","1.59754","0.166829","0.135392","1.01848","0.140825","0.117736","1.00614","10.2834","6.35116","34.222","33.3789","45.1836","0.211308","0.116918","8.74109","9.04798","38.582","44.32","0.197417","0.122238","-0.104841","0.165785","0.515004","0.944845","0.00106504","0.000607183","0.00321877","0.00000150297","0.0156084","0.0124322","0.0655023","93748.3","5341.38","26575.3","94.3162","6.86415","2430.42","2125.04","12866.7","59.0356","-29.2756","12.1876","44.3561","-29.8862","9.74581","378.008","207.945","1640.21","378.028","714.921","12.3338","1.72519","86.0605","3719.35","377.983","9.84"
"52_TRLGR_RR_V4_an2","52_TRLGR_RR_V4","7.61","30.05","194","789","0.03769","2","False","22.73","23.05","24.19","24.5","595","603","633","642","52","STABLE","TRLGR","R","L","0.3951","0.231439","1.00116","0.41272","0.317566","1.46736","0.121837","0.0760886","0.418938","0.242296","0.186433","0.811242","4.71683","1.57437","9.80916","9.11978","9.48039","0.32661","0.133119","4.09407","3.11534","13.943","11.805","0.320392","0.13051","-0.224071","0.110091","0.504524","0.485024","0.00140044","0.00068807","0.00315328","0.00000243468","0.0230192","0.0165811","0.0779568","86986.8","2390.84","9785.56","88.713","2.15138","2128.33","1992.84","8970.89","33.036","-54.8934","9.98937","7.02501","-75.7123","1.9776","401.848","221.098","1411.67","401.998","713.227","17.4118","2.44127","80.8725","458.193","401.924","1.14"
"52_TRLGR_RR_V4_an3","52_TRLGR_RR_V4","7.61","30.05","194","789","0.03769","3","True","25.11","25.39",NULL,"30.05","658","665",NULL,"789","52","STABLE","TRLGR","R","L","0.902423","1.02482","5.13413","0.763711","0.530498","2.93644","0.319419","0.357839","3.40427","0.230195","0.176984","0.928692","20.075","6.32771","36.537","44.7116","55.5675","0.469466","0.350393","19.638","13.0062","61.336","55.222","0.38284","0.238419","-0.180664","0.117945","0.504156","0.583686","0.00114936","0.000705229","0.00315098","0.00000181838","0.0162792","0.0136547","0.0580836","92595.8","3641.31","16846.5","93.4349","3.30186","2403.72","2150.71","11690.8","125.038","-24.55","28.8254","76.5873","-44.9887","18.228","447.76","311.554","4034.33","447.846","714.194","61.2505","8.57618","496.223","2086.53","447.753","4.66"
"53_MNTRL_RR_V1_an1","53_MNTRL_RR_V1","7.62","29.44","188","760","0.03812","1","False","10.34","10.59","14.1","14.42","259","265","357","366","53","STABLE","MNTRL","L","R","0.32551","0.185413","1.08316","0.52098","0.324677","1.57232","0.132528","0.0910924","0.589619","0.145136","0.0893322","0.494132","19.4055","10.5281","51.6886","20.9827","76.9517","0.375638","0.157771","5.33571","24.2767","19.0283","88.5093","0.398544","0.163455","-0.00598668","0.160623","0.343968","0.676468","0.000806494","0.000598979","0.0021498","0.00000100921","0.0164983","0.0125524","0.0619175","96822.1","7120.02","28621.8","95.068","6.90864","2589.23","2275.21","11712.3","52.3874","-61.389","12.2112","44.3222","32.0214","15.0907","434.455","237.877","1643.12","434.372","646.418","8.13608","1.25864","43.3359","1524.71","434.39","3.51"
"53_MNTRL_RR_V1_an2","53_MNTRL_RR_V1","7.62","29.44","188","760","0.03812","2","False","18.72","18.97","21.58","21.82","479","485","554","560","53","STABLE","MNTRL","L","R","0.463536","0.269602","1.46899","0.627864","0.444018","1.99566","0.144408","0.085119","0.545766","0.186121","0.117372","0.60407","23.4061","17.6402","92.6762","16.4523","116.684","0.572367","0.480392","7.0528","33.382","22.0877","136.44","0.65051","0.575989","-0.140542","0.125812","0.378893","0.57452","0.00105416","0.000527846","0.00236808","0.00000138987","0.0171362","0.0119182","0.0536631","91356.9","5631.48","27974.6","93.5093","3.38951","2297.6","1901.02","10857.5","53.8471","-80.1303","11.6638","46.8903","34.4127","14.855","441.111","240.245","1714.44","441.126","647.233","11.6118","1.79407","78.126","1151.42","441.155","2.61"
"53_MNTRL_RR_V1_an3","53_MNTRL_RR_V1","7.62","29.44","188","760","0.03812","3","True","26.33","26.58",NULL,"29","678","685",NULL,"748","53","STABLE","MNTRL","L","R","0.349322","0.275706","1.8504","0.416051","0.276106","1.30127","0.137528","0.0984141","0.691305","0.123866","0.0784431","0.620679","6.14366","3.52919","20.1017","18.837","24.1384","0.246065","0.135915","4.55649","6.10281","18.2527","29.7807","0.26165","0.159673","-0.119978","0.154985","0.326862","0.637766","0.00112029","0.000495518","0.00204289","0.00000150059","0.0136333","0.0137827","0.0913882","91396","6408.51","32915.3","92.3675","3.29625","2544.47","2706.12","15711.6","29.6931","-83.9922","6.83577","29.7793","18.2924","8.20362","434.529","240.667","1759.03","434.601","646.476","7.60629","1.17658","46.0825","1051.73","434.601","2.42"
"53_MNTRL_RR_V2_an1","53_MNTRL_RR_V2","7.61","29.32","187","755","0.03822","1","False","10.14","10.49","14.27","14.72","253","262","361","373","53","STABLE","MNTRL","L","R","0.44605","0.28032","1.54149","0.55553","0.32929","1.78438","0.141093","0.0852428","0.688428","0.157123","0.0964564","0.752091","7.6854","4.13423","20.8023","7.4775","35.6576","0.292371","0.131872","2.69624","8.65761","9.52","38.0353","0.287882","0.194691","0.0194575","0.163192","0.457489","0.741776","0.000844483","0.000584752","0.00285931","0.00000105509","0.0151951","0.012099","0.0512276","96965.4","6177.51","24169.7","95.2812","5.3183","2413.41","2091.47","11424.7","35.4648","-62.7267","8.48784","43.8002","55.37","11.3054","440.415","239.699","1490.47","440.456","646.353","9.42724","1.45853","54.0171","1664.89","440.447","3.78"
"53_MNTRL_RR_V2_an2","53_MNTRL_RR_V2","7.61","29.32","187","755","0.03822","2","False","18.28","18.68","22.35","22.89","466","476","572","586","53","STABLE","MNTRL","L","R","0.25152","0.181562","1.06595","0.46593","0.46679","2.22663","0.10831","0.0693581","0.378661","0.151516","0.117327","0.758958","5.84233","3.25318","19.465","10.5993","26.5476","0.179423","0.116734","2.20086","8.15749","7.336","37.407","0.200552","0.130572","-0.148136","0.13358","0.397814","0.687755","0.00114216","0.000499696","0.00248633","0.00000155422","0.0156348","0.0133652","0.0628876","90433.5","4278.11","21912.1","91.0587","2.83868","2571.64","2033.88","9037.88","23.2875","-61.296","5.06851","28.7308","50.2015","7.71222","421.015","231.826","1409.06","421.098","645.697","10.0479","1.55614","81.4838","1545.27","421.055","3.67"
"53_MNTRL_RR_V2_an3","53_MNTRL_RR_V2","7.61","29.32","187","755","0.03822","3","True","26.34","26.74",NULL,"29.3","677","687",NULL,"754","53","STABLE","MNTRL","L","R","0.301061","0.190849","1.19584","0.72679","0.541691","2.29698","0.119077","0.0670147","0.380875","0.188258","0.127756","0.593534","6.90216","4.76734","22.0114","9.77356","32.2784","0.26795","0.155615","3.65133","8.43856","14.7517","34.1743","0.287442","0.224369","-0.19295","0.0807689","0.427316","0.450908","0.00121028","0.000494318","0.00267073","0.00000170912","0.0144843","0.0115602","0.0526424","88932.1","2021.3","9480.26","90.5044","1.60331","2015.7","1304.01","5436.64","27.0605","-73.9027","6.83582","33.2396","57.8494","9.15384","441.47","239.668","1530.66","441.489","645.881","7.46202","1.15532","44.8618","1130.13","441.459","2.56"
"53_MNTRL_RR_V3_an1","53_MNTRL_RR_V3","7.62","28.99","189","749","0.03813","1","False","8.24",NULL,NULL,"9.13","205",NULL,NULL,"228","53","UNSTABLE","MNTRL","L","R","1.17436","0.534277","2.64748","3.50375","1.55245","5.94639","0.248041","0.184273","0.910724","0.430129","0.257939","1.7985","19.4443","11.9859","55.0701","14.6444","75.9914","0.997359","0.563056","9.66874","28.5083","25.2287","92.415","1.20277","0.537722","-0.201965","0.0836075","0.341215","0.27932","0.00126228","0.000522547","0.00213259","0.0000018664","0.0137532","0.00966224","0.0377475","91823.4","1306.61","5070.82","107.065","0.32237","1587.06","985.876","3766.21","39.1081","-70.6584","11.5373","42.9591","30.3693","15.2658","437.007","244.71","1436.21","436.801","643.198","16.7971","2.6115","62.2568","388.798","436.852","0.89"
"53_MNTRL_RR_V3_an2","53_MNTRL_RR_V3","7.62","28.99","189","749","0.03813","2","False","10.02","10.35","14.1","14.64","251","260","358","373","53","STABLE","MNTRL","L","R","0.39276","0.289524","1.49506","0.506882","0.330929","1.81578","0.127247","0.0749642","0.397603","0.158606","0.103302","0.65319","10.6579","3.73047","21.6837","27.5081","28.5173","0.296462","0.137423","11.6528","8.38575","41.5707","32.7793","0.339385","0.168849","-0.0311514","0.143071","0.370446","0.702114","0.000739079","0.000539681","0.00231529","0.000000837494","0.0184791","0.0146897","0.0938792","97783.7","5798.76","25154.1","97.6066","6.87908","2804.37","2315.88","10467.4","55.1212","-66.3109","12.8253","40.216","42.1151","10.0315","434.403","239.731","1492.36","434.426","647.203","10.3472","1.59875","74.1596","1629.02","434.405","3.75"
"53_MNTRL_RR_V3_an3","53_MNTRL_RR_V3","7.62","28.99","189","749","0.03813","3","False","18.65","19.5","22.49","23.14","478","500","579","596","53","STABLE","MNTRL","L","R","0.354672","0.23771","1.30231","0.54788","0.326816","1.86723","0.128305","0.0797778","0.404244","0.162706","0.112171","0.716512","9.15809","3.06742","14.6211","21.8781","18.5572","0.236432","0.118529","7.03432","6.04519","20.5287","23.2787","0.240232","0.111783","-0.143617","0.133511","0.38007","0.706966","0.00109572","0.000548976","0.00237543","0.00000150199","0.0169856","0.0129819","0.0601284","89211.2","4960.25","22631.6","91.1123","2.54867","2842.9","2282.35","12551.1","41.3634","-64.1006","9.41577","32.7844","38.5668","10.2605","429.63","231.708","1443.84","429.641","645.65","10.3626","1.60498","74.769","1284.62","429.638","2.99"
"53_MNTRL_RR_V3_an4","53_MNTRL_RR_V3","7.62","28.99","189","749","0.03813","4","True","26.42","26.81",NULL,"28.8","682","692",NULL,"744","53","STABLE","MNTRL","L","R","0.263882","0.157983","0.82147","0.486144","0.487063","2.26913","0.10033","0.0529491","0.296742","0.15146","0.113516","0.754162","7.7736","5.1753","26.8376","15.0058","32.4942","0.255791","0.179009","7.55003","9.26769","25.5157","37.0313","0.300012","0.236858","-0.196924","0.0796936","0.344659","0.421496","0.00124889","0.000450725","0.00215412","0.00000176289","0.0157648","0.0106099","0.0488061","88389.4","2922.3","13124.9","91.9073","3.29907","2524.21","1815.93","8802.2","39.5535","-72.1237","10.6587","23.2732","31.763","5.66392","433.894","240.683","1495.3","433.977","646.82","7.1877","1.11124","40.2842","863.578","433.959","1.99"
"53_MNTRL_RR_V4_an1","53_MNTRL_RR_V4","7.65","29.34","186","755","0.03805","1","False","10.47","10.71","14.26","14.72","260","266","359","371","53","STABLE","MNTRL","L","R","0.387991","0.250902","1.30694","0.64655","0.518873","2.83905","0.138","0.0802163","0.43264","0.165214","0.126522","1.26741","11.678","3.69594","23.0328","20.6773","37.8102","0.284088","0.137109","7.78314","12.5276","23.2257","46.6343","0.312865","0.206769","0.00762539","0.130542","0.308171","0.607623","0.000647937","0.000498119","0.00192607","0.000000667944","0.0185406","0.0140212","0.0626715","97162","4597.49","22324.3","96.8365","4.95842","2501.21","1607.96","6864.32","46.3114","-26.334","10.4074","41.5637","-1.19389","11.6838","412.984","228.133","1721.85","412.963","646.126","8.86425","1.37191","57.0688","1466.07","412.977","3.55"
"53_MNTRL_RR_V4_an2","53_MNTRL_RR_V4","7.65","29.34","186","755","0.03805","2","False","18.32","18.65","22.6","23.02","466","475","578","589","53","STABLE","MNTRL","L","R","0.229069","0.150324","0.755828","0.437446","0.447491","2.31615","0.111282","0.064076","0.468223","0.139773","0.114752","0.92074","8.2166","4.79554","28.1638","16.1807","38.0512","0.213125","0.160628","5.52542","10.1001","14.963","46.9573","0.24592","0.187835","-0.162897","0.137885","0.423873","0.79628","0.00121277","0.000555328","0.0026492","0.00000177921","0.0170737","0.0127935","0.0611409","87861.9","4204.97","21950.6","90.3986","3.0322","2488.64","1719.35","7931.57","29.91","-24.7934","6.58001","27.1902","3.97562","7.94849","417.648","227.596","1659.81","417.685","646.007","5.83913","0.90388","35.0962","1649.85","417.685","3.95"
"53_MNTRL_RR_V4_an3","53_MNTRL_RR_V4","7.65","29.34","186","755","0.03805","3","True","26.36","26.7",NULL,"29.1","677","686",NULL,"749","53","STABLE","MNTRL","L","R","0.426335","0.348142","1.66574","0.496058","0.425225","2.55164","0.128851","0.0888616","0.53921","0.135878","0.0920855","0.738121","14.1788","7.88871","32.9229","36.7454","49.6761","0.321672","0.159836","9.83359","13.4859","37.14","54.0127","0.345442","0.196167","-0.195504","0.0983699","0.48942","0.560136","0.00123571","0.000586558","0.00305888","0.00000187104","0.0177309","0.0133123","0.0628275","87685.1","2031.4","9374.33","91.4322","1.9118","1864.62","1443.86","6649.91","29.941","-33.5654","7.82653","33.6343","-7.83325","9.69802","418.735","227.234","1463.04","418.643","646.203","7.90709","1.22362","41.81","1004.74","418.64","2.4"
"53_MNTRR_RR_V1_an1","53_MNTRR_RR_V1","7.62","29.3","188","748","0.03869","1","False","10.03","10.43","12.59","12.84","250","260","316","322","53","STABLE","MNTRR","R","L","0.33248","0.172376","0.876978","0.531586","0.321839","1.39499","0.119949","0.0687596","0.422665","0.137829","0.0774371","0.476882","12.1054","9.26806","49.0276","7.23483","62.6427","0.367732","0.321124","2.57135","20.0082","7.77067","80.23","0.441024","0.387168","-0.0599461","0.151789","0.390439","0.700836","0.000815641","0.000612448","0.00244024","0.00000104036","0.015821","0.0137212","0.0520008","97647.8","4233.3","20871.6","105.53","4.50491","3027.7","2886.91","12082.5","20.5338","-70.146","4.96746","22.5412","-74.0412","6.81693","420.873","236.876","1371.7","420.901","650.181","4.04658","0.622378","21.6684","909.075","420.868","2.16"
"53_MNTRR_RR_V1_an2","53_MNTRR_RR_V1","7.62","29.3","188","748","0.03869","2","False","13.61","13.99","14.18","14.86","342","352","357","375","53","STABLE","MNTRR","R","L","0.74883","0.24425","1.23388","1.87037","0.19721","2.18276","0.195762","0.117404","0.541561","0.334001","0.143916","0.76522","6.23578","3.50069","13.015","1.03722","22.1959","1.25791","0.268899","1.92936","6.91663","6.18933","22.288","1.21897","0.166736","0.0230665","0.0926168","0.146053","0.246722","0.000549181","0.000232932","0.000912829","0.000000355857","0.0103189","0.00843362","0.0204649","95779.5","2102.96","6895.5","92.9232","0.478808","2080.03","1564.07","4249.25","6.81594","-112.231","1.90163","15.4148","-47.6484","4.39634","471.034","263.911","1674.45","471.207","630.874","12.2721","1.94526","45.167","89.5287","471.204","0.19"
"53_MNTRR_RR_V1_an3","53_MNTRR_RR_V1","7.62","29.3","188","748","0.03869","3","False","18.55","18.91","22.1","22.34","470","479","562","568","53","STABLE","MNTRR","R","L","0.50253","0.383291","2.64955","0.709732","0.540533","2.73498","0.200129","0.191007","1.30799","0.172464","0.13979","1.05935","16.7281","12.2599","67.003","13.1699","86.0596","0.382292","0.29644","3.43608","24.3772","14.4627","105.009","0.437233","0.375227","-0.154703","0.186348","0.609721","0.953519","0.00125","0.000853728","0.00381076","0.00000229134","0.0156068","0.0114696","0.0573332","93215.2","5747.83","27700.6","91.087","4.32351","2920.39","2465.28","12652.5","29.802","-90.3907","7.02993","35.0791","-66.2828","10.511","438.633","241.029","1379.14","438.583","650.928","6.70847","1.0306","37.8428","1399.06","438.578","3.19"
"53_MNTRR_RR_V1_an4","53_MNTRR_RR_V1","7.62","29.3","188","748","0.03869","4","True","26.66","26.97",NULL,"29","680","688",NULL,"740","53","STABLE","MNTRR","R","L","0.378094","0.244957","1.2981","0.658496","0.641243","2.58263","0.155425","0.154127","0.978056","0.150114","0.10732","0.619727","11.8642","6.30569","25.9308","32.8197","31.2913","0.256296","0.103611","11.7814","10.4299","35.8577","36.8957","0.314358","0.0870288","-0.20838","0.103108","0.44466","0.451094","0.00130389","0.000641347","0.00277913","0.00000211146","0.0182289","0.0136929","0.0523827","88206.6","2849.35","14982.1","90.1114","3.66678","2965.76","2082.68","8830.81","39.4299","-95.891","10.9836","24.5492","-55.8494","7.16843","422.636","232.891","1741.5","422.745","650.023","6.65631","1.02401","42.7256","858.059","422.689","2.03"
"53_MNTRR_RR_V2_an1","53_MNTRR_RR_V2","7.67","29.57","189","758","0.03844","1","False","10.32","10.62","12.62","12.81","257","265","317","322","53","STABLE","MNTRR","R","L","0.541982","0.306584","1.74555","0.72861","0.518443","3.08089","0.165988","0.134868","1.08189","0.177728","0.113154","0.577022","20.2178","13.9161","73.4337","36.8094","87.7223","0.617923","0.493897","15.1658","27.2942","44.685","109.875","0.728647","0.556888","-0.0453664","0.13115","0.32357","0.619704","0.000719745","0.000483998","0.00202231","0.000000752287","0.0161848","0.0115452","0.0479336","95075.1","4829.79","21101.1","96.4194","3.01211","3404.38","2424.43","10764.6","63.9024","-80.7216","20.009","31.587","-102.563","6.3077","432.543","231.203","1359.82","432.644","648.26","7.60163","1.17262","49.1343","865.17","432.585","2"
"53_MNTRR_RR_V2_an2","53_MNTRR_RR_V2","7.67","29.57","189","758","0.03844","2","False","13.81","14.08","14.48","14.94","348","355","366","378","53","STABLE","MNTRR","R","L","0.524034","0.167578","0.963974","1.39926","0.788862","2.58422","0.167847","0.104481","0.529473","0.280814","0.178999","0.942277","9.65023","5.50652","24.0197","6.32939","34.2739","0.952664","0.498064","3.71367","11.1889","11.88","37.069","0.976629","0.393875","-0.00253925","0.126016","0.259847","0.391685","0.000649205","0.000446205","0.00162404","0.000000620567","0.0228265","0.0176183","0.0568675","93262.6","3300.26","11240.1","91.3676","2.87719","1693.1","1397.78","4353.58","9.79449","-105.188","2.40398","14.475","-75.5213","5.39202","420.57","242.4","1465.84","420.781","643.539","10.472","1.62725","44.5566","168.298","420.746","0.4"
"53_MNTRR_RR_V2_an3","53_MNTRR_RR_V2","7.67","29.57","189","758","0.03844","3","False","18.41","18.7","22.59","22.88","468","475","577","584","53","STABLE","MNTRR","R","L","0.941108","0.535752","2.43179","1.83202","1.09495","4.75542","0.223513","0.148615","0.955863","0.285698","0.157103","0.896131","34.9307","16.5887","75.4217","56.9301","100.168","0.82853","0.442282","14.5159","30.5909","61.591","106.242","0.665599","0.315731","-0.128176","0.184117","0.488971","0.809704","0.00114939","0.000803023","0.00305607","0.00000196594","0.0163425","0.0123174","0.0573921","93596.9","5998.52","26522","93.6231","4.01208","2669.53","2509.03","17712.7","95.8188","-66.6281","22.042","32.6491","-78.7817","8.59918","429.507","234.253","1489.51","429.558","650.014","17.4936","2.69127","91.8589","1670.85","429.523","3.89"
"53_MNTRR_RR_V2_an4","53_MNTRR_RR_V2","7.67","29.57","189","758","0.03844","4","False","26.58",NULL,NULL,"27.44","680",NULL,NULL,"703","53","UNSTABLE","MNTRR","R","L","0.680095","0.420253","2.03779","3.14825","1.77915","5.94374","0.295261","0.223348","1.12331","0.460542","0.246163","1.1582","9.83394","4.14196","18.4955","8.70861","25.5592","0.724438","0.224137","1.83792","9.06655","6.90833","31.1203","0.536306","0.261815","-0.153913","0.106453","0.349162","0.396064","0.000986382","0.000628547","0.00218226","0.00000136802","0.0196352","0.0109938","0.0522411","89402.4","3384.4","12653.5","91.8252","3.74377","2746.27","1913.02","7988.78","31.7767","-61.1874","8.68863","18.3614","-96.7591","4.51916","442.381","252.414","1505.82","442.477","628.689","39.9936","6.36143","161.135","380.5","442.442","0.86"
"53_MNTRR_RR_V2_an5","53_MNTRR_RR_V2","7.67","29.57","189","758","0.03844","5","True","27.7","27.93",NULL,"29.2","710","716",NULL,"749","53","STABLE","MNTRR","R","L","0.668046","0.490056","2.22","0.707235","0.520728","2.57259","0.223888","0.151688","0.894763","0.169621","0.139211","0.741061","9.02456","3.49511","19.5955","12.0579","29.4251","0.330612","0.129206","4.28285","10.0998","16.058","31.6713","0.3306","0.0940122","-0.235526","0.183832","0.548485","0.735827","0.00164696","0.000880055","0.00342803","0.00000348698","0.0163225","0.0112331","0.0500915","92714.2","3772.05","15130","90.7059","4.96354","2388.12","1378.81","5120.2","31.2695","-51.0048","6.24819","30.1326","-92.2857","10.7825","434.433","235.777","1632.18","434.623","649.54","13.5092","2.07981","66.8344","551.958","434.613","1.27"
"53_MNTRR_RR_V3_an1","53_MNTRR_RR_V3","7.66","29.91","191","769","0.03849","1","False","10.03","11.01","14.49","14.86","252","278","368","378","53","STABLE","MNTRR","R","L","0.458684","0.45156","2.9948","0.684211","0.437896","2.21868","0.178904","0.174259","1.43247","0.166532","0.113056","1.06798","12.4229","7.39854","35.7688","28.6791","45.1723","0.279425","0.179045","8.16189","15.2229","33.05","54.9","0.325914","0.204296","0.0239027","0.196934","0.473979","0.790243","0.00109017","0.00059061","0.00296237","0.00000153729","0.0167907","0.0108783","0.0484019","97236.5","5570.02","22994.8","95.6488","3.50918","2323.44","1778.68","9853.79","61.1028","-68.7755","12.1139","36.5129","-90.176","12.3825","432.426","235.668","1498.58","432.452","649.888","7.48608","1.1519","36.3169","1504.81","432.417","3.48"
"53_MNTRR_RR_V3_an2","53_MNTRR_RR_V3","7.66","29.91","191","769","0.03849","2","False","18.34","18.72","21.15","21.43","468","478","541","548","53","STABLE","MNTRR","R","L","0.718229","0.684493","4.19193","0.958697","0.481438","2.33962","0.21922","0.236533","1.44685","0.189552","0.108195","0.659093","16.853","11.8933","60.4978","16.5548","83.9236","0.490269","0.332535","3.86771","24.5257","15.7823","99.8177","0.540445","0.399079","-0.18895","0.101999","0.434579","0.463185","0.00118652","0.000627031","0.00271612","0.00000180101","0.0172231","0.0141044","0.0577527","88248.1","2887.85","15696","90.3101","3.39493","2224.74","1858.45","7473.03","47.9787","-43.8879","12.7968","39.4807","-97.9584","12.1182","439.91","234.546","1599.71","439.994","649.36","11.2546","1.73318","73.8535","1069.11","439.964","2.43"
"53_MNTRR_RR_V3_an3","53_MNTRR_RR_V3","7.66","29.91","191","769","0.03849","3","False","22.12",NULL,NULL,"22.69","566",NULL,NULL,"581","53","UNSTABLE","MNTRR","R","L","0.651836","0.337514","1.86078","4.26872","1.07835","6.52798","0.200333","0.213602","1.33346","0.398781","0.184029","0.968844","16.4888","10.1261","47.691","5.00622","63.5836","1.20962","0.950981","4.21567","18.8739","13.5437","65.0283","1.3554","0.894583","-0.153161","0.132691","0.346871","0.430557","0.00104773","0.000711591","0.00216794","0.00000160411","0.021336","0.0162238","0.0534146","92368.5","2834.69","10894.1","92.1977","3.38702","2427.24","2370.13","8557.33","44.8514","-58.8385","11.8249","14.122","-93.4475","4.80766","437.952","236.197","1427.03","437.865","643.547","19.392","3.0133","68.6655","249.546","437.801","0.57"
"53_MNTRR_RR_V3_an4","53_MNTRR_RR_V3","7.66","29.91","191","769","0.03849","4","True","26.76","27.18",NULL,"29.2","687","698",NULL,"750","53","STABLE","MNTRR","R","L","0.454571","0.428426","2.234","0.559985","0.337221","1.54434","0.172534","0.143301","0.931625","0.143286","0.0902362","0.619564","13.0929","4.68357","17.9231","15.6097","30.7796","0.281203","0.152571","7.85848","13.9756","22.8923","37.9027","0.305075","0.165261","-0.12163","0.138623","0.395381","0.626955","0.00100433","0.000565556","0.00247113","0.00000132852","0.0154124","0.0128831","0.0669392","91326.1","5936.24","24683.3","91.5015","4.47709","2728.09","2443.26","13496.1","26.756","-52.575","6.64937","40.0239","-80.3015","13.2793","432.758","233.409","1454.08","432.748","650.139","8.97021","1.37974","45.4721","874.128","432.736","2.02"
"53_MNTRR_RR_V4_an1","53_MNTRR_RR_V4","7.61","29.48","188","761","0.03813","1","False","10.06","10.47","14.54","15","252","263","369","381","53","STABLE","MNTRR","R","L","0.497891","0.356082","2.03572","0.487851","0.298156","1.62883","0.176694","0.146982","0.953822","0.13899","0.0820414","0.517645","11.3645","4.65191","22.6209","19.3108","35.0311","0.270883","0.117271","6.69119","12.4099","23.0307","38.0197","0.283016","0.153302","0.0845973","0.18549","0.685938","0.959056","0.000962602","0.000834843","0.00428711","0.00000162357","0.0173265","0.0132265","0.0526838","99694","5252.82","23940.6","98.546","7.70496","3078.77","2848.1","20246.8","39.234","-60.1942","8.06001","36.5925","-62.36","10.9035","418.345","233.638","1401.22","418.353","651.034","7.21111","1.10764","39.3686","1702.7","418.353","4.07"
"53_MNTRR_RR_V4_an2","53_MNTRR_RR_V4","7.61","29.48","188","761","0.03813","2","False","18.4","19.06","22.83","23.3","470","488","587","599","53","STABLE","MNTRR","R","L","0.466743","0.351029","2.0727","0.439193","0.333657","1.75931","0.195946","0.163485","0.95127","0.121709","0.0827567","0.669798","9.92179","4.79685","21.0142","33.9561","11.757","0.213371","0.109021","12.3659","3.46517","38.3727","15.7473","0.225229","0.11781","-0.171867","0.114382","0.468827","0.762106","0.00114992","0.000585315","0.00293017","0.0000016649","0.0164259","0.0129881","0.0714146","89909.9","4213.81","21045","90.3318","2.89867","2595.47","2221.82","11003.9","47.5325","-49.4776","12.0084","33.6572","-63.2845","8.57554","423.435","227.008","1506.73","423.411","650.962","5.98713","0.919735","29.2978","1596.19","423.393","3.77"
"53_MNTRR_RR_V4_an3","53_MNTRR_RR_V4","7.61","29.48","188","761","0.03813","3","True","26.7","27.49",NULL,"29.1","688","709",NULL,"751","53","STABLE","MNTRR","R","L","0.38554","0.255264","1.18814","0.576142","0.576117","2.05284","0.170988","0.140778","0.685106","0.126708","0.0827873","0.423606","3.53074","1.76388","9.80865","12.3761","8.85539","0.148411","0.0980717","2.52722","3.24457","8.54033","12.877","0.117278","0.0692057","-0.197367","0.0895095","0.42328","0.440799","0.00123863","0.000548066","0.0026455","0.00000183459","0.0175311","0.0133003","0.060592","87662.4","2467.84","10247.5","89.6589","3.18887","1751.82","1459.26","6352.21","17.4497","-58.29","4.00241","26.2643","-63.1772","7.23834","419.748","223.719","1442.94","419.914","650.802","4.63016","0.711455","29.9082","675.965","419.854","1.61"
"53_TRLGL_RR_V1_an1","53_TRLGL_RR_V1","7.79","30.72","193","788","0.03848","1","True","10.17","10.61",NULL,"30.72","254","266",NULL,"788","53","STABLE","TRLGL","L","R","0.405536","0.343156","2.62061","0.53736","0.479668","4.32547","0.136405","0.0939673","0.73447","0.154696","0.106272","1.21273","11.202","6.74069","35.7068","23.4124","62.0144","0.254417","0.138075","6.5138","12.7189","26.9313","64.4113","0.262007","0.162062","-0.143693","0.127204","0.45182","0.766052","0.00104505","0.000588637","0.00282388","0.00000143861","0.0152539","0.0117311","0.069247","91187.2","4810","28424.7","93.6586","5.48315","2266.58","1738.08","11499.6","50.7138","-89.0132","9.34068","41.932","54.5299","10.9395","439.782","240.719","1844.93","439.791","646.96","10.3581","1.60105","93.3847","8844.16","439.789","20.11"
"53_TRLGL_RR_V2_an1","53_TRLGL_RR_V2","7.65","30.51","188","779","0.03867","1","False","10.3","11.03","17.91","18.31","256","275","453","463","53","STABLE","TRLGL","L","R","0.414382","0.411273","2.64395","0.488223","0.321735","1.86422","0.151986","0.117626","0.889153","0.1468","0.0928164","0.690897","13.0394","10.0409","39.8604","43.3583","49.6923","0.2184","0.142273","11.4688","9.60263","47.0537","50.041","0.222842","0.16496","-0.0659229","0.178628","0.469873","0.912159","0.00101262","0.000625112","0.00293671","0.00000141616","0.0166467","0.0121374","0.0546675","95323","5247.12","21733.8","96.5255","4.50476","2254.83","1701.19","9732.26","75.9848","2.25459","15.8338","39.2472","44.9073","8.49699","426.013","232.424","1757.06","425.989","647.253","8.06715","1.24637","68.0552","2930.86","425.997","6.88"
"53_TRLGL_RR_V2_an2","53_TRLGL_RR_V2","7.65","30.51","188","779","0.03867","2","False","18.83","19.24","20.05","20.52","477","487","508","520","53","STABLE","TRLGL","L","R","0.394424","0.249097","0.985253","0.637303","0.205987","1.08033","0.175356","0.128626","0.614932","0.189257","0.111337","0.540343","3.73358","1.99693","7.72945","13.6044","4.38333","0.228674","0.0755628","4.49607","0.971148","14.319","4.50867","0.205672","0.0743824","-0.197804","0.0808053","0.306171","0.356241","0.00126472","0.000428845","0.00191357","0.00000178343","0.0107294","0.0101214","0.0396175","91173.1","1570.6","4775.34","95.7233","2.16637","1224.81","1078.1","3777.93","27.2617","7.95949","7.59108","27.277","60.1852","9.0494","427.426","227.455","1420.37","427.189","649.344","10.4826","1.61434","47.6084","346.034","427.202","0.81"
"53_TRLGL_RR_V2_an3","53_TRLGL_RR_V2","7.65","30.51","188","779","0.03867","3","True","20.94","21.25",NULL,"30.51","531","539",NULL,"779","53","STABLE","TRLGL","L","R","0.258529","0.1873","1.58608","0.357227","0.291889","1.93817","0.107135","0.0628074","0.423336","0.122045","0.0819256","0.701708","6.91876","3.10351","16.7977","20.4583","24.9736","0.170279","0.0916189","5.52562","7.81904","21.0807","31.898","0.190744","0.116533","-0.18916","0.11998","0.587219","0.896447","0.00124656","0.000637276","0.00367012","0.00000196003","0.01617","0.0134049","0.0652679","90417.2","3794.2","21050.9","91.3627","3.09524","2213.25","1768.78","8385.66","45.1771","-0.481207","7.41199","35.4733","51.2414","9.00609","422.432","227.734","1585.35","422.436","647.25","5.98535","0.924736","55.2378","3911.69","422.428","9.26"
"53_TRLGL_RR_V3_an1","53_TRLGL_RR_V3","7.7","30.18","197","785","0.03818","1","False","10.29","10.72","13.22","13.94","264","276","341","360","53","STABLE","TRLGL","L","R","0.353761","0.234669","1.2312","0.492189","0.285214","1.32586","0.126109","0.07118","0.448256","0.140667","0.0899543","0.463591","3.43058","1.50688","6.8625","6.32339","10.9965","0.166689","0.0716318","2.64433","6.11332","9.12967","19.359","0.210171","0.11761","0.0129844","0.192345","0.449806","0.785586","0.00100553","0.000663837","0.00281129","0.00000145176","0.0164098","0.0120157","0.0486288","97047.4","5967.64","22703.7","100.12","5.51397","2857.19","2231.73","10310.2","27.989","-46.526","5.43946","31.4848","28.4027","8.58822","427.837","231.124","1492.72","427.927","647.586","5.12755","0.791795","30.8237","1069.75","427.9","2.5"
"53_TRLGL_RR_V3_an2","53_TRLGL_RR_V3","7.7","30.18","197","785","0.03818","2","False","14.37","14.74","22.89","23.26","371","381","594","604","53","STABLE","TRLGL","L","R","0.296976","0.181586","1.34325","0.289562","0.179033","1.23027","0.112165","0.0596707","0.537732","0.108615","0.0647452","0.559771","7.94735","5.24083","28.4275","22.6482","41.0691","0.189469","0.0948013","5.86096","8.57605","26.1517","47.1313","0.194205","0.113133","-0.176682","0.113976","0.594445","0.775244","0.00114975","0.00063633","0.00371528","0.00000172684","0.0169952","0.0137864","0.0760027","90816.5","3967.12","21183.3","92.2126","3.60476","2216.96","1604.64","7277.57","41.1253","-34.7377","8.17231","35.7584","23.7629","8.73185","424.719","234.652","1722.43","424.761","647.341","6.21935","0.960754","49.7446","3461.64","424.741","8.15"
"53_TRLGL_RR_V3_an3","53_TRLGL_RR_V3","7.7","30.18","197","785","0.03818","3","False","23.84","24.2","24.56","24.83","619","629","638","645","53","STABLE","TRLGL","L","R","0.717406","0.442984","1.86332","0.933108","0.253871","1.50679","0.217636","0.136369","0.653765","0.221583","0.11003","0.549475","1.41828","0.588468","3.39664","3.08661","3.63661","0.254061","0.101334","0.400909","1.54824","1.405","5.22733","0.28006","0.127945","-0.173525","0.121951","0.43858","0.420737","0.00108453","0.000762193","0.00274112","0.00000175715","0.0245166","0.0183598","0.061682","88836.6","3102.05","12816.7","90.4399","1.2771","2529.18","2725.35","8079.95","7.05531","-26.2154","1.80232","26.2018","16.8226","8.27009","434.556","234.626","1244.79","435.341","641.788","8.05122","1.2545","23.8037","156.717","435.324","0.36"
"53_TRLGL_RR_V3_an4","53_TRLGL_RR_V3","7.7","30.18","197","785","0.03818","4","True","25.27","25.58",NULL,"30.18","657","665",NULL,"785","53","STABLE","TRLGL","L","R","0.183811","0.129907","0.870909","0.319793","0.324456","1.97236","0.10313","0.0647818","0.484282","0.129684","0.0900276","0.633808","3.77465","1.97399","9.28057","7.79933","16.2446","0.117779","0.0656927","2.53707","3.87165","9.57767","15.2937","0.111419","0.0625043","-0.169321","0.0933376","0.367907","0.439309","0.00107854","0.000544957","0.00229942","0.00000146022","0.0160799","0.0113284","0.0489969","89938.2","2418.1","12129","93.0779","3.14733","2001.61","1475.26","8348.92","23.4113","-33.0457","5.43626","24.7437","28.7584","6.33377","414.622","231.037","1884.8","414.647","647.459","5.36355","0.8284","45.167","1907.2","414.608","4.6"
"53_TRLGL_RR_V4_an1","53_TRLGL_RR_V4","7.66","30.42","193","785","0.03841","1","True","10.43","10.8",NULL,"30.42","265","274",NULL,"785","53","STABLE","TRLGL","L","R","0.252809","0.188173","1.74415","0.29824","0.209601","1.27314","0.110108","0.0668782","0.577101","0.119331","0.0747597","0.627989","8.06504","3.8148","19.8046","26.5012","31.0073","0.176259","0.0871402","6.51917","8.19585","27.9647","34.142","0.186539","0.106086","-0.152967","0.14389","0.511638","0.982096","0.00115802","0.000617876","0.00319774","0.00000172277","0.0178546","0.0126143","0.0808926","90021.3","4838.96","30520.7","92.0557","5.17959","2385.11","1878.41","12375.2","50.5484","-43.8022","8.06141","39.2805","9.14658","9.29364","420.659","231.091","1706.54","420.709","647.531","5.65049","0.87262","46.998","8253.51","420.668","19.62"
"53_TRLGR_RR_V1_an1","53_TRLGR_RR_V1","7.59","29.84","186","767","0.03827","1","False","10.12","10.73","13.5","13.86","252","268","340","349","53","STABLE","TRLGR","R","L","0.3503","0.279302","1.61652","0.607975","0.388491","1.75682","0.141584","0.114773","0.665145","0.140379","0.0848863","0.709898","9.68554","3.37337","20.5585","14.8259","29.7863","0.209057","0.0865052","4.01398","12.3928","17.3927","38.8873","0.260603","0.136528","0.0425026","0.16988","0.458085","0.775144","0.000864312","0.000671445","0.00286303","0.00000119787","0.0147276","0.0129143","0.0625699","100651","4617.71","22981.3","99.3219","4.2547","3097.33","2838.82","17233.4","27.7687","-22.9187","6.89991","30.4212","-86.6699","10.9279","418.196","226.06","1615.67","418.216","651.079","6.10873","0.938248","29.2978","1158.48","418.223","2.77"
"53_TRLGR_RR_V1_an2","53_TRLGR_RR_V1","7.59","29.84","186","767","0.03827","2","False","14.67","15.09","22.12","22.44","371","381","565","574","53","STABLE","TRLGR","R","L","0.417199","0.320998","2.24047","0.413231","0.289749","2.05048","0.164686","0.156556","1.41044","0.124319","0.074946","0.727347","11.9692","6.67373","38.1185","33.3905","58.2582","0.255213","0.157462","11.0359","9.6812","39.6637","57.107","0.260752","0.171455","-0.187105","0.117943","0.465008","0.740375","0.00124412","0.000602533","0.0029063","0.00000191089","0.0179845","0.0134781","0.0708462","88958.8","4288.29","28773.3","90.3502","3.6903","2290.61","1781.37","9041.83","52.0381","-19.1733","11.6667","39.3425","-78.6199","10.4749","420.902","228.889","1542.5","420.941","651.9","6.59327","1.01139","53.4067","2958.94","420.902","7.03"
"53_TRLGR_RR_V1_an3","53_TRLGR_RR_V1","7.59","29.84","186","767","0.03827","3","True","23.19","23.84",NULL,"29.84","593","610",NULL,"767","53","STABLE","TRLGR","R","L","0.360954","0.296741","2.13607","0.395549","0.329968","1.76682","0.157142","0.144303","1.4083","0.144536","0.114459","0.761919","6.74883","3.31163","18.694","21.4712","23.2816","0.170107","0.0874355","6.71251","5.46877","26.7453","24.1163","0.187846","0.118235","-0.18054","0.121866","0.4556","0.75181","0.00123121","0.000580934","0.0028475","0.00000185336","0.0179605","0.0136325","0.0601487","87979","4051.35","23886","89.9842","3.80696","2453.47","2003.65","15051.3","35.2825","-22.4185","7.87272","31.7392","-84.3514","7.99256","422.167","229.77","1578.58","422.182","651.816","6.49824","0.996944","56.4585","2533.03","422.172","6"
"53_TRLGR_RR_V2_an1","53_TRLGR_RR_V2","7.59","29.56","190","765","0.03821","1","False","10.44","10.87","11.76","12.06","264","276","299","306","53","STABLE","TRLGR","R","L","0.836413","0.91778","4.34128","1.672","0.670108","2.79114","0.223233","0.233697","1.55604","0.249089","0.12515","0.658662","8.00997","2.91076","14.0635","10.9172","20.1913","0.402294","0.0963639","4.52607","13.4846","15.178","42.961","0.655432","0.260908","-0.104493","0.101558","0.361096","0.436613","0.000753928","0.000510886","0.00225685","0.000000829412","0.0199391","0.016055","0.0714166","93574.2","3496.48","14040.6","106.082","4.61639","3541.91","2843.24","10711.3","30.7853","-26.7544","9.51523","36.8207","-83.4164","14.4946","443.962","241.156","1567.29","443.708","651.047","10.7728","1.65469","46.6928","394.887","443.693","0.89"
"53_TRLGR_RR_V2_an2","53_TRLGR_RR_V2","7.59","29.56","190","765","0.03821","2","False","12.53",NULL,NULL,"12.86","319",NULL,NULL,"327","53","UNSTABLE","TRLGR","R","L","0.376855","0.141921","0.615933","2.64828","0.79464","3.50333","0.139588","0.0636518","0.267273","0.412222","0.16404","0.780106","3.68869","1.38515","7.41077","1.162","10.4386","0.530183","0.100869","1.23373","4.02921","3.73667","13.5003","0.429613","0.267274","0.125786","0.0825637","0.243064","0.256982","0.000816121","0.000467202","0.00151915","0.000000884331","0.0201821","0.0106261","0.0350085","99810.3","2090.41","5432.13","91.4615","1.47309","2067.62","1495.24","5432.13","11.0668","-15.2684","2.99995","4.02202","-92.4529","0.84226","432.675","227.921","1382.78","432.025","634.96","20.4459","3.22003","59.5102","142.561","432.003","0.33"
"53_TRLGR_RR_V2_an3","53_TRLGR_RR_V2","7.59","29.56","190","765","0.03821","3","False","13.1","14.03","15.82","16.11","334","358","405","412","53","STABLE","TRLGR","R","L","0.521122","0.319884","1.95153","0.846096","0.408293","2.07596","0.188947","0.180474","1.39314","0.182516","0.113582","0.825611","12.1409","8.37024","28.8469","10.6329","53.7876","0.358736","0.118005","5.92639","20.2443","19.978","74.039","0.459109","0.193502","-0.191306","0.0974618","0.492047","0.475402","0.00119566","0.000609136","0.00307529","0.00000180065","0.0159568","0.0135598","0.0580422","89071.6","2508.44","11258.2","91.2142","3.00286","2293.92","1428.33","5493.83","31.6917","-18.7134","8.39733","24.7953","-87.0685","8.3631","421.137","224.896","1699.02","421.228","651.599","9.48776","1.45607","45.7773","754.092","421.281","1.79"
"53_TRLGR_RR_V2_an4","53_TRLGR_RR_V2","7.59","29.56","190","765","0.03821","4","False","16.77","17.14","25.3","25.66","430","439","653","662","53","STABLE","TRLGR","R","L","0.413967","0.377022","2.92139","0.47232","0.33009","2.01115","0.159555","0.162926","1.28109","0.133474","0.0810943","0.566157","11.2911","5.41866","33.6399","30.9443","45.0822","0.202924","0.123355","9.76856","10.4762","33.3537","52.7457","0.207256","0.135415","-0.168698","0.132463","0.522034","0.829691","0.00119397","0.000609536","0.00326271","0.0000017971","0.0177504","0.012662","0.0611893","91577.4","5035.93","32319.2","91.8292","3.16949","2631.25","2266.09","11297.6","45.7328","-18.5692","8.44884","37.9334","-81.9613","10.115","417.47","224.705","1560.09","417.419","651.919","6.51091","0.998729","46.6928","3406.24","417.432","8.16"
"53_TRLGR_RR_V2_an5","53_TRLGR_RR_V2","7.59","29.56","190","765","0.03821","5","True","26.45","26.82",NULL,"29.56","683","693",NULL,"765","53","STABLE","TRLGR","R","L","0.389427","0.252371","1.20272","0.397649","0.414315","2.35692","0.18113","0.185409","1.44168","0.13191","0.100606","0.591177","4.9682","3.44895","20.4254","15.3267","24.9229","0.189846","0.142836","4.26362","4.22524","18.0047","23.163","0.199202","0.164992","-0.181198","0.0828457","0.366016","0.445031","0.00114602","0.000487108","0.0022876","0.00000155064","0.014127","0.0099008","0.0396418","89575.5","2444.16","12199.3","92.6317","2.88667","2069.64","1677.93","8904.25","24.0429","-16.1125","5.75727","22.5027","-74.5693","6.20864","414.094","226.036","1424.89","414.048","651.574","5.75362","0.883033","33.2651","1134.42","414.021","2.74"
"53_TRLGR_RR_V3_an1","53_TRLGR_RR_V3","7.63","29.84","192","773","0.03822","1","False","10.27",NULL,NULL,"11.01","261",NULL,NULL,"280","53","UNSTABLE","TRLGR","R","L","0.496639","0.396101","2.10043","2.49266","1.42951","5.37239","0.256571","0.309571","1.49893","0.343575","0.168156","0.876781","10.5478","6.25519","31.0195","3.21672","40.0766","0.822793","0.399772","2.92879","10.5717","8.762","38.7517","0.616771","0.590793","-0.141246","0.117761","0.413836","0.561376","0.00102041","0.000528944","0.00258648","0.00000132102","0.0201878","0.0206273","0.079382","94426.2","2999.45","10861.5","104.88","0.972922","3409.4","2985.47","9929.7","22.4418","-17.6981","5.89389","13.6547","-100.432","3.70584","428.235","229.075","1383.15","428.099","644.209","18.6769","2.8992","74.769","316.809","428.121","0.74"
"53_TRLGR_RR_V3_an2","53_TRLGR_RR_V3","7.63","29.84","192","773","0.03822","2","False","11.32","11.67","16.56","16.84","288","297","425","432","53","STABLE","TRLGR","R","L","0.342319","0.334248","2.3615","0.633216","0.52588","2.66522","0.143442","0.135899","0.868443","0.14921","0.104486","0.698362","12.0574","5.10543","24.5757","21.8324","41.4203","0.240446","0.111217","7.77608","15.4535","24.7827","57.5543","0.263256","0.145536","-0.0336556","0.161822","0.378895","0.754356","0.000863872","0.000566462","0.00236809","0.00000106715","0.0171313","0.012891","0.0652541","95378.7","6122.91","26768.4","93.4549","4.35004","1887.16","1423.82","7376.47","39.8496","-22.4423","9.75435","38.375","-94.9745","12.2057","424.115","233.499","1597.98","424.077","651.754","7.48927","1.14909","47.6084","2073.84","424.099","4.89"
"53_TRLGR_RR_V3_an3","53_TRLGR_RR_V3","7.63","29.84","192","773","0.03822","3","False","17.52","18.3","24.81","25.11","450","471","641","649","53","STABLE","TRLGR","R","L","0.649475","0.554331","3.11643","0.631558","0.583624","3.08325","0.192067","0.170609","1.44407","0.153235","0.110097","0.786762","13.4502","10.4674","43.2616","38.9999","48.6342","0.291898","0.270459","11.2667","6.54915","39.56","28.7453","0.2357","0.14308","-0.192619","0.110119","0.454956","0.677348","0.00125915","0.000580967","0.00284347","0.00000192298","0.0181073","0.0137689","0.07256","89326.6","4289.26","29363.1","90.4322","3.48093","2695.78","2306.88","14877.3","84.8093","-18.4009","15.6647","44.4966","-81.6434","9.17784","428.682","239.226","2250.92","428.66","652.027","15.4186","2.36471","191.349","2790.78","428.691","6.51"
"53_TRLGR_RR_V3_an4","53_TRLGR_RR_V3","7.63","29.84","192","773","0.03822","4","True","26.36","26.73","28.68","29","682","691","742","751","53","STABLE","TRLGR","R","L","0.466878","0.309456","1.63656","0.533823","0.384246","1.76463","0.162402","0.130973","0.834938","0.130617","0.0734158","0.444694","10.0228","5.4709","28.3862","16.2133","40.0795","0.36747","0.169426","5.72137","10.2177","18.4077","40.0403","0.352844","0.19422","-0.22573","0.0912155","0.458142","0.456102","0.00141081","0.000570097","0.00286339","0.0000023154","0.016552","0.012964","0.0585262","87370.5","2594.21","11982.6","88.9289","3.62191","2390.89","1697.93","7041.59","22.5292","-19.4421","4.97968","35.3007","-77.6417","9.84559","410.812","217.093","1537.07","410.803","652.083","8.47288","1.29936","39.3686","801.065","410.803","1.95"
"53_TRLGR_RR_V4_an1","53_TRLGR_RR_V4","7.6","30.43","190","786","0.03827","1","False","10.11","10.55","14.94","15.31","255","267","381","391","53","STABLE","TRLGR","R","L","0.332719","0.274421","1.65198","0.489394","0.410918","1.98341","0.165888","0.177546","1.22854","0.137003","0.0928287","0.773654","10.0664","4.16339","22.1186","19.2057","34.7182","0.21816","0.0695196","5.46776","13.8134","18.2387","45.4857","0.246614","0.100489","0.0238736","0.148249","0.37931","0.724255","0.000772319","0.000533193","0.00237069","0.000000880772","0.0162041","0.0114517","0.0559967","96165.6","5280.81","21166.8","94.8707","4.81284","2409.16","2168.36","13995.8","34.8662","-47.4589","8.28685","32.3835","-86.7506","10.3403","423.803","228.21","1522.47","423.701","651.943","5.52785","0.847904","36.0117","1859.89","423.664","4.39"
"53_TRLGR_RR_V4_an2","53_TRLGR_RR_V4","7.6","30.43","190","786","0.03827","2","False","15.94","16.3","18.75","19.06","407","417","481","489","53","STABLE","TRLGR","R","L","0.57567","0.425808","2.46185","0.579949","0.318742","1.53858","0.192705","0.164085","0.889844","0.146775","0.0859568","0.572904","8.27086","3.55219","19.6022","12.9094","26.0448","0.251054","0.109789","5.14694","9.00753","16.6407","30.8827","0.276973","0.122167","-0.191415","0.104739","0.433922","0.541864","0.00122134","0.000606716","0.00271201","0.00000185977","0.0177132","0.0130201","0.0623656","90580.7","3976.96","18474.2","90.5783","4.08999","2491.25","2013.26","7773.27","38.2446","-31.6216","10.5123","32.0339","-81.5475","11.1154","421.276","222.563","1547.65","421.289","651.924","7.79145","1.19515","58.8999","1032.08","421.257","2.45"
"53_TRLGR_RR_V4_an3","53_TRLGR_RR_V4","7.6","30.43","190","786","0.03827","3","True","19.61","20.1",NULL,"30.43","503","516",NULL,"786","53","STABLE","TRLGR","R","L","0.396122","0.322125","1.94958","0.367659","0.239455","1.57017","0.154806","0.1565","1.46083","0.114467","0.0701352","0.579522","10.0684","5.19214","24.0105","32.8674","40.8038","0.226267","0.11492","8.57969","8.05379","37.902","46.5207","0.22874","0.135507","-0.178338","0.107538","0.414626","0.713725","0.0011771","0.000555455","0.00259141","0.0000016941","0.0154997","0.0126435","0.0830817","89510.8","3489.44","27173.8","90.2525","2.96203","2407.29","1878.72","12015.2","77.1402","-44.7894","12.3133","38.6302","-82.0511","10.0699","426.845","230.628","1600.07","426.904","652.148","4.62444","0.709108","31.1289","4409.43","426.857","10.33"
"54_MNTRL_RR_V1_an1","54_MNTRL_RR_V1","8.36","30.2","204","781","0.03783","1","False","8.72","8.96","14.68","15.06","213","219","371","381","54","STABLE","MNTRL","L","R","0.404487","0.374925","2.87461","0.592888","0.892096","6.8829","0.1403","0.102881","0.713465","0.160229","0.143371","0.929841","10.3466","4.26684","27.9827","30.1215","38.1027","0.263622","0.281702","9.43676","10.0581","35.0527","47.9097","0.254854","0.260883","-0.06538","0.233494","0.582714","1.08822","0.00129802","0.00078216","0.00364196","0.00000229664","0.0130481","0.0102895","0.045915","101433","7204.93","37277.1","103.325","7.89254","3989.56","4169.47","20054.3","58.8627","-24.4524","11.9465","35.5765","21.1597","10.4146","478.603","264.688","1768.05","478.685","565.606","13.0327","2.3042","95.2168","2738","478.671","5.72"
"54_MNTRL_RR_V1_an2","54_MNTRL_RR_V1","8.36","30.2","204","781","0.03783","2","False","18.49","18.71","19.95","20.1","471","477","510","514","54","STABLE","MNTRL","L","R","0.390119","0.196332","0.94734","1.17396","1.42205","6.85106","0.163425","0.0989721","0.476888","0.248943","0.246413","1.19902","9.52929","4.44931","26.6617","25.7478","28.5719","0.500827","0.33475","5.41491","8.93011","18.2197","30.5667","0.516751","0.25759","-0.149907","0.101966","0.432378","0.493687","0.000961077","0.000600236","0.00270236","0.00000128395","0.0186823","0.0150871","0.0607868","91342.2","2838.12","10974.6","93.4336","3.1795","2338.99","1882.24","8603.37","29.7111","-19.9949","6.49382","11.3391","36.2253","1.57714","485.298","271.816","1848.57","485.196","558.569","14.0963","2.52364","50.6601","601.535","485.109","1.24"
"54_MNTRL_RR_V1_an3","54_MNTRL_RR_V1","8.36","30.2","204","781","0.03783","3","False","20.57","20.75","22.9","23.21","526","531","588","596","54","STABLE","MNTRL","L","R","0.595383","0.378589","1.9099","1.22176","1.45751","8.46135","0.199419","0.141372","1.19082","0.259317","0.211013","1.13592","7.36899","4.80744","24.1498","16.161","32.7267","0.439976","0.366067","4.57964","8.29102","16.7123","33.431","0.371946","0.238096","-0.0959129","0.167223","0.44458","0.846513","0.00102245","0.000637385","0.00277862","0.00000145167","0.0174441","0.0150314","0.0688146","94051.7","5271.2","20385.1","94.6019","2.31926","2180.49","1780.23","8621.02","44.8381","-18.7866","13.783","29.6792","21.1795","9.15824","488.166","273.472","1887.67","488.18","561.145","22.2305","3.96163","133.364","1049.58","488.177","2.15"
"54_MNTRL_RR_V1_an4","54_MNTRL_RR_V1","8.36","30.2","204","781","0.03783","4","False","26.38","26.77","27.67","27.82","680","690","714","718","54","STABLE","MNTRL","L","R","0.822691","0.583319","2.87529","5.90053","6.37135","22.6335","0.29695","0.182127","0.946194","0.683027","0.46562","2.07224","25.6211","13.6198","69.9743","70.7816","72.7118","1.51856","0.954345","16.4186","21.2595","58.0833","68.4947","1.23837","0.37722","-0.041843","0.293753","0.630998","0.991581","0.0015494","0.00101906","0.00394373","0.00000343914","0.0228314","0.0223918","0.109405","92654.4","8399.46","26962.1","88.9126","2.8754","3063.06","2989.52","13052.3","28.8993","-34.7965","7.89114","43.8209","7.23376","14.8009","523.668","296.638","1621.97","523.801","540.902","32.5601","6.0196","128.482","471.365","523.739","0.9"
"54_MNTRL_RR_V1_an5","54_MNTRL_RR_V1","8.36","30.2","204","781","0.03783","5","False","28.29",NULL,NULL,"28.64","730",NULL,NULL,"740","54","UNSTABLE","MNTRL","L","R","1.16449","0.643766","2.88057","9.85299","5.22639","16.2197","0.322258","0.151961","0.648451","0.829384","0.364405","1.51028","32.0961","18.4193","62.7446","71.4944","98.2886","3.5174","0.226445","18.3852","19.3292","61.2333","66.4077","2.66577","0.314056","-0.538134","0.239324","0.829328","0.847778","0.0033843","0.00144771","0.0051833","0.0000135494","0.0276077","0.0254727","0.0957979","103750","7537.37","25856.4","91.2192","3.28565","5530.99","4159.84","13079.9","135.018","25.8779","30.021","69.4047","28.8172","14.5677","769.235","722.085","3722.42","765.117","546.818","55.8934","10.2216","174.869","267.754","765.011","0.35"
"54_MNTRL_RR_V1_an6","54_MNTRL_RR_V1","8.36","30.2","204","781","0.03783","6","False","29.07","29.24",NULL,"30.2","751","755",NULL,"781","54","STABLE","MNTRL","L","R","0.55371","0.428073","2.00877","1.36382","1.4408","7.2657","0.205143","0.188435","1.01655","0.293806","0.24553","1.15615","9.36517","4.71375","24.4635","30.9704","18.9181","0.516214","0.279763","9.88779","4.50304","33.4973","17.786","0.491482","0.148222","-0.17136","0.0687741","0.343316","0.271537","0.001071","0.000429838","0.00214572","0.0000013318","0.0100883","0.00552249","0.0224209","90747.6","1814.81","7683.93","94.063","2.35228","1777.34","1205.36","4782.51","36.0157","-40.5152","11.6043","21.2857","38.031","3.49639","503.023","278.222","1785.84","502.401","560.353","21.2937","3.80004","95.8271","482.221","502.314","0.96"
"54_MNTRL_RR_V2_an1","54_MNTRL_RR_V2","7.62","30.02","196","791","0.0376","1","False","10.23","10.41","11.36","11.43","265","270","295","297","54","STABLE","MNTRL","L","R","1.03163","0.595764","3.2182","5.33411","6.41435","21.1126","0.3926","0.298667","1.50368","0.624117","0.423928","1.68076","22.173","14.3042","68.0542","54.8089","82.2369","1.46918","1.04167","9.75467","22.4182","37.9797","76.0167","1.07996","0.358632","-0.00926162","0.0789267","0.176807","0.333901","0.00039029","0.000307183","0.00110504","0.000000246688","0.0160792","0.0096574","0.035814","99561.2","4324.44","16930.5","106.956","3.51928","5046.18","3691.78","14397.6","37.8006","-72.0696","11.4631","25.9191","11.1949","7.98098","544.387","298.431","2149.21","544.587","541.006","43.7083","8.07909","149.234","517.407","544.639","0.95"
"54_MNTRL_RR_V2_an2","54_MNTRL_RR_V2","7.62","30.02","196","791","0.0376","2","False","12.01",NULL,NULL,"12.42","312",NULL,NULL,"323","54","UNSTABLE","MNTRL","L","R","0.860252","0.421094","1.80008","6.13484","3.8604","10.9515","0.240953","0.147473","0.575257","0.538711","0.228081","0.985183","20.6338","11.9892","46.0321","59.0658","48.3506","1.94157","0.573521","16.7631","3.02097","55.1737","15.7513","1.48688","0.450816","0.228618","0.0949433","0.39586","0.328072","0.00142886","0.000593396","0.00247413","0.00000239377","0.0183259","0.00991303","0.0321045","103167","1438.36","4327.75","96.8524","3.65458","1633.29","1330.42","4153","82.1599","-62.5947","20.9798","25.9233","22.8377","8.64814","563.5","328.56","2038.91","561.699","562.802","17.678","3.14108","82.3984","230.302","561.711","0.41"
"54_MNTRL_RR_V2_an3","54_MNTRL_RR_V2","7.62","30.02","196","791","0.0376","3","False","12.66","12.81","14.58","15.09","330","334","381","394","54","STABLE","MNTRL","L","R","0.791013","0.616102","3.91144","1.51425","2.01216","10.1857","0.275112","0.23062","1.51408","0.289377","0.245518","1.51347","8.09237","4.23541","26.9941","23.195","19.7784","0.530482","0.424121","6.69768","5.53004","26.0097","20.497","0.371417","0.210687","0.0251042","0.111021","0.356575","0.579335","0.000558217","0.000440998","0.00222859","0.000000506086","0.0116608","0.00922245","0.0345429","96387.2","3603.03","13741.6","94.0994","2.60098","1865.26","1427.91","6246.01","50.8924","-59.628","11.6353","47.7372","28.566","13.7675","513.479","285.931","1817.05","513.487","557.984","35.9076","6.43524","214.848","908.822","513.459","1.77"
"54_MNTRL_RR_V2_an4","54_MNTRL_RR_V2","7.62","30.02","196","791","0.0376","4","False","18.23","18.41","22.19","22.36","478","482","583","588","54","STABLE","MNTRL","L","R","0.527741","0.368159","2.42976","0.907756","1.22654","6.97072","0.170556","0.119692","0.841036","0.212505","0.180497","1.00264","12.7053","9.85107","60.7895","10.6323","73.3801","0.406488","0.419867","3.63717","14.5374","15.2543","68.368","0.34029","0.329338","-0.174155","0.283049","0.866783","1.37858","0.00171013","0.00117889","0.00541739","0.00000431433","0.0208269","0.0155729","0.0663614","97120.9","8680.56","47802.8","93.1875","3.45577","3526.03","2846.59","14921.4","31.312","-50.0778","6.42186","38.0419","45.9979","10.1731","488.398","266.455","2031.12","488.46","564.23","16.2573","2.88133","109.255","1846.35","488.454","3.78"
"54_MNTRL_RR_V2_an5","54_MNTRL_RR_V2","7.62","30.02","196","791","0.0376","5","True","26.08","26.23",NULL,"30.02","686","690",NULL,"791","54","STABLE","MNTRL","L","R","0.286812","0.278177","1.45825","0.718596","1.36089","8.28374","0.124228","0.0899748","0.703813","0.138596","0.155973","1.41375","10.7199","9.00068","60.6513","13.6601","68.2166","0.277226","0.386409","3.25734","13.1841","12.4307","65.7963","0.249955","0.309729","-0.143015","0.164601","0.527623","0.918461","0.00122549","0.000596209","0.00329765","0.0000018573","0.0172161","0.0142668","0.0616476","92168.8","6032.19","29420.2","93.1839","2.60687","2430.75","1910.68","9766.41","35.0367","-59.4916","6.76872","25.2516","39.8739","7.00224","494.326","271.501","1628.18","494.12","565.688","10.4527","1.84778","76.601","1872.7","494.115","3.79"
"54_MNTRL_RR_V3_an1","54_MNTRL_RR_V3","7.61","29.81","194","781","0.03776","1","False","10.03","10.29","14.4","14.7","258","264","373","381","54","STABLE","MNTRL","L","R","0.348294","0.371565","2.22856","0.703212","1.05031","5.78702","0.1253","0.0915864","0.799103","0.16235","0.141073","0.900875","7.69214","5.84134","39.036","13.4447","42.1369","0.24442","0.26868","4.2829","7.82942","14.6553","44.9447","0.220252","0.241672","0.0410443","0.143288","0.403313","0.70839","0.000742046","0.000563188","0.00252071","0.000000867813","0.0173627","0.014428","0.0643696","99406.7","5557.59","30481.8","98.9506","8.09951","3447.69","3694.17","19183.7","29.5432","-59.4499","6.97008","37.7417","42.6179","9.16506","484.208","266.747","1727.94","484.246","565.123","10.9549","1.9385","93.996","1990.07","484.202","4.11"
"54_MNTRL_RR_V3_an2","54_MNTRL_RR_V3","7.61","29.81","194","781","0.03776","2","False","18.16","18.42","22.56","22.87","473","480","589","598","54","STABLE","MNTRL","L","R","0.38969","0.361083","1.92082","0.668985","1.03025","5.52495","0.144928","0.107612","0.869438","0.173295","0.155413","1.09926","6.46738","7.081","47.6821","13.2409","52.9069","0.285124","0.375431","3.54476","7.68048","15.8993","47.751","0.244506","0.28401","-0.106533","0.170513","0.467363","0.847899","0.001085","0.000633914","0.00292102","0.00000157907","0.0196736","0.0143435","0.0685526","91359.4","5198.66","23904","92.6546","3.56632","2038.06","1515.22","7407.12","40.9806","-33.4153","7.45887","31.8386","38.5861","7.14019","484.507","260.704","1782.64","484.463","564.85","15.1425","2.6808","122.377","2005.48","484.415","4.14"
"54_MNTRL_RR_V3_an3","54_MNTRL_RR_V3","7.61","29.81","194","781","0.03776","3","True","26.04","26.24",NULL,"29.81","682","687",NULL,"781","54","STABLE","MNTRL","L","R","0.46816","0.291689","1.53788","0.812657","1.11088","7.44473","0.149554","0.0934519","0.519262","0.175271","0.176199","1.26573","14.8453","11.514","64.2644","39.8518","76.8348","0.36652","0.334336","9.9397","16.2173","39.2013","77.684","0.342593","0.312079","-0.177983","0.141828","0.446453","0.866644","0.00126348","0.000653282","0.00279033","0.00000202316","0.0206516","0.0149546","0.0664276","89867.8","4009.7","26009.3","91.7835","4.42484","2488.4","1746.84","9492.73","83.1585","-50.738","16.0552","41.7289","30.4473","10.7572","477.824","265.134","1905.99","477.857","566.016","9.26353","1.63662","59.8154","1705.86","477.832","3.57"
"54_MNTRL_RR_V4_an1","54_MNTRL_RR_V4","7.63","29.81","192","778","0.03783","1","False","10.35","10.52","14.34","14.55","263","268","369","374","54","STABLE","MNTRL","L","R","0.407364","0.381082","2.02586","0.762968","1.18306","7.19451","0.152795","0.116491","1.17673","0.16916","0.139455","0.906762","11.6101","6.91288","41.5163","26.1342","50.5874","0.312559","0.314196","8.01316","10.2762","23.4177","43.255","0.256088","0.274187","0.00222454","0.156753","0.482106","0.813466","0.000788554","0.000581551","0.00301316","0.000000960019","0.0157459","0.01165","0.0603533","97699.9","4224.9","27030.5","98.1452","7.02841","3158.32","2877.04","19451.2","39.2687","-51.3961","8.69972","39.9355","42.8492","9.98435","484.335","264.546","1729.73","484.355","564.395","12.8551","2.27768","78.1269","1850.08","484.314","3.82"
"54_MNTRL_RR_V4_an2","54_MNTRL_RR_V4","7.63","29.81","192","778","0.03783","2","False","18.45","18.64","22.54","22.77","478","483","586","592","54","STABLE","MNTRL","L","R","0.536764","0.463056","2.45684","0.870944","1.2949","6.87254","0.165952","0.121493","0.865315","0.19902","0.175914","0.969764","8.46089","5.14108","34.3824","14.309","40.3679","0.317137","0.336273","2.94233","8.83778","12.9027","36.1937","0.258749","0.268418","-0.119083","0.184141","0.588868","0.961733","0.00119931","0.000663414","0.00368043","0.00000187846","0.0168732","0.0136864","0.0671633","93161.5","5122.95","25004.5","94.1465","3.40518","2199.25","1769.94","10704.2","53.4657","-19.4994","9.55254","38.3976","44.476","10.5848","497.787","269.597","1939.89","497.797","564.333","14.1032","2.49909","87.5874","1941.28","497.764","3.9"
"54_MNTRL_RR_V4_an3","54_MNTRL_RR_V4","7.63","29.81","192","778","0.03783","3","True","26.07","26.24",NULL,"29.81","679","683",NULL,"778","54","STABLE","MNTRL","L","R","0.380898","0.365869","1.81389","0.673905","1.14389","6.99241","0.140845","0.108484","0.785073","0.166287","0.153514","0.962537","8.59344","8.43258","57.4498","10.9408","65.0706","0.299521","0.421451","4.02975","10.5591","14.1743","59.9603","0.285243","0.351357","-0.157038","0.14805","0.499324","0.945862","0.00121438","0.000587195","0.00312077","0.00000181952","0.0163466","0.0141717","0.0707268","91663.1","4598.62","27507.1","93.3569","2.65419","1961.04","1943.34","7987.21","36.306","-35.3585","8.82133","28.9358","45.817","7.61395","486.513","263.992","1644.43","486.491","565.372","10.0059","1.76979","76.601","1736.47","486.407","3.57"
"54_MNTRR_RR_V1_an1","54_MNTRR_RR_V1","7.62","29.67","194","774","0.03799","1","False","9.72","9.96","14.1","14.43","249","255","364","373","54","STABLE","MNTRR","R","L","0.349387","0.328057","1.56566","0.567914","0.655496","4.78954","0.12542","0.089992","0.559758","0.18168","0.156678","0.929837","9.477","4.57709","32.3066","20.6553","43.0401","0.242364","0.232885","6.50981","8.531","21.3163","43.4737","0.234888","0.212946","0.044472","0.194009","0.543022","0.965764","0.000976824","0.000770296","0.00339389","0.00000154754","0.0162098","0.0115297","0.0515725","100336","5249.46","27355.1","100.393","9.16406","3683.77","4027.5","21030.7","32.8298","-19.9799","8.4848","37.2762","-84.623","8.3416","471.895","257.484","1572.16","471.912","572.623","11.0173","1.924","82.0942","1953.57","471.876","4.14"
"54_MNTRR_RR_V1_an2","54_MNTRR_RR_V1","7.62","29.67","194","774","0.03799","2","False","17.94","18.21","22.2","22.47","465","472","577","584","54","STABLE","MNTRR","R","L","0.48358","0.330102","1.76311","0.676027","0.747696","4.61882","0.147896","0.0971961","0.630662","0.196802","0.150628","1.10277","12.8276","9.2699","48.7218","37.2443","62.2966","0.37534","0.32951","9.07019","12.598","34.7933","57.3377","0.344816","0.253154","-0.136402","0.143235","0.571801","0.941872","0.00109221","0.000579018","0.00357376","0.00000152819","0.0168249","0.0127237","0.0628961","89437.9","4911.94","25267.4","89.6019","3.09489","2196.18","1793.5","9044.82","65.5958","-25.2469","13.623","38.8519","-72.3969","10.4731","483.553","259.919","1924.65","483.533","572.555","11.1295","1.94383","77.8217","1929.23","483.517","3.99"
"54_MNTRR_RR_V1_an3","54_MNTRR_RR_V1","7.62","29.67","194","774","0.03799","3","True","25.84","26.03",NULL,"29.67","673","678",NULL,"774","54","STABLE","MNTRR","R","L","0.256712","0.289072","1.79954","0.565078","1.07039","7.7281","0.108849","0.0800264","0.538439","0.154729","0.135866","0.93652","7.20239","6.5587","46.32","16.8198","51.2761","0.250229","0.373692","4.83143","8.33296","15.7607","48.9743","0.235752","0.285539","-0.162443","0.143508","0.449745","0.881974","0.00120539","0.000618283","0.00281091","0.00000183525","0.0165823","0.0131917","0.0552687","89015.7","4694.58","26524.7","90.4687","2.99938","2300.97","1859.53","9533.76","25.5972","-26.443","6.52235","22.9342","-81.833","6.11624","471.318","257.098","1767.26","471.262","572.789","10.4548","1.82524","83.0097","1715.39","471.26","3.64"
"54_MNTRR_RR_V2_an1","54_MNTRR_RR_V2","7.62","30.04","189","784","0.03767","1","False","10.13","10.34","12.7","12.82","255","261","323","327","54","STABLE","MNTRR","R","L","1.59162","1.40935","8.1733","2.68651","1.7964","7.85262","0.416362","0.342793","2.22501","0.418061","0.224915","1.26654","24.2759","9.79101","54.6585","43.3676","74.9766","1.0319","0.407021","18.2565","21.3576","50.4513","80.7557","0.80033","0.442817","0.0952383","0.14477","0.464272","0.764247","0.000913555","0.000581733","0.0029017","0.000001173","0.0161362","0.012733","0.0439235","101581","4139.66","21692.1","103.657","7.58835","3786.92","3831.04","15038.4","120.104","-1.00806","33.0515","59.7236","-68.9033","16.8938","573.273","359.851","2831.13","573.545","570.344","60.7791","10.6566","347.6","1353.22","573.399","2.36"
"54_MNTRR_RR_V2_an2","54_MNTRR_RR_V2","7.62","30.04","189","784","0.03767","2","False","13.45","13.6","14.5","15.25","343","347","371","391","54","STABLE","MNTRR","R","L","0.810283","0.341443","1.92142","1.89512","1.59048","7.26439","0.248406","0.160567","0.67279","0.36997","0.211212","1.02499","12.0751","7.59096","34.8051","10.5114","50.7526","0.76811","0.454224","4.36103","14.0074","12.842","53.494","0.647194","0.247031","-0.0538539","0.167099","0.355632","0.61585","0.000887291","0.000645536","0.0022227","0.000001204","0.015404","0.00865633","0.032067","93439.2","3417.25","14712.2","89.4008","1.25106","2009.24","1468.83","5800.25","43.9684","2.44765","14.6607","48.1119","-55.2297","13.2673","506.737","268.19","1522.04","506.54","561.249","25.2926","4.50647","90.6391","455.827","506.474","0.9"
"54_MNTRR_RR_V2_an3","54_MNTRR_RR_V2","7.62","30.04","189","784","0.03767","3","False","17.78","17.99","18.91","19.05","458","464","488","492","54","STABLE","MNTRR","R","L","0.465108","0.324754","1.73758","1.7068","1.63667","7.95114","0.160465","0.104819","0.465709","0.316605","0.218391","0.837456","6.25415","3.79419","19.9086","8.38972","25.6144","0.546099","0.395123","2.82347","6.6742","11.2763","25.1457","0.416202","0.288227","-0.11131","0.41596","0.642673","1.27561","0.00240038","0.00121691","0.00401671","0.00000724269","0.0243408","0.0123955","0.0453155","99045.2","5940.4","23131.2","92.4246","3.59795","4044.87","3555.37","13883.1","19.9474","13.0554","5.34687","5.46451","-87.547","0.819893","479.858","261.926","1718.96","479.979","563.958","18.2495","3.23598","80.2622","441.568","479.966","0.92"
"54_MNTRR_RR_V2_an4","54_MNTRR_RR_V2","7.62","30.04","189","784","0.03767","4","False","19.57","19.76","21.59","21.76","506","511","559","564","54","STABLE","MNTRR","R","L","0.531617","0.428455","2.33859","1.3114","1.73442","8.00248","0.174244","0.134439","0.957075","0.254441","0.230956","1.10192","12.1749","9.04492","48.9611","9.076","62.0327","0.571521","0.514093","3.43851","16.6934","11.2853","68.633","0.525567","0.424023","-0.14949","0.254614","0.589347","1.16509","0.0015582","0.000988594","0.00368342","0.00000340529","0.0279992","0.0200233","0.0971534","96648.1","7916.19","28249.4","91.5384","2.79224","3869.9","2689.38","9346.91","49.0765","10.0218","10.8571","44.7396","-80.7068","10.9757","503.631","279.033","1909.69","503.495","569.089","18.1325","3.18624","119.02","921.2","503.388","1.83"
"54_MNTRR_RR_V2_an5","54_MNTRR_RR_V2","7.62","30.04","189","784","0.03767","5","True","26.18","26.36",NULL,"30.04","681","686",NULL,"784","54","STABLE","MNTRR","R","L","0.434609","0.511138","2.60039","0.777724","1.09511","6.13417","0.138689","0.120931","0.856692","0.172746","0.15592","0.972606","13.9761","8.18413","53.2576","23.7922","64.3547","0.274078","0.362878","7.95569","12.23","25.244","52.65","0.232292","0.238887","-0.182976","0.197513","0.646617","1.07329","0.00143951","0.000871493","0.00404136","0.0000028317","0.0163435","0.0122828","0.0662511","92837.9","6714.7","25304.8","90.4747","3.34293","2371.12","2191.58","11321.8","27.2518","6.02233","7.45508","40.4057","-72.0422","11.8763","465.748","251.877","1884.42","465.795","573.948","13.6451","2.37741","113.222","1713.91","465.737","3.68"
"54_MNTRR_RR_V3_an1","54_MNTRR_RR_V3","7.66","29.44","198","776","0.03762","1","False","9.95","10.25","14.29","14.6","258","266","374","382","54","STABLE","MNTRR","R","L","0.417945","0.371525","1.8406","0.627965","0.630409","3.3365","0.142068","0.111016","0.810107","0.176459","0.138454","1.09327","10.6467","5.20244","23.2567","14.2788","44.2541","0.272497","0.249803","4.16278","13.2729","18.7757","42.4757","0.252683","0.199984","0.0147264","0.147371","0.353194","0.702887","0.000729536","0.000569755","0.00220746","0.000000856843","0.0151558","0.0120327","0.047964","101088","4814.42","28746.7","101.244","8.16538","3829.92","4205.23","26093.1","35.3554","33.5429","7.52715","46.3882","-75.4543","12.3551","479.898","263.372","1595.28","479.986","573.535","9.53976","1.66333","65.3086","1939.14","479.986","4.04"
"54_MNTRR_RR_V3_an2","54_MNTRR_RR_V3","7.66","29.44","198","776","0.03762","2","False","17.98","18.27","22.37","22.73","472","480","588","598","54","STABLE","MNTRR","R","L","0.497308","0.346107","2.16951","0.7168","0.736679","4.48528","0.152492","0.0941674","0.673588","0.205255","0.144277","0.834058","6.20131","5.51281","37.3426","9.67389","45.6496","0.273553","0.259337","3.93749","7.27317","14.46","40.5417","0.235088","0.177952","-0.141677","0.159874","0.403943","0.80083","0.00116542","0.000651382","0.00252464","0.0000017825","0.0195391","0.0158779","0.0784686","88620.5","5761.56","29876.8","88.4519","4.52689","2325.6","1891.72","9376.92","32.1053","32.6829","7.12786","39.0205","-68.0684","11.0784","477.397","255.92","1714.25","477.413","573.488","11.2529","1.96219","82.7036","1957.33","477.397","4.1"
"54_MNTRR_RR_V3_an3","54_MNTRR_RR_V3","7.66","29.44","198","776","0.03762","3","True","25.89","26.11",NULL,"29.44","682","688",NULL,"776","54","STABLE","MNTRR","R","L","0.504422","0.466668","2.81562","0.909817","1.07099","7.81939","0.16305","0.125507","0.870009","0.225248","0.178502","1.09701","10.6688","5.65643","32.8973","18.1775","51.7762","0.322736","0.346312","7.19623","10.0355","19.2453","47.1647","0.287847","0.269908","-0.202256","0.0987125","0.43368","0.441902","0.00126526","0.000614582","0.0027105","0.00000197859","0.0189436","0.0143687","0.0695513","87129.5","2184.11","10213.4","88.5002","2.99944","1902.28","1479.22","5703.09","34.0831","27.2124","9.57616","47.7406","-72.3767","14.5357","474.638","258.888","1745.61","474.504","573.185","13.3283","2.3253","84.5346","1580.13","474.515","3.33"
"54_MNTRR_RR_V4_an1","54_MNTRR_RR_V4","7.61","29.74","193","782","0.03755","1","False","10.33","10.63","11","11.27","265","273","283","290","54","STABLE","MNTRR","R","L","0.419083","0.131785","0.775483","1.07088","0.504132","1.92121","0.12913","0.0516673","0.231227","0.266608","0.163379","0.682547","3.74814","2.19954","9.3448","2.17589","13.6974","0.38761","0.22354","0.990193","2.86466","3.359","10.5133","0.309624","0.104439","-0.0101016","0.100525","0.152743","0.296944","0.000532068","0.00034004","0.000954644","0.000000398723","0.0186634","0.0142564","0.0423312","101764","4535.58","19060.8","107.31","3.54759","4574.03","4184.33","13611.8","8.86304","44.9554","2.65918","2.18184","-86.447","0.531657","493.014","259.538","1459.01","492.436","569.16","6.51782","1.14516","21.6675","182.204","492.443","0.37"
"54_MNTRR_RR_V4_an2","54_MNTRR_RR_V4","7.61","29.74","193","782","0.03755","2","False","11.48","11.66","14.36","14.64","296","300","372","380","54","STABLE","MNTRR","R","L","0.519751","0.417188","2.43908","1.0897","1.43374","7.90507","0.180583","0.119364","0.812205","0.250628","0.204148","1.07331","9.88842","5.41108","26.9046","30.0011","26.3896","0.315374","0.29923","9.59416","3.55275","28.0727","12.6653","0.182446","0.121141","0.0689541","0.122999","0.303539","0.535572","0.000715395","0.000514689","0.00189712","0.000000776695","0.0155162","0.0111002","0.0434155","98870.8","4711.53","18593.5","93.4536","3.55395","1878.78","1419.25","6063.89","42.4666","44.1434","8.98778","39.8476","-68.5519","9.99204","502.588","275.559","1775.6","502.668","570.832","17.1766","3.00904","104.677","1357.06","502.613","2.7"
"54_MNTRR_RR_V4_an3","54_MNTRR_RR_V4","7.61","29.74","193","782","0.03755","3","False","17.94","18.18","19.49","19.62","468","474","509","512","54","STABLE","MNTRR","R","L","0.64051","0.505167","2.807","1.68875","1.68782","7.99104","0.192172","0.124751","0.711082","0.34311","0.227171","1.06635","9.4206","5.83103","29.6175","19.3298","36.7591","0.665782","0.480365","6.94539","11.2613","21.3093","41.6207","0.581292","0.255654","-0.195643","0.192341","0.574961","0.725714","0.00140636","0.00098103","0.00359351","0.00000294028","0.015252","0.0128764","0.0488158","92565.8","4730.54","20525.3","90.5164","3.79266","3014.69","2053.34","8597.67","49.8954","41.2862","14.6241","35.4423","-76.5983","11.4445","501.737","264.835","1557.26","501.696","567.355","21.9076","3.86136","105.898","657.135","501.63","1.31"
"54_MNTRR_RR_V4_an4","54_MNTRR_RR_V4","7.61","29.74","193","782","0.03755","4","False","20.07","20.29","22.02","22.23","524","530","576","582","54","STABLE","MNTRR","R","L","0.673527","0.561748","2.86651","1.72927","1.9181","7.24319","0.196507","0.13561","0.791437","0.312614","0.227072","0.961959","10.4554","6.91202","39.0826","5.75733","50.7756","0.577612","0.449017","0.820014","12.6866","4.07367","51.832","0.419758","0.284713","-0.104461","0.186689","0.458389","0.913814","0.00117257","0.000642469","0.00286493","0.00000178769","0.0190001","0.014915","0.0687802","89900.2","6157.81","25881.5","89.4183","3.19112","2609.92","2150.46","9717.98","35.2527","47.1835","7.09758","29.1058","-78.7256","9.03933","495.863","272.899","1738.71","495.81","569.177","21.7252","3.81696","112.001","857.65","495.751","1.73"
"54_MNTRR_RR_V4_an5","54_MNTRR_RR_V4","7.61","29.74","193","782","0.03755","5","True","25.95","26.13",NULL,"29.74","681","686",NULL,"782","54","STABLE","MNTRR","R","L","0.428892","0.401738","2.12598","0.725444","1.26442","8.02693","0.149759","0.107418","0.805023","0.179527","0.160081","1.17473","8.39532","8.07165","49.716","13.0409","58.7677","0.268816","0.339366","4.14763","10.3963","17.113","52.3213","0.23554","0.213982","-0.120255","0.259221","0.630906","1.2315","0.00154545","0.000895155","0.00394316","0.00000318972","0.0215027","0.0185813","0.092632","93274.1","7821.77","33128.4","90.6655","3.78713","3392.72","3120.02","15489","38.7301","21.2491","5.79385","31.6792","-69.37","7.70587","475.939","259.944","1712.27","475.956","573.516","11.5775","2.01868","111.086","1718.06","475.918","3.61"
"54_TRLGL_RR_V1_an1","54_TRLGL_RR_V1","7.75","30.94","198","814","0.0376","1","True","10.46","10.84",NULL,"30.94","270","280",NULL,"814","54","STABLE","TRLGL","L","R","0.288791","0.241112","2.12064","0.248259","0.191568","1.80688","0.127985","0.0912635","0.799709","0.120194","0.101496","0.850339","7.34447","4.30688","20.1022","31.9735","25.6228","0.141736","0.085642","8.04224","4.23653","39.165","24.1733","0.143424","0.0947761","-0.146865","0.138121","0.571881","1.01609","0.00109654","0.000620772","0.00357426","0.00000158776","0.0169546","0.0129583","0.0651595","91509.1","4910.81","39243.9","93.5204","4.66231","2212.77","2116.33","24097.3","61.7736","12.7129","8.93188","38.5978","59.596","7.23821","488.54","266.069","2221.93","488.523","567.188","9.63367","1.6985","111.391","9819.38","488.527","20.1"
"54_TRLGL_RR_V2_an1","54_TRLGL_RR_V2","7.7","30.62","198","809","0.03751","1","True","10.05","10.49",NULL,"30.62","260","272",NULL,"809","54","STABLE","TRLGL","L","R","0.311147","0.258912","2.07643","0.275429","0.245276","2.99892","0.123737","0.0844339","0.885152","0.115375","0.122327","1.45055","10.4044","4.40625","24.2764","32.4052","38.4808","0.167626","0.111286","8.61155","7.75404","35.2123","38.158","0.170757","0.118267","-0.143594","0.136687","0.609202","1.04582","0.00107304","0.000619535","0.00380751","0.00000153525","0.0167501","0.0127033","0.0622259","92677","4637.19","27367.3","95.1437","4.52346","2202.23","1810.57","16053.9","77.3081","12.6995","10.6767","46.5153","61.0518","9.7905","486.08","264.128","1979.59","486.118","567.199","9.72037","1.71375","135.5","9785.03","486.092","20.13"
"54_TRLGL_RR_V3_an1","54_TRLGL_RR_V3","7.71","31.61","195","830","0.0376","1","True","10.36","10.76",NULL,"31.6","265","276",NULL,"830","54","STABLE","TRLGL","L","R","0.212336","0.175851","1.59931","0.210548","0.170733","1.94776","0.109135","0.0755772","0.879351","0.120976","0.115253","1.25518","9.56065","4.09825","25.6835","26.3393","38.1935","0.137073","0.0856172","9.31629","7.88599","31.934","43.0557","0.142338","0.0925496","-0.155877","0.126045","0.605442","0.81409","0.00107276","0.000647237","0.00378401","0.00000156972","0.0162382","0.0134365","0.0790165","92441.6","4485.94","28669","94.5386","4.17549","2143.51","1820.38","12206.7","46.1387","19.6518","8.92294","43.3305","55.5402","8.51989","480.445","262.657","1840.43","480.465","567.103","8.38398","1.47839","106.203","10012.2","480.431","20.84"
"54_TRLGL_RR_V4_an1","54_TRLGL_RR_V4","7.55","30.37","195","802","0.03757","1","False","10.37","10.79","24.09","24.42","270","281","635","644","54","STABLE","TRLGL","L","R","0.248941","0.175751","1.20438","0.258092","0.220848","1.87585","0.116627","0.067658","0.521938","0.126037","0.108208","1.39066","8.50297","4.5653","24.3556","23.983","35.5713","0.149081","0.0899309","8.26604","7.13633","26.6813","39.407","0.152067","0.0966099","-0.126477","0.15345","0.469624","0.92313","0.00107411","0.000625256","0.00293515","0.00000154467","0.0163731","0.0131906","0.0720342","92372.6","6721.12","43180","93.1831","6.90343","2381.17","2778.22","26842.2","38.7108","54.5694","7.75277","39.3303","65.6432","8.73951","485.936","265.711","1931.71","486","567.407","7.65155","1.34851","71.7173","6463.22","485.956","13.3"
"54_TRLGL_RR_V4_an2","54_TRLGL_RR_V4","7.55","30.37","195","802","0.03757","2","False","24.82","25.14","29.24","29.66","654","663","772","783","54","STABLE","TRLGL","L","R","0.434208","0.298044","1.83022","0.591605","0.743047","7.00079","0.152589","0.0990034","0.522461","0.161039","0.134464","1.13347","6.82949","4.32874","21.2113","21.4165","29.2677","0.24329","0.170147","4.29862","7.3199","26.6967","28.862","0.231342","0.129448","-0.193126","0.0887479","0.372123","0.456827","0.00121722","0.000531956","0.00232577","0.0000017646","0.0147871","0.0116389","0.0759959","91265","2233.53","10412.8","93.9047","1.89934","1938.48","1581.72","6781.76","36.6271","44.1864","8.29908","41.9123","62.669","11.577","498.235","268.259","1836.25","498.097","565.671","14.3178","2.53112","101.625","2042.2","498.098","4.1"
"54_TRLGL_RR_V4_an3","54_TRLGL_RR_V4","7.55","30.37","195","802","0.03757","3","False","30.04",NULL,NULL,"30.37","793",NULL,NULL,"802","54","UNSTABLE","TRLGL","L","R","0.589737","0.326291","1.36431","5.99026","2.42567","9.00996","0.204937","0.14708","0.643911","0.558812","0.322125","1.71288","17.6788","9.78274","33.8565","57.3203","32.5303","2.06673","0.0549792","18.0702","3.61667","59.7007","12.359","1.89094","0.264111","-0.179826","0.106729","0.333609","0.330741","0.00112391","0.000667057","0.00208505","0.00000170815","0.0223581","0.0136758","0.0471676","90858.6","1209.33","4054.14","92.6397","0.466128","1490.67","793.307","2744.01","122.046","56.8347","34.4821","16.8371","56.2943","5.29395","664.373","388.403","2334.72","665.938","559.387","10.8475","1.93917","50.354","219.753","665.919","0.33"
"54_TRLGR_RR_V1_an1","54_TRLGR_RR_V1","7.66","30.84","195","810","0.03763","1","True","9.91","10.35",NULL,"30.84","254","266",NULL,"810","54","STABLE","TRLGR","R","L","0.192577","0.17317","1.68061","0.204629","0.130563","1.10573","0.0999505","0.0632827","0.640676","0.113025","0.081808","0.702483","6.37514","2.83567","21.0223","15.1478","28.8763","0.113069","0.0659175","4.50296","5.86646","18.8613","31.9043","0.123412","0.0737062","-0.144603","0.139741","0.566607","0.967254","0.0010995","0.00060885","0.0035413","0.0000015796","0.0157061","0.0126701","0.0979252","90881.8","5907.25","37045.1","92.0833","5.58014","2109.93","1987.18","17653.5","40.657","25.7171","6.1872","33.0406","-65.9673","7.13194","466.75","253.385","1871.45","466.765","575.325","3.9734","0.690636","55.5429","9563.89","466.759","20.49"
"54_TRLGR_RR_V2_an1","54_TRLGR_RR_V2","7.65","29.6","197","786","0.03721","1","False","9.79","10.33","15.34","15.72","254","269","403","413","54","STABLE","TRLGR","R","L","0.287783","0.282514","1.61251","0.311564","0.175169","0.952517","0.115556","0.0733465","0.538335","0.132057","0.0968783","0.809683","7.4942","4.36673","20.4746","14.9191","30.8527","0.167157","0.0588724","3.46308","10.8361","13.3413","40.962","0.178018","0.0745306","-0.00753256","0.143474","0.37702","0.695496","0.000722986","0.000532545","0.00235637","0.000000806313","0.0159833","0.0127571","0.0580969","96538.8","6156.01","32363.1","96.0057","7.94963","2736.37","2713.7","16561","25.2085","28.9311","5.6802","36.4259","-68.2466","9.16573","470.593","256.459","1707.99","470.655","575.385","4.6221","0.803305","31.4331","2357.89","470.636","5.01"
"54_TRLGR_RR_V2_an2","54_TRLGR_RR_V2","7.65","29.6","197","786","0.03721","2","False","16.11","16.53","17.08","17.47","424","435","450","460","54","STABLE","TRLGR","R","L","0.667145","0.348876","1.44559","1.0475","0.799572","4.33241","0.193793","0.129917","0.675511","0.271257","0.17724","0.982037","3.98659","1.82982","7.67344","7.69811","10.0743","0.32754","0.0846441","1.67845","3.68721","5.061","13.1553","0.270196","0.100791","-0.280854","0.161833","0.586999","0.527477","0.00175534","0.00101145","0.00366874","0.00000410426","0.0194045","0.012221","0.0420234","94540.4","5502.25","17657.9","90.5034","4.13683","3409.97","2465.05","9501.76","23.3848","33.1103","7.14421","16.7183","-70.7346","5.74292","494.063","274.209","1390.93","493.579","580.169","14.8935","2.5671","83.0088","271.425","493.499","0.55"
"54_TRLGR_RR_V2_an3","54_TRLGR_RR_V2","7.65","29.6","197","786","0.03721","3","True","17.86","18.28",NULL,"29.6","471","482",NULL,"786","54","STABLE","TRLGR","R","L","0.237082","0.208812","1.5901","0.273299","0.324868","3.16418","0.106959","0.0667699","0.629852","0.128795","0.0875091","0.759202","7.65165","5.20867","19.9881","28.696","21.8714","0.135282","0.0962225","8.98983","4.98748","33.1573","24.8517","0.131814","0.0995684","-0.197153","0.159693","0.58302","1.0076","0.00141217","0.000721305","0.00364388","0.00000251449","0.0203919","0.0149532","0.0736294","87891.1","5473.64","32324.2","89.3908","3.26905","2312.54","1995.41","12303.2","45.0477","19.0179","9.00905","34.7358","-58.5811","7.37483","470.122","256.931","1806.57","470.124","575.447","4.64275","0.806807","54.9326","5321.86","470.129","11.32"
"54_TRLGR_RR_V3_an1","54_TRLGR_RR_V3","7.59","29.87","194","785","0.03768","1","True","10.38","10.86",NULL,"29.87","268","280",NULL,"785","54","STABLE","TRLGR","R","L","0.245735","0.22878","2.47182","0.258494","0.284234","3.28667","0.110292","0.0789222","0.642319","0.127037","0.0926428","0.82887","7.46048","4.0481","19.4835","29.0429","25.7925","0.135879","0.0766619","6.26474","6.01157","31.1927","28.5467","0.141663","0.0794649","-0.1548","0.132082","0.566115","0.863608","0.00112027","0.000602103","0.00353822","0.00000161753","0.0167422","0.012269","0.0704216","89544.6","5139.46","25823.8","91.2989","4.71172","2249.9","1808.37","13302","38.8755","-8.90382","6.4311","41.7729","-62.8613","9.06463","467.519","255.572","2011.84","467.553","575.551","4.89231","0.850022","64.393","8887.56","467.52","19.01"
"54_TRLGR_RR_V4_an1","54_TRLGR_RR_V4","7.63","29.79","193","781","0.03763","1","False","10.19","11.82","27.6","27.86","261","278","723","730","54","STABLE","TRLGR","R","L","0.198746","0.151445","1.28018","0.22496","0.166485","1.54581","0.0966325","0.05415","0.427463","0.118967","0.0790387","0.814792","8.52893","3.71603","30.666","25.6649","43.1111","0.11666","0.0767955","7.93927","7.04626","31.0173","47.0253","0.122996","0.0864237","-0.151207","0.144769","0.453751","0.789431","0.00116124","0.000602757","0.00283594","0.00000171179","0.0162727","0.0118657","0.0693427","90893.8","6208.45","40786.7","91.5169","6.11477","2217.8","2025.45","20498.6","44.2988","8.17637","8.24616","41.7702","-92.1928","7.47471","473.595","254.701","2110.78","473.583","574.861","3.33384","0.579938","44.8608","7473.48","473.605","15.78"
"54_TRLGR_RR_V4_an2","54_TRLGR_RR_V4","7.63","29.79","193","781","0.03763","2","True","28.37","28.7",NULL,"29.79","744","752",NULL,"781","54","STABLE","TRLGR","R","L","0.608694","0.491657","2.5293","0.919394","0.71763","3.14938","0.21339","0.144189","0.805899","0.267376","0.176604","1.14108","5.60407","3.10513","16.1462","7.13672","22.4548","0.375063","0.189774","1.60772","4.26224","7.96133","16.93","0.297376","0.165747","-0.188835","0.0905682","0.405646","0.372787","0.00118022","0.000566051","0.00253529","0.00000171333","0.0190819","0.0131552","0.0537199","88591.5","1703.93","7307.51","92.0083","0.722341","2219.37","1496.52","5996.85","25.7183","25.9392","6.97163","29.249","-78.9445","8.44951","478.734","254.818","1544.18","478.5","574.535","16.7263","2.91127","84.5346","521.539","478.476","1.09"
"55_MNTRL_RR_V1_an1","55_MNTRL_RR_V1","7.76","29.68","205","808","0.03638","1","False","9.83",NULL,NULL,"10.27","262",NULL,NULL,"273","55","UNSTABLE","MNTRL","L","R","0.616112","0.293437","1.24601","3.60728","1.37545","5.62278","0.170117","0.113319","0.514266","0.451754","0.240022","1.06586","9.53985","4.91618","23.5539","14.8953","29.1904","0.997903","0.398034","1.25663","11.2233","4.48267","37.497","0.876494","0.418582","-0.234343","0.0790917","0.388732","0.269915","0.00146465","0.000494323","0.00242958","0.00000238954","0.0187576","0.00994836","0.0396935","96899.9","3198.83","11460.2","101.267","5.02477","4043.11","2601.13","7813.54","35.5076","-60.8639","11.5811","11.0548","37.3964","3.84909","318.389","178.49","1032.55","318.672","902.328","45.6624","5.06051","144.655","140.197","318.63","0.44"
"55_MNTRL_RR_V1_an2","55_MNTRL_RR_V1","7.76","29.68","205","808","0.03638","2","False","10.51","10.64","13.16","13.31","280","284","353","357","55","STABLE","MNTRL","L","R","0.285093","0.198003","1.12212","0.581131","0.636218","4.37659","0.13831","0.12578","1.57208","0.174802","0.152322","1.01088","20.2841","12.195","52.7306","23.461","66.2788","0.593924","0.534077","2.94768","9.32388","12.1283","37.7103","0.269127","0.252767","0.0543003","0.186322","0.472305","0.687294","0.0010394","0.000625229","0.00295191","0.00000147127","0.0141803","0.0109875","0.0440849","99493.6","5041.01","17378.6","98.1504","4.08753","2679.68","2256.32","10693.7","33.5569","-50.6147","8.00866","41.6478","38.3313","11.9667","307.188","171.867","1148.34","307.115","908.548","21.5115","2.36768","134.584","773.979","307.134","2.52"
"55_MNTRL_RR_V1_an3","55_MNTRL_RR_V1","7.76","29.68","205","808","0.03638","3","False","13.87","14.03","15.15","15.44","372","377","408","416","55","STABLE","MNTRL","L","R","0.229651","0.159585","0.798504","0.950873","0.843785","4.13516","0.113578","0.0736194","0.513819","0.21095","0.154352","0.83307","5.71713","3.08901","16.7805","12.7807","18.0355","0.387696","0.288416","3.70678","4.32251","10.7667","16.873","0.300798","0.17119","-0.0355308","0.082977","0.174387","0.273036","0.000465044","0.000319375","0.00108992","0.000000318266","0.0122844","0.00854015","0.0285004","93274.4","3754.61","14030.9","92.631","1.76261","1899.7","1381.16","4904.41","37.4883","-52.4487","9.63483","14.6117","36.7086","4.63518","305.741","167.744","929.896","305.562","903.905","10.4564","1.15681","43.0307","342.229","305.562","1.12"
"55_MNTRL_RR_V1_an4","55_MNTRL_RR_V1","7.76","29.68","205","808","0.03638","4","False","18.39",NULL,NULL,"19.02","497",NULL,NULL,"514","55","UNSTABLE","MNTRL","L","R","0.544474","0.318521","1.23493","2.99651","1.05112","4.32563","0.175476","0.103702","0.577292","0.49881","0.270547","1.4145","5.30095","2.72928","14.0818","5.50967","19.4521","0.590958","0.301005","2.45723","4.58074","8.60867","18.2043","0.396335","0.301292","-0.170011","0.0828876","0.34355","0.279398","0.00106257","0.000518047","0.00214719","0.00000139743","0.0165675","0.0116606","0.0429403","90496.2","1761.27","5983.04","93.3644","2.49652","2214.3","1504.26","5186.89","23.0288","-53.1451","7.05165","17.3643","40.6422","5.81718","325.418","176.358","891.233","325.583","900.875","36.7638","4.0809","126.345","205.135","325.611","0.63"
"55_MNTRL_RR_V1_an5","55_MNTRL_RR_V1","7.76","29.68","205","808","0.03638","5","False","19.29","19.44","22.29","22.45","521","526","604","608","55","STABLE","MNTRL","L","R","0.588729","0.379941","1.90081","1.57922","2.32828","15.3589","0.169194","0.106863","0.592413","0.295186","0.215101","1.37165","28.6827","11.7912","91.0837","115.441","47.6517","0.933186","0.733461","19.3654","9.27721","82.1427","33.0853","0.445307","0.374995","-0.149817","0.230272","0.600755","1.08353","0.00145181","0.000916684","0.00375472","0.00000294807","0.0206044","0.0192746","0.121712","95190.8","6617.25","26144.8","93.2151","2.75815","2538.43","2096.35","9130.12","49.3385","-25.2609","15.3965","32.0572","39.8332","8.92412","312.651","175.008","1154.33","312.618","903.397","29.0859","3.21961","154.422","891.015","312.637","2.85"
"55_MNTRL_RR_V1_an6","55_MNTRL_RR_V1","7.76","29.68","205","808","0.03638","6","False","23.04",NULL,NULL,"23.37","625",NULL,NULL,"634","55","UNSTABLE","MNTRL","L","R","0.816658","0.401585","1.66591","5.44561","3.65175","11.1434","0.272722","0.213287","0.985512","0.586636","0.214466","0.934754","28.0405","15.7809","56.1207","83.1913","59.0714","3.31359","0.263974","23.0629","8.70601","76.3213","29.3483","2.57979","0.182319","-0.21127","0.0486107","0.281893","0.125902","0.00132044","0.000303817","0.00176183","0.00000183586","0.0140305","0.00713316","0.0216298","90112.2","3353.35","11547.8","93.1257","4.36624","3874.6","2104.97","6790.65","52.668","-14.1855","13.3153","7.93853","42.6171","1.73703","372.827","222.326","1429.54","371.253","881.166","28.3287","3.21492","98.2685","122.559","371.391","0.33"
"55_MNTRL_RR_V1_an7","55_MNTRL_RR_V1","7.76","29.68","205","808","0.03638","7","True","25.88","26.12","29.48","29.61","703","710","802","805","55","STABLE","MNTRL","L","R","0.394346","0.332142","1.83795","0.761875","1.13862","6.39085","0.138813","0.0904648","0.53808","0.171003","0.139537","0.864451","24.2765","17.866","114.14","58.9439","132.821","0.675793","0.650097","14.798","27.8087","55.4217","135.842","0.56299","0.640997","-0.140836","0.175204","0.695682","1.18768","0.00113819","0.000823652","0.00434801","0.00000197389","0.0199356","0.0146027","0.0795766","93449.3","4068.84","19493.9","93.6095","3.60896","3026.74","2457.46","12432.2","49.0472","-34.7192","13.2906","33.4913","41.8032","8.95843","310.15","165.234","1089.9","310.195","907.641","16.465","1.81405","107.728","1042.25","310.192","3.36"
"55_MNTRL_RR_V2_an1","55_MNTRL_RR_V2","7.6","30.03","199","814","0.03646","1","False","10.1","10.31","12.69","12.83","267","273","339","342","55","STABLE","MNTRL","L","R","0.325953","0.276531","1.2379","0.694629","0.794524","4.2386","0.12886","0.100304","0.620214","0.181321","0.146595","0.8032","12.2952","10.9404","64.91","14.5523","77.7241","0.528487","0.52104","3.63757","20.3101","12.28","88.5443","0.577176","0.541327","0.0858595","0.155838","0.458637","0.725318","0.000879083","0.000681045","0.00286648","0.00000123661","0.0180042","0.0134126","0.0678007","101135","5090.01","26712.7","100.393","9.74065","4649.18","3795.97","18493.3","33.3","-49.254","7.76685","23.9127","52.3073","3.79148","304.259","169.02","1273.94","304.254","908.128","13.8402","1.52403","84.8398","724.143","304.262","2.38"
"55_MNTRL_RR_V2_an2","55_MNTRL_RR_V2","7.6","30.03","199","814","0.03646","2","False","13.71","13.9","14.67","14.97","366","372","393","401","55","STABLE","MNTRL","L","R","0.352136","0.178672","0.86907","1.60644","1.19657","4.06823","0.162193","0.112255","0.593635","0.312413","0.177138","0.717661","5.12274","3.46879","18.4909","5.18361","23.4962","0.458212","0.34352","1.34691","6.25708","5.37433","22.8803","0.364172","0.275333","-0.0709367","0.0992768","0.207628","0.300742","0.000630733","0.000428642","0.00129767","0.000000581559","0.0201277","0.0136328","0.0452577","90998.6","2897.1","12465.3","92.3429","2.82092","2335.45","1441.26","5155.25","13.1434","-37.6906","3.8559","5.1495","52.2776","0.875915","293.568","162.455","1096.7","293.64","899.881","12.6256","1.40303","46.998","226.107","293.645","0.77"
"55_MNTRL_RR_V2_an3","55_MNTRL_RR_V2","7.6","30.03","199","814","0.03646","3","False","18.48","18.67","19.83","20.09","497","503","534","541","55","STABLE","MNTRL","L","R","0.664568","0.536911","2.50985","1.72202","1.49551","5.5015","0.201371","0.123391","0.665537","0.327805","0.220512","1.14139","8.60532","4.38002","23.4837","18.4254","29.6481","0.528579","0.265858","8.91299","7.7242","27.711","26.521","0.391274","0.166799","-0.126436","0.183663","0.540443","0.868344","0.00120393","0.000701907","0.00337777","0.00000194212","0.0165789","0.0123355","0.0441195","89133.5","4605.07","25634","90.7102","3.55103","2199.12","1664.61","6878.46","44.2391","-53.3967","13.1768","39.3452","32.9955","11.1639","322.297","180.501","1235.45","322.392","905.214","20.8221","2.30025","110.17","373.983","322.4","1.16"
"55_MNTRL_RR_V2_an4","55_MNTRL_RR_V2","7.6","30.03","199","814","0.03646","4","False","20.23","20.56","22.08","22.26","545","554","596","601","55","STABLE","MNTRL","L","R","0.609449","0.380741","1.66913","1.4426","1.45863","6.61819","0.17611","0.112629","0.481254","0.254154","0.185807","0.904198","22.1083","15.1258","81.3029","27.8789","102.303","0.888853","0.687125","7.32182","25.8799","22.8343","97.02","0.778509","0.671989","-0.154848","0.270567","0.651398","1.03802","0.00164063","0.00105099","0.00407124","0.00000379626","0.0174427","0.0125798","0.0521445","96368.6","4852.58","16824.2","93.8138","2.78042","2731.45","2181.61","10127.7","48.3929","-49.5975","15.3236","20.8949","49.9695","4.83946","313.994","168.444","1095.18","313.993","904.917","21.1607","2.33842","108.949","477.268","313.992","1.52"
"55_MNTRL_RR_V2_an5","55_MNTRL_RR_V2","7.6","30.03","199","814","0.03646","5","False","24.34",NULL,NULL,"24.9","658",NULL,NULL,"673","55","UNSTABLE","MNTRL","L","R","0.297027","0.182588","0.92059","3.79669","1.98374","6.7479","0.140152","0.109018","0.545472","0.429915","0.21323","0.957339","8.32218","4.44235","22.2158","3.63739","29.4811","0.717162","0.334544","3.8347","7.26415","12.6933","25.2593","0.591333","0.434089","-0.167431","0.09912","0.404364","0.449155","0.00108143","0.000556164","0.00252728","0.00000147882","0.0198434","0.0138584","0.0472517","90213.9","1943.7","6816.82","93.044","3.68103","1425.32","904.342","2970.5","8.36595","-40.0355","2.39803","6.01937","34.4815","1.71045","316.018","161.668","1005.23","316.007","901.635","15.8737","1.76055","65.9189","176.967","316.013","0.56"
"55_MNTRL_RR_V2_an6","55_MNTRL_RR_V2","7.6","30.03","199","814","0.03646","6","True","25.97","26.23",NULL,"30.03","702","710",NULL,"814","55","STABLE","MNTRL","L","R","0.284233","0.194754","0.948465","0.367283","0.581987","3.92151","0.121223","0.0819921","0.435979","0.11493","0.0924264","0.63371","15.0741","5.96382","28.8635","40.4319","25.6151","0.290029","0.151182","16.7922","5.75643","46.062","24.0533","0.232906","0.113262","-0.104187","0.21344","0.583506","1.00793","0.0012367","0.000821064","0.00364691","0.00000220358","0.0186146","0.014894","0.0579548","93503.5","6466.39","27484.3","91.5872","3.31716","3031.1","2515.23","14838","59.3281","-24.6904","18.0013","32.0124","38.6415","9.10864","308.338","169.774","1140.98","308.309","909.303","10.0273","1.10275","65.6137","1171.63","308.323","3.8"
"55_MNTRL_RR_V3_an1","55_MNTRL_RR_V3","7.63","27.58","204","749","0.03657","1","False","10.25",NULL,NULL,"10.64","275",NULL,NULL,"286","55","UNSTABLE","MNTRL","L","R","0.537691","0.203218","0.820025","2.50764","0.48811","3.73727","0.174897","0.0939355","0.533444","0.421462","0.160385","0.850789","6.11318","2.76789","14.2827","3.46239","19.4447","0.702794","0.27417","1.65261","7.00389","4.48867","22.4623","0.61002","0.353788","-0.0780359","0.104617","0.267039","0.347475","0.000653062","0.000488784","0.001669","0.0000006654","0.0159297","0.0106254","0.035534","101757","7117.49","22774.9","104.634","5.61458","8504.1","6148.94","18595.3","27.6317","-57.786","9.32599","6.34723","45.1553","1.56444","327.036","187.409","1123.31","326.752","900.821","28.7204","3.18825","108.949","127.448","326.789","0.39"
"55_MNTRL_RR_V3_an2","55_MNTRL_RR_V3","7.63","27.58","204","749","0.03657","2","False","10.79",NULL,NULL,"11.05","290",NULL,NULL,"297","55","UNSTABLE","MNTRL","L","R","0.477636","0.189357","0.920505","3.08091","1.40903","4.99237","0.18343","0.114469","0.499937","0.547964","0.217632","1.00977","2.05208","0.872692","3.97039","2.59972","3.1275","0.505954","0.1682","2.86164","1.22592","8.40067","3.96733","0.450452","0.0630915","-0.0309073","0.0996896","0.185434","0.284982","0.0005252","0.00038689","0.00115896","0.000000425519","0.0227311","0.0109075","0.0417519","99964.4","4477.17","13081","104.878","4.39819","5635.11","4151.26","11930.9","13.5235","-39.5402","4.93804","9.46099","50.1289","2.64419","316.883","171.746","1188.15","317.082","872.827","40.6283","4.65479","125.429","82.4437","317.091","0.26"
"55_MNTRL_RR_V3_an3","55_MNTRL_RR_V3","7.63","27.58","204","749","0.03657","3","False","11.21",NULL,NULL,"11.55","301",NULL,NULL,"311","55","UNSTABLE","MNTRL","L","R","0.626477","0.242381","1.38584","3.95582","1.13341","6.18761","0.243908","0.142605","0.600217","0.593167","0.245945","1.12695","4.17516","1.85733","9.59459","5.00056","10.1313","0.583711","0.206191","1.19736","2.18875","3.89033","7.149","0.346238","0.238532","-0.0722387","0.102065","0.263721","0.360783","0.000642049","0.000445581","0.00164826","0.000000610769","0.012512","0.0094788","0.025299","101267","6180.37","23691.7","105.676","4.53289","8087.28","4963.31","17625.4","5.39639","-38.347","1.56796","11.9383","51.6989","2.87331","309.314","171.987","1057.16","308.608","878.284","20.6303","2.34894","68.9716","104.933","308.628","0.34"
"55_MNTRL_RR_V3_an4","55_MNTRL_RR_V3","7.63","27.58","204","749","0.03657","4","False","11.86","12.01","13.22","13.3","319","324","357","359","55","STABLE","MNTRL","L","R","0.574834","0.408639","1.92136","1.35984","1.80451","8.18404","0.207361","0.135685","0.838153","0.276866","0.217438","1.25101","16.6967","9.42688","40.2831","18.2284","46.885","0.77674","0.541442","2.61873","4.36267","7.35967","16.1533","0.342546","0.177854","0.252898","0.0803397","0.411294","0.327869","0.00158062","0.000502123","0.00257059","0.00000275047","0.0131777","0.00860788","0.031479","103104","3712.25","16811.5","93.3149","4.38038","2504.57","1973.08","8259.88","45.3648","-37.5397","11.2541","27.2459","49.034","7.99116","316.021","175.031","1075.18","316.084","899.377","37.5703","4.17736","180.667","382.464","316.086","1.21"
"55_MNTRL_RR_V3_an5","55_MNTRL_RR_V3","7.63","27.58","204","749","0.03657","5","False","13.7","13.79","14.55","14.77","369","372","393","399","55","STABLE","MNTRL","L","R","0.424449","0.194693","1.16793","2.37472","1.57492","5.92649","0.210512","0.160441","0.725595","0.309452","0.126655","0.696019","8.24906","3.92291","19.86","10.1729","25.9626","0.768852","0.442169","1.86154","4.73809","5.44767","18.6357","0.387451","0.275621","0.102385","0.104942","0.308129","0.415847","0.000733202","0.00054962","0.00192581","0.000000839666","0.0206187","0.00933084","0.0378539","96313.4","1999.57","7171.7","92.9334","2.41612","1869.91","1247.9","4367.54","28.0744","-33.3831","8.3792","26.6743","25.901","6.46224","314.271","167.794","938.15","314.328","897.137","20.6765","2.30472","92.164","238.856","314.284","0.76"
"55_MNTRL_RR_V3_an6","55_MNTRL_RR_V3","7.63","27.58","204","749","0.03657","6","False","18.23","18.42","21.83","21.93","493","499","592","595","55","STABLE","MNTRL","L","R","0.419993","0.322891","2.20208","0.817628","1.0261","5.13289","0.171049","0.136814","1.15155","0.167927","0.136035","0.944077","19.8338","14.7128","99.2297","31.8492","116.987","0.581773","0.617921","12.3273","22.6931","37.664","114.509","0.489747","0.630935","-0.149968","0.229151","0.654397","1.13796","0.00143618","0.000931181","0.00408998","0.00000292971","0.0210194","0.0148355","0.068687","96755.4","5726.52","22803.9","92.9325","3.55545","2920.88","2421.76","10934.1","46.4693","-35.9918","13.6552","37.0595","51.0221","8.92953","307.672","164.19","1186.34","307.687","908.162","13.9139","1.5321","83.9243","1049.23","307.693","3.41"
"55_MNTRL_RR_V3_an7","55_MNTRL_RR_V3","7.63","27.58","204","749","0.03657","7","False","25.7","25.88","26.98","27.58","698","703","733","749","55","STABLE","MNTRL","L","R","0.635088","0.327136","1.47866","1.96399","1.38463","4.76516","0.205839","0.147582","0.857648","0.330063","0.199527","0.876369","16.8139","8.14349","32.135","22.4429","53.0677","0.65425","0.187153","4.59035","12.7432","18.286","41.616","0.45368","0.124528","-0.162805","0.112418","0.475714","0.496888","0.00102774","0.000687591","0.00297321","0.00000152904","0.0186205","0.0115959","0.0505136","90644.5","3982.4","19754.3","93.1572","2.18485","2125.19","2119.1","10529.3","27.2461","-44.8522","8.1321","39.0895","36.175","13.686","321.185","167.301","1416.15","321.246","905.659","19.3897","2.14095","91.2485","353.364","321.24","1.1"
"55_MNTRL_RR_V4_an1","55_MNTRL_RR_V4","7.58","30.69","199","833","0.0376","1","False","9.66","9.88","13.67","13.81","256","262","366","369","55","STABLE","MNTRL","L","R","0.358926","0.274556","1.32845","0.611094","0.785","4.907","0.136959","0.0921458","0.614194","0.154239","0.125537","1.03091","15.3628","14.1183","85.6185","21.5681","108.315","0.441226","0.465486","7.49533","22.0912","21.73","110.347","0.403277","0.488873","0.0262247","0.143014","0.359609","0.711216","0.000738614","0.000529391","0.00224755","0.000000825805","0.0160061","0.0118162","0.050175","100934","4243.19","19430.8","100.508","6.93091","3443.37","3581.74","16172.5","39.1233","-35.9987","10.7353","40.6002","21.4107","9.50971","306.32","168.087","1129.33","306.328","908.536","12.7126","1.39924","86.9761","1160.9","306.306","3.79"
"55_MNTRL_RR_V4_an2","55_MNTRL_RR_V4","7.58","30.69","199","833","0.0376","2","False","18.09","18.29","19.76","19.9","487","492","533","537","55","STABLE","MNTRL","L","R","0.319164","0.210617","1.74454","0.727999","0.836074","4.16767","0.164183","0.160199","1.43817","0.182977","0.14421","0.67748","8.11677","4.64734","24.6152","8.67428","31.6239","0.442818","0.325892","2.22456","4.83648","6.158","18.163","0.270171","0.164975","-0.147088","0.0964313","0.367447","0.38241","0.000927588","0.000589859","0.00229655","0.00000120835","0.0214909","0.0125333","0.0548988","89734.3","1950.24","7668.51","94.5228","2.04334","1950.39","1438.36","5175.38","22.658","-46.1363","5.8023","15.0297","16.6762","4.66069","306.696","168.822","1018.31","306.711","906.571","12.3918","1.36689","65.9189","450.939","306.762","1.47"
"55_MNTRL_RR_V4_an3","55_MNTRL_RR_V4","7.58","30.69","199","833","0.0376","3","False","20.31","20.44","22.32","22.48","548","551","603","607","55","STABLE","MNTRL","L","R","0.387904","0.325668","1.5439","1.04219","1.20785","5.95772","0.140904","0.105703","0.65896","0.272842","0.255059","1.35299","13.1912","9.78906","54.1195","11.6854","69.8188","0.549889","0.457126","2.72255","14.309","8.57467","60.5257","0.404246","0.446495","-0.104047","0.214607","0.567867","1.0073","0.00129778","0.00073328","0.00354917","0.00000222195","0.0211503","0.0139275","0.0474076","91582.6","6175.94","26335.1","89.9173","3.9852","2706.49","1907.91","7724.13","28.3446","-27.4164","6.30551","30.336","24.9138","8.76675","299.84","165.948","1032.85","299.806","904.119","17.7496","1.96319","90.333","563.668","299.823","1.88"
"55_MNTRL_RR_V4_an4","55_MNTRL_RR_V4","7.58","30.69","199","833","0.0376","4","True","25.8","26.04","29.64","29.82","699","705","804","809","55","STABLE","MNTRL","L","R","0.43295","0.302248","1.34889","1.15031","0.72874","3.56346","0.150361","0.100814","0.632096","0.229185","0.149969","0.878328","22.0223","13.694","87.8647","36.5734","117.479","0.568583","0.447546","14.6458","17.0227","55.2593","97.4747","0.527843","0.486121","-0.142233","0.195516","0.554031","1.02279","0.00131643","0.000741946","0.00346269","0.00000228347","0.0199316","0.0171031","0.0943783","92202.4","5606.94","22591.4","92.6819","4.31183","2216.91","2296.34","14408.7","71.1128","-30.6313","17.601","37.8725","18.0947","12.1767","309.369","173.813","1295.19","309.331","907.77","18.855","2.07706","98.5727","1113.66","309.351","3.6"
"55_MNTRR_RR_V1_an1","55_MNTRR_RR_V1","7.63","29.61","205","814","0.03612","1","False","9.63","9.86","12.99","13.11","260","267","353","356","55","STABLE","MNTRR","R","L","0.418995","0.380039","3.00025","1.01239","1.23978","8.48689","0.16742","0.183721","1.39935","0.222139","0.187005","1.46256","22.0838","15.8912","90.8376","30.2009","121.529","0.538442","0.516947","8.43216","23.5343","29.2287","107.651","0.460402","0.451293","0.0259227","0.172491","0.440355","0.7461","0.000903929","0.00060942","0.00275222","0.00000118848","0.0174198","0.013112","0.0618412","102173","5294.75","28443.4","103.723","8.00605","4155.87","4957.59","25422.9","41.495","-24.7143","11.3869","45.5064","-71.6889","12.4744","300.425","164.067","967.904","300.445","915.952","16.0864","1.75625","128.176","940.357","300.434","3.13"
"55_MNTRR_RR_V1_an2","55_MNTRR_RR_V1","7.63","29.61","205","814","0.03612","2","False","13.82","14.05","14.46","15.05","376","383","394","410","55","STABLE","MNTRR","R","L","0.538375","0.227281","1.0206","2.73376","1.76456","5.36745","0.158614","0.0731956","0.333763","0.438742","0.229624","1.11253","12.6978","6.85297","28.4969","4.72456","43.7049","1.16892","0.468484","0.568014","13.5525","1.818","45.996","1.13269","0.316452","0.00189807","0.0801264","0.150924","0.272767","0.000429253","0.000258212","0.000943275","0.000000250932","0.0113129","0.00910091","0.0328808","94439.4","1648.54","5780.24","94.2812","0.527578","1807.49","1335.18","4274.95","27.4688","-31.3875","8.52786","24.6443","-44.1773","7.8114","309.717","173.109","1170.87","309.438","913.243","8.93492","0.978373","50.355","126.848","309.385","0.41"
"55_MNTRR_RR_V1_an3","55_MNTRR_RR_V1","7.63","29.61","205","814","0.03612","3","False","15.5",NULL,NULL,"15.93","422",NULL,NULL,"434","55","UNSTABLE","MNTRR","R","L","1.02312","0.565094","2.2721","7.42853","4.44436","13.7723","0.247472","0.163229","0.728394","0.588651","0.240946","1.07027","39.9256","21.7309","77.373","128.505","67.0043","3.62431","0.146547","26.9449","17.5307","90.7253","60.9683","2.881","0.663702","-0.130321","0.0807455","0.256339","0.26771","0.000825442","0.00048657","0.00160212","0.000000918104","0.01733","0.0130712","0.0422419","89060.4","2920.44","8592.18","93.0428","3.84396","2422.88","1910.32","6586.61","119.055","-27.76","22.944","41.8948","-2.57166","8.10988","455.561","417.521","2779.45","454.409","904.646","37.3565","4.1294","122.988","195.419","454.462","0.43"
"55_MNTRR_RR_V1_an4","55_MNTRR_RR_V1","7.63","29.61","205","814","0.03612","4","False","17.8","18.27","22.27","22.56","486","500","610","618","55","STABLE","MNTRR","R","L","0.277342","0.203556","1.03083","0.621577","0.768295","4.65692","0.117886","0.0795475","0.616978","0.156605","0.117133","0.755287","15.1026","6.83806","37.9041","42.4533","42.8759","0.275142","0.175153","15.9787","7.33776","56.7617","32.255","0.245407","0.12193","-0.0631598","0.285976","0.720334","1.31788","0.00152227","0.00101644","0.00450209","0.00000335045","0.0224022","0.0165001","0.0769999","95731.5","8510.73","35862.6","91.8193","3.0977","3258.73","2743.02","16934.1","59.7389","-30.6348","15.0272","26.0111","-61.6003","7.51655","300.85","162.46","1135.18","300.894","917.915","9.02759","0.983489","51.5757","1203.49","300.872","4"
"55_MNTRR_RR_V1_an5","55_MNTRR_RR_V1","7.63","29.61","205","814","0.03612","5","True","26.06","26.31","30.47","30.72","715","722","837","844","55","STABLE","MNTRR","R","L","0.467898","0.339254","2.1789","1.34548","0.934513","4.51861","0.14491","0.115385","0.861186","0.263729","0.187268","1.32419","25.5641","13.8592","95.3724","60.2357","120.374","0.557826","0.494149","16.6879","20.7395","55.2487","112.458","0.474413","0.415777","-0.174605","0.129352","0.381975","0.627733","0.00123362","0.000568035","0.00238734","0.00000184448","0.0164589","0.0123291","0.058602","89562.6","5108.67","25502.4","90.4982","3.80155","2618.8","2036.27","10306.4","80.6808","-34.4399","17.6427","39.9707","-60.6908","11.1617","304.974","167.592","1098.38","305.007","918.7","12.0982","1.31688","74.1587","1268.78","304.995","4.16"
"55_MNTRR_RR_V2_an1","55_MNTRR_RR_V2","7.61","29.19","204","796","0.03644","1","False","9.98","10.24","12.48","12.55","269","276","338","339","55","STABLE","MNTRR","R","L","0.4847","0.490224","3.48747","1.93358","1.40551","7.68829","0.193356","0.18706","1.11261","0.346446","0.205417","1.39123","16.6985","9.9175","43.1407","42.8112","50.891","0.488737","0.206942","8.46805","9.74983","32.4693","29.4817","0.375662","0.182519","0.0546047","0.157656","0.369716","0.6301","0.000866473","0.000580178","0.00231072","0.00000108738","0.0157856","0.0113496","0.0434334","99185.5","4918.66","21848.6","100.693","5.74219","4513.21","4031.2","20750.6","54.3519","-7.15871","11.751","31.3631","-92.2975","10.2978","312.388","168.834","998.28","312.394","914.999","16.2768","1.77889","106.202","699.691","312.362","2.24"
"55_MNTRR_RR_V2_an2","55_MNTRR_RR_V2","7.61","29.19","204","796","0.03644","2","False","13.14","13.3","14.75","15.07","355","360","400","408","55","STABLE","MNTRR","R","L","0.378702","0.255035","1.23822","1.87251","1.77523","6.77258","0.207273","0.225572","1.21294","0.269013","0.184354","1.00544","5.94321","2.72385","18.0064","7.52156","17.5056","0.370117","0.309331","2.35906","2.96245","9.86467","11.031","0.209819","0.158785","0.0312453","0.120247","0.264737","0.521267","0.000652844","0.000420408","0.0016546","0.000000602949","0.0147412","0.00913352","0.0380136","95072.4","3910.42","12990.8","93.9292","3.07492","2477.4","2124.4","8925.38","17.7987","5.99176","4.84465","28.3111","-96.2478","9.58368","303.011","162.951","925.935","302.985","910.784","14.6767","1.61144","68.3603","439.298","302.964","1.45"
"55_MNTRR_RR_V2_an3","55_MNTRR_RR_V2","7.61","29.19","204","796","0.03644","3","False","18.16","18.39","22.41","22.55","493","500","610","614","55","STABLE","MNTRR","R","L","0.547365","0.589497","3.50634","1.59469","1.53571","8.4183","0.190297","0.181351","1.2429","0.309581","0.227774","1.22595","23.5299","11.9739","77.1172","40.3698","111.78","0.61173","0.425476","10.7729","21.2261","35.7437","97.8937","0.479081","0.300161","-0.157296","0.163524","0.457373","0.740342","0.00125499","0.000660315","0.00285858","0.00000201102","0.0196969","0.0140549","0.0603401","91965.2","5220.14","26347.2","91.2894","3.34016","3324.3","2443.04","10389","85.3296","3.13018","19.4202","38.4021","-99.0189","11.6707","319.02","174.43","1357.68","319.112","916.001","18.4735","2.01675","103.456","1282.62","319.06","4.02"
"55_MNTRR_RR_V2_an4","55_MNTRR_RR_V2","7.61","29.19","204","796","0.03644","4","False","26.03",NULL,NULL,"26.4","709",NULL,NULL,"719","55","UNSTABLE","MNTRR","R","L","0.774477","0.334882","1.7968","3.55422","1.02573","5.38218","0.420847","0.324365","1.34486","0.620558","0.387764","1.6409","9.14957","5.04744","22.036","3.81244","34.6432","0.995639","0.434085","3.95265","10.1402","12.695","34.1087","0.995239","0.612104","-0.185257","0.232537","0.595137","0.882325","0.00157599","0.000984455","0.0037196","0.00000345289","0.0263552","0.0184441","0.0566012","99103.7","11113.3","31208.5","92.601","5.26757","4868.51","2913.78","11120.2","23.425","-19.9175","6.19499","9.49382","-96.3394","2.13566","315.493","171.293","956.531","315.281","913.621","40.2188","4.40214","136.415","116.66","315.297","0.37"
"55_MNTRR_RR_V2_an5","55_MNTRR_RR_V2","7.61","29.19","204","796","0.03644","5","False","26.6","26.85","27.52","27.62","725","732","750","753","55","STABLE","MNTRR","R","L","0.542805","0.337493","2.06588","4.29241","2.20909","10.4986","0.254851","0.249763","1.22726","0.509231","0.222598","1.04335","8.12872","3.11381","17.6601","6.49772","20.3846","0.639582","0.218186","1.65121","3.06453","6.07","9.13233","0.228331","0.1087","-0.273668","0.123797","0.449376","0.515223","0.00175374","0.000669767","0.0028086","0.0000035242","0.0258363","0.0218181","0.0883683","91990.9","2918.67","10605.9","91.256","3.0154","3148.04","1754.69","5976.25","20.439","-16.9467","6.37246","15.6847","-100.501","4.08047","313.156","170.082","1059.51","313.172","899.493","17.7563","1.97404","67.1396","209.766","313.084","0.67"
"55_MNTRR_RR_V2_an6","55_MNTRR_RR_V2","7.61","29.19","204","796","0.03644","6","True","27.87","28.04","30.08","30.19","759","765","821","823","55","STABLE","MNTRR","R","L","0.451458","0.372458","1.8129","1.94811","2.00728","9.08269","0.183217","0.19656","1.51337","0.303843","0.229558","1.17926","18.4792","17.2487","93.4821","31.3976","112.379","0.790671","0.766098","10.0088","24.9963","44.717","105.38","0.634904","0.667619","-0.124826","0.156599","0.413047","0.680717","0.00110061","0.000596036","0.00258154","0.0000015666","0.0168386","0.0121606","0.05549","92176.8","4750.95","21650","95.6134","3.95568","2106.68","1624.16","6855.65","14.4098","-6.73198","4.26585","30.9574","-103.495","8.22136","307.843","166.574","1001.09","307.882","911.699","13.5913","1.49077","72.6328","628.031","307.858","2.04"
"55_MNTRR_RR_V3_an1","55_MNTRR_RR_V3","7.61","29.31","204","801","0.03637","1","False","9.67","9.89","14.43","14.88","260","267","392","403","55","STABLE","MNTRR","R","L","0.39867","0.419859","2.84903","0.970764","1.11829","5.12634","0.17594","0.177481","1.31406","0.217904","0.171642","1.03517","18.7454","8.2286","32.3292","31.5226","56.3236","0.431961","0.231151","9.62184","13.0313","38.388","40.8467","0.272508","0.164607","0.0447735","0.171182","0.484956","0.947118","0.000866393","0.000687263","0.00303098","0.00000122297","0.0157155","0.0117235","0.0579055","100615","5251.72","29221.9","100.032","7.98696","3264","3893.96","21434.9","57.6155","8.84656","14.1386","40.1743","-97.6687","11.6763","314.675","168.814","1214.95","314.752","916.116","15.0564","1.64351","114.138","1428.78","314.708","4.54"
"55_MNTRR_RR_V3_an2","55_MNTRR_RR_V3","7.61","29.31","204","801","0.03637","2","False","18.04","18.33","19.72","19.87","490","499","537","541","55","STABLE","MNTRR","R","L","0.334981","0.294217","1.27287","1.47632","1.19556","6.86561","0.130524","0.0893184","0.501023","0.284264","0.176353","0.754756","7.30497","2.87991","17.298","7.28978","24.1358","0.370109","0.182562","2.8887","4.32408","9.90267","14.6403","0.235623","0.113289","-0.213191","0.14062","0.648148","0.683061","0.00134363","0.000861673","0.00405092","0.00000254783","0.019138","0.0119565","0.0538231","90006.3","3084.48","13622.6","90.8822","4.32747","1919.81","1525.93","6734.87","16.008","-0.67753","4.93898","22.8067","-101.814","6.52379","307.492","166.597","977.85","307.62","914.95","11.4462","1.25102","53.7119","427.571","307.605","1.39"
"55_MNTRR_RR_V3_an3","55_MNTRR_RR_V3","7.61","29.31","204","801","0.03637","3","False","20.17","20.37","22.44","22.85","549","555","612","623","55","STABLE","MNTRR","R","L","0.230688","0.215199","1.19277","0.768581","0.958557","5.04465","0.100324","0.0646444","0.326146","0.180997","0.15912","1.04631","6.06351","3.02462","17.1935","13.2559","24.7492","0.29166","0.213302","5.94766","6.61737","22.2547","21.9743","0.214639","0.100009","-0.139831","0.0934055","0.347322","0.455088","0.000919136","0.000509674","0.00217076","0.00000110458","0.0133951","0.0100943","0.0427444","92372.4","4860.56","22225.9","91.9153","4.74506","2373.45","1649.82","6218.84","22.3428","22.2906","5.66107","20.7334","-104.202","6.7191","296.447","163.293","1042.31","296.2","913.842","12.0493","1.31853","55.5429","613.191","296.228","2.07"
"55_MNTRR_RR_V3_an4","55_MNTRR_RR_V3","7.61","29.31","204","801","0.03637","4","True","25.91","26.25","30.16","31.18","707","717","824","852","55","STABLE","MNTRR","R","L","0.263942","0.225012","1.16028","0.958645","1.35627","6.57497","0.112912","0.0815931","0.61107","0.201048","0.204768","1.36472","11.5591","7.23932","35.4631","41.0144","38.2865","0.26295","0.173584","12.1507","7.93868","49.496","42.2587","0.243668","0.161672","-0.166328","0.155576","0.537234","0.908733","0.00120675","0.000754907","0.00335771","0.00000202613","0.0215118","0.0150539","0.0697802","93658.5","5522.22","28545.3","92.5159","4.10252","2811.36","2112.24","8206.37","36.0066","3.79468","9.45578","29.9685","-95.5683","8.36284","300.574","159.081","991.366","300.631","918.915","7.68868","0.836713","47.9136","1175.4","300.613","3.91"
"55_MNTRR_RR_V4_an1","55_MNTRR_RR_V4","7.61","29.88","202","814","0.0364","1","False","8.97","9.87","14.4","14.61","239","264","389","394","55","STABLE","MNTRR","R","L","0.344529","0.306207","1.87705","1.02362","1.10578","6.2595","0.134068","0.113791","1.4123","0.232742","0.204464","1.72848","13.9214","5.27637","41.416","17.9345","58.9422","0.355762","0.203741","4.33001","10.7224","14.4543","52.0523","0.238749","0.174034","0.0671059","0.181439","0.453635","0.828698","0.00102102","0.00064758","0.00283522","0.00000146185","0.0163016","0.0128111","0.0536048","100626","4240.2","20067.4","99.125","6.35981","3438.41","2900.45","14759.8","25.852","-6.54896","6.98595","36.9743","-98.2769","10.1332","309.359","165.25","1076.74","309.401","916.91","9.56456","1.04313","66.2241","1401.36","309.351","4.53"
"55_MNTRR_RR_V4_an2","55_MNTRR_RR_V4","7.61","29.88","202","814","0.0364","2","False","18.21","18.5","20.7","20.8","493","501","562","564","55","STABLE","MNTRR","R","L","0.368837","0.249504","1.21555","1.87842","1.12269","5.71593","0.123032","0.0851846","0.497222","0.361851","0.217452","1.26863","14.7251","10.5072","58.1814","7.70189","79.5239","0.578733","0.407301","3.41573","14.9532","11.493","66.2937","0.471698","0.340516","-0.163045","0.112077","0.530071","0.677628","0.00107852","0.000604889","0.00331294","0.00000152909","0.0185106","0.0139218","0.0536553","91740.9","3511.73","19862.5","94.3274","3.87215","2841.58","2225.26","8761.99","24.9117","-10.4885","5.77103","29.6184","-100.546","8.0457","308.216","167.692","965.96","308.298","915.823","13.7638","1.50288","67.4448","678.201","308.273","2.2"
"55_MNTRR_RR_V4_an3","55_MNTRR_RR_V4","7.61","29.88","202","814","0.0364","3","False","21.39","21.77","22.75","23.09","580","591","618","627","55","STABLE","MNTRR","R","L","0.324385","0.207111","0.910069","1.65198","1.55511","5.81143","0.134131","0.0823718","0.450426","0.290893","0.165835","0.719166","5.18081","3.28745","18.686","4.88444","20.7859","0.42873","0.356359","1.02813","4.98384","3.139","19.6","0.255535","0.2046","-0.121684","0.149475","0.329568","0.582106","0.0010724","0.000548747","0.0020598","0.00000145116","0.016573","0.0123313","0.0534289","91740.9","6351.65","26139.8","92.4338","5.03441","3072.61","2189.43","9913.19","23.0152","15.2773","7.4805","19.854","-93.8804","6.44748","307.631","170.538","1039.3","307.804","907.165","15.0885","1.66326","63.4775","301.622","307.777","0.98"
"55_MNTRR_RR_V4_an4","55_MNTRR_RR_V4","7.61","29.88","202","814","0.0364","4","True","26.02","26.27","29.68","29.88","707","715","808","813","55","STABLE","MNTRR","R","L","0.454657","0.380609","2.23295","1.23643","1.25349","6.72401","0.13931","0.109141","0.791055","0.255028","0.180668","0.92097","22.4207","21.5615","135.408","17.6992","160.077","0.627011","0.840718","7.04679","30.0154","21.5557","150.081","0.610066","0.763879","-0.145426","0.172817","0.576895","1.15118","0.00122015","0.000709916","0.0036056","0.00000199275","0.0198108","0.0146363","0.0597309","93221.5","4956.37","22607.5","91.6247","3.68774","2634.73","1940.06","8536.81","32.2458","1.64611","9.69785","41.4044","-97.3998","9.42927","302.673","167.096","1237.58","302.686","916.692","13.0036","1.41853","92.4692","1032.08","302.661","3.41"
"55_TRLGL_RR_V1_an1","55_TRLGL_RR_V1","7.72","30.29","206","820","0.03674","1","False","9.83","10.26","13.25","13.62","263","275","357","366","55","STABLE","TRLGL","L","R","0.414191","0.326269","2.26149","1.11705","1.09042","4.32736","0.152654","0.110463","0.704032","0.220694","0.161504","0.770769","24.0609","13.8968","52.0354","36.3503","62.2367","0.688437","0.590893","4.40768","10.0368","15.1263","33.162","0.252367","0.13965","0.0344028","0.182353","0.558469","0.828416","0.000926888","0.000697171","0.00349043","0.00000134517","0.0179937","0.0128759","0.0528978","101390","4988.61","20879.6","101.022","6.49673","3712.59","3476.43","18176.7","44.9984","-26.218","11.3172","43.2782","71.5474","12.2716","312.946","170.329","1171.52","312.95","910.709","21.6221","2.37421","142.52","935.586","312.905","2.99"
"55_TRLGL_RR_V1_an2","55_TRLGL_RR_V1","7.72","30.29","206","820","0.03674","2","False","14.22","14.5","15.2","15.44","382","391","410","416","55","STABLE","TRLGL","L","R","0.605288","0.406428","2.02634","0.993478","0.305929","1.56529","0.202854","0.141375","0.737526","0.23147","0.107867","0.587198","4.7042","2.08164","10.1707","4.01461","14.7763","0.491459","0.230117","1.91743","3.23427","6.17367","12.0393","0.306106","0.151202","-0.0879802","0.0884226","0.356046","0.390387","0.000572782","0.000528864","0.00222529","0.000000607776","0.0122454","0.0104846","0.0346081","92511.3","2737.2","8726.45","94.5345","3.28996","2409.65","1189.91","5387.79","26.2714","-29.2281","6.97202","31.6362","60.1605","10.986","325.182","182.189","1077.04","325.309","908.047","28.4244","3.13028","105.898","227.692","325.275","0.7"
"55_TRLGL_RR_V1_an3","55_TRLGL_RR_V1","7.72","30.29","206","820","0.03674","3","False","15.9","16.58","21.84","22.2","428","447","590","600","55","STABLE","TRLGL","L","R","0.232236","0.191188","1.07379","0.351441","0.271921","1.87839","0.122638","0.093084","0.640262","0.120542","0.0855046","0.599206","18.2206","12.455","57.7215","39.8864","47.7844","0.450531","0.533917","8.52684","8.69585","27.6053","35.571","0.211574","0.162607","-0.150177","0.203947","0.604924","1.15746","0.00136817","0.000796151","0.00378077","0.00000250576","0.0210575","0.0167706","0.0841686","93548.8","6025.88","25481.4","91.341","3.50079","2751.45","2205.75","12266.2","38.4919","-16.8738","9.75352","34.6408","75.5473","9.58062","307.347","169.256","1108.17","307.354","909.142","17.688","1.94557","127.871","1616.49","307.318","5.26"
"55_TRLGL_RR_V1_an4","55_TRLGL_RR_V1","7.72","30.29","206","820","0.03674","4","True","22.83","23.13","30.55","30.82","617","625","827","834","55","STABLE","TRLGL","L","R","0.250313","0.173703","1.02387","0.536108","0.547831","2.82508","0.128762","0.110118","0.827525","0.16674","0.153661","1.59603","10.9928","5.57157","47.1255","12.1178","54.3956","0.238234","0.225271","6.28201","10.6009","21.2557","63.9147","0.201402","0.19773","-0.162813","0.185153","0.857633","1.52651","0.00132868","0.000780517","0.00536021","0.0000023746","0.0201104","0.015814","0.106089","92031.4","5433.5","29509.5","93.1629","4.0637","2595.38","2020.3","10245.9","35.8046","-20.0736","7.97865","30.4472","72.7542","8.24368","308.456","167.94","1158.17","308.482","910.189","8.6351","0.948715","62.2568","2288.83","308.468","7.42"
"55_TRLGL_RR_V2_an1","55_TRLGL_RR_V2","7.62","29.97","203","817","0.03641","1","False","9.99","10.27","11.25","11.47","267","276","303","308","55","STABLE","TRLGL","L","R","0.34106","0.174915","0.80783","0.678286","0.349167","1.49241","0.18545","0.143345","0.812383","0.180951","0.0980944","0.440442","7.79986","3.73908","17.3983","15.8542","21.7418","0.374151","0.153806","6.8295","4.80954","20.3723","15.7083","0.285506","0.118302","-0.0367506","0.0998667","0.265114","0.431922","0.000475536","0.000464981","0.00165696","0.000000442342","0.0180941","0.0130089","0.0427836","99051","3794.5","16840.9","102.817","4.59149","3966.67","2944.07","10699.8","31.2092","-46.8356","8.19831","28.4492","70.4768","9.51135","304.188","163.857","1282.15","304.309","908.713","9.44629","1.03952","47.9136","298.219","304.305","0.98"
"55_TRLGL_RR_V2_an2","55_TRLGL_RR_V2","7.62","29.97","203","817","0.03641","2","False","11.96",NULL,NULL,"12.34","322",NULL,NULL,"332","55","UNSTABLE","TRLGL","L","R","0.323568","0.12699","0.664704","2.9348","0.871431","4.15191","0.155429","0.120321","0.504375","0.420913","0.164447","0.881659","3.80284","1.52199","8.13702","4.768","10.9809","0.568708","0.14171","0.667297","1.75152","2.50167","5.959","0.229735","0.106146","0.225734","0.11408","0.425132","0.412531","0.00141084","0.000713002","0.00265707","0.00000249883","0.0152116","0.00712552","0.0289045","101711","3267.44","9642.8","99.3279","5.05987","1553.97","1203.09","4602.08","18.2533","-26.6807","5.99985","1.69026","76.7253","0.360013","310","166.067","873.785","310.425","895.978","26.8815","3.00024","81.4829","117.945","310.38","0.38"
"55_TRLGL_RR_V2_an3","55_TRLGL_RR_V2","7.62","29.97","203","817","0.03641","3","False","12.64",NULL,NULL,"13.07","340",NULL,NULL,"352","55","UNSTABLE","TRLGL","L","R","0.377633","0.163866","0.761286","2.95047","0.779847","3.8784","0.214143","0.177786","0.716332","0.432074","0.157597","0.725431","3.24115","1.23757","6.48078","1.53483","8.09922","0.437003","0.127516","0.944781","3.14521","3.442","10.6967","0.284829","0.0962592","0.109705","0.0860011","0.262419","0.289681","0.000712718","0.000501069","0.00164012","0.000000759037","0.0209492","0.00938133","0.0360954","106581","2293.46","6740.19","96.6021","3.30486","2904.67","1748.15","6415.65","19.4113","-24.8677","6.20584","6.94083","76.2739","1.47443","308.057","175.163","949.094","308.408","901.394","33.035","3.66488","91.5537","132.61","308.395","0.43"
"55_TRLGL_RR_V2_an4","55_TRLGL_RR_V2","7.62","29.97","203","817","0.03641","4","False","13.27","13.56","18.5","18.77","358","366","502","509","55","STABLE","TRLGL","L","R","0.45481","0.383968","2.56816","1.04643","1.42469","5.35017","0.170905","0.126589","0.712122","0.202521","0.175747","1.07585","9.00408","5.19707","30.6945","24.0073","43.0857","0.326539","0.176876","6.28595","9.00132","30.5847","36.4593","0.242666","0.129894","-0.141916","0.162629","0.533748","0.794554","0.00111754","0.000755623","0.00333592","0.00000181985","0.0174058","0.0124695","0.074581","91371.9","4663.55","19916.6","92.1679","3.72223","2236.88","1732.31","7139.06","48.1048","-26.7874","8.73162","42.3554","66.1191","11.3194","312.588","173.045","1168.56","312.554","909.905","19.0342","2.09189","166.933","1543.91","312.533","4.94"
"55_TRLGL_RR_V2_an5","55_TRLGL_RR_V2","7.62","29.97","203","817","0.03641","5","False","19.16","19.46","20.69","21.01","519","528","562","570","55","STABLE","TRLGL","L","R","0.287432","0.171602","0.894994","0.37963","0.257206","1.68163","0.154576","0.124818","0.602014","0.131143","0.078519","0.632099","4.39562","1.38598","8.26917","7.832","11.797","0.253978","0.155855","3.36714","3.2264","13.217","9.39733","0.191527","0.0865898","-0.15262","0.11376","0.363773","0.425873","0.000995079","0.000652083","0.00227358","0.0000014154","0.0132714","0.0104831","0.0426907","93321.9","3966.94","17879.5","91.985","4.18413","3368.59","2090.04","8146.38","14.5952","-40.8863","3.89518","29.3726","66.1618","10.3151","309.357","162.771","971.087","309.42","907.136","10.9262","1.20447","54.3222","380.556","309.395","1.23"
"55_TRLGL_RR_V2_an6","55_TRLGL_RR_V2","7.62","29.97","203","817","0.03641","6","False","21.22","21.51","26.69","27.11","576","584","727","738","55","STABLE","TRLGL","L","R","0.227449","0.152312","1.02941","0.755806","0.98649","4.48568","0.118413","0.0946333","1.02645","0.1993","0.203807","1.33116","9.69396","3.85733","18.6759","24.3888","29.9503","0.215774","0.153615","10.0684","12.344","29.6","38.9767","0.189031","0.149373","-0.174419","0.189632","0.881642","1.26394","0.00134594","0.000884023","0.00551026","0.00000259306","0.0208909","0.0154517","0.0704836","92345.9","7235.07","37775.8","91.7321","3.63017","3000.98","2368.14","12187","33.2521","-27.7706","7.73697","33.8068","65.4213","9.23364","304.182","165.948","1097.07","304.239","910.245","10.0569","1.10486","55.2378","1575.89","304.226","5.18"
"55_TRLGL_RR_V2_an7","55_TRLGL_RR_V2","7.62","29.97","203","817","0.03641","7","False","28.45",NULL,NULL,"28.82","775",NULL,NULL,"785","55","UNSTABLE","TRLGL","L","R","0.359397","0.171089","0.696948","4.00835","2.21839","7.57698","0.156119","0.112826","0.622696","0.459914","0.194048","1.02208","9.5789","4.84025","22.6333","33.9038","7.51767","1.09951","0.431964","8.40368","2.74227","29.7073","10.024","0.90619","0.313956","-0.242912","0.0725404","0.3724","0.272359","0.0015182","0.000453377","0.0023275","0.00000251048","0.0146611","0.00929862","0.0286132","93253.7","2383.96","9478.89","93.4912","2.73217","2564.4","1801.61","5079.08","15.1273","-50.1305","3.87369","8.05864","56.1728","2.76695","319.35","161.118","875.785","318.753","890.855","32.8526","3.68776","105.593","117.916","318.692","0.37"
"55_TRLGL_RR_V2_an8","55_TRLGL_RR_V2","7.62","29.97","203","817","0.03641","8","True","29.17","29.42","31.41","31.68","794","802","856","863","55","STABLE","TRLGL","L","R","0.260434","0.201671","0.886208","0.711948","0.553764","2.57659","0.110138","0.0586482","0.280494","0.177785","0.134127","0.765225","10.1236","8.26332","45.438","7.78906","54.7703","0.347884","0.373373","2.31073","15.1895","8.94833","63.6693","0.384769","0.375297","-0.173969","0.0961199","0.391678","0.460865","0.00111074","0.00055623","0.00244799","0.00000154314","0.0155236","0.0142913","0.0625996","90763.7","2916.96","12346.8","94.4239","3.41786","2622.28","1829.25","6730.67","21.2893","-45.263","4.10923","13.5363","62.2315","3.3","297.136","165.105","1050.74","297.208","907.819","9.90631","1.09122","57.9844","591.465","297.219","1.99"
"55_TRLGL_RR_V3_an1","55_TRLGL_RR_V3","7.56","30.62","201","832","0.03655","1","False","9.91",NULL,NULL,"10.28","265",NULL,NULL,"275","55","UNSTABLE","TRLGL","L","R","0.567061","0.237744","1.10538","3.12691","1.21443","5.47024","0.171594","0.100425","0.496382","0.492541","0.254386","1.38473","9.84657","5.63643","23.8567","2.41767","37.0452","1.05945","0.460144","3.65459","10.4016","11.505","34.3293","0.985899","0.621425","-0.145335","0.0960634","0.314735","0.342057","0.000939394","0.000550553","0.0019671","0.00000118557","0.0149234","0.00832373","0.029673","100565","5289.75","20775.2","104.082","3.47084","6569.78","4176.6","14036.5","11.75","-42.9808","3.24078","16.9018","66.3697","6.30229","325.231","180.455","974.627","325.399","897.347","22.711","2.53091","74.769","120.375","325.337","0.37"
"55_TRLGL_RR_V3_an2","55_TRLGL_RR_V3","7.56","30.62","201","832","0.03655","2","False","10.51","10.9","16.57","16.79","281","292","448","453","55","STABLE","TRLGL","L","R","0.266919","0.203968","1.06025","0.416723","0.496599","2.91781","0.126351","0.0852368","0.599061","0.12024","0.0939478","0.589865","10.154","7.212","50.821","19.0104","60.7853","0.225394","0.209634","7.46056","11.368","25.421","64.6363","0.22929","0.22317","-0.0153895","0.189878","0.472161","0.931708","0.00101822","0.000617105","0.00295101","0.0000014176","0.0174479","0.012405","0.0600143","94788.5","5417.02","27973.7","94.5991","6.08978","2265.5","2390.82","18185.4","36.6313","-45.1443","7.9859","30.835","70.2534","8.02606","311.138","169.722","1177.81","311.205","910.505","7.66251","0.841566","53.1015","1764.37","311.177","5.67"
"55_TRLGL_RR_V3_an3","55_TRLGL_RR_V3","7.56","30.62","201","832","0.03655","3","False","17.63","17.96","19.15","19.42","476","486","518","525","55","STABLE","TRLGL","L","R","0.293362","0.183698","0.898101","0.398047","0.352646","1.53771","0.146065","0.0887904","0.490654","0.128538","0.0824771","0.405065","3.00092","1.94543","9.51713","2.8435","13.1751","0.245648","0.165136","1.31267","3.79085","5.19467","14.2053","0.177213","0.114008","-0.211642","0.119849","0.611242","0.602495","0.00132277","0.000749054","0.00382026","0.00000231079","0.0196242","0.0135168","0.0567759","89546.9","2641.22","11562.7","91.1953","2.1987","2367.46","1458.27","6089.53","13.9056","-48.2187","3.6893","15.3212","75.548","3.85447","307.647","170.956","1122.6","307.586","909.46","10.824","1.19016","51.8808","365.997","307.56","1.19"
"55_TRLGL_RR_V3_an4","55_TRLGL_RR_V3","7.56","30.62","201","832","0.03655","4","False","19.8","20.18","20.8","21.1","535","546","563","571","55","STABLE","TRLGL","L","R","0.202527","0.13471","0.750702","0.370546","0.249018","0.986737","0.145091","0.113138","0.519851","0.126403","0.0859045","0.519225","1.87488","1.0718","4.31521","3.28572","4.7935","0.137096","0.0723268","0.356309","1.84941","1.89667","5.569","0.11852","0.0465467","-0.16644","0.0813915","0.305222","0.253481","0.00104025","0.000508697","0.00190764","0.00000134089","0.0192212","0.00979188","0.0333161","89266.3","3501.12","15795","91.7539","4.89173","2013.66","1604.07","6714.32","13.358","-31.047","3.8887","8.71696","81.0737","2.38265","311.888","173.265","1124.19","312.22","909.169","11.0915","1.21996","45.4721","193.58","312.225","0.62"
"55_TRLGL_RR_V3_an5","55_TRLGL_RR_V3","7.56","30.62","201","832","0.03655","5","False","21.48","21.79","24.41","24.63","581","590","662","668","55","STABLE","TRLGL","L","R","0.301481","0.202957","1.16455","0.429707","0.308347","1.49812","0.129733","0.0873102","0.509186","0.125082","0.0796508","0.615808","12.0069","7.3352","29.9369","21.1706","44.7896","0.330135","0.109265","6.65966","8.97251","20.5903","34.8407","0.237755","0.0967482","-0.115177","0.189521","0.512637","0.876705","0.00120519","0.000684664","0.00320398","0.00000192125","0.0183821","0.0139551","0.0609898","90109.5","5140.73","24243.1","92.3195","2.75542","2633.36","2066.72","9586.42","32.4423","-26.4344","7.11999","28.3405","71.5029","9.10081","313.032","173.111","1237.57","313.081","909.138","13.4328","1.47753","113.526","820.226","313.063","2.62"
"55_TRLGL_RR_V3_an6","55_TRLGL_RR_V3","7.56","30.62","201","832","0.03655","6","False","25.25","25.54","26.58","26.86","684","693","721","729","55","STABLE","TRLGL","L","R","0.375789","0.20723","0.96771","0.61746","0.531534","2.1426","0.14586","0.0961004","0.632034","0.17533","0.121099","0.633629","3.31287","1.56183","6.31122","5.36256","10.2666","0.271381","0.0638647","1.98495","1.21324","8.25367","5.52333","0.16688","0.0952999","-0.144932","0.143786","0.360723","0.6643","0.00115548","0.000541277","0.00225452","0.00000162811","0.0189888","0.0158875","0.0668594","91403.1","4382.86","19343.9","93.9797","2.25042","2729.45","2931.36","15971.5","21.4531","-34.5104","5.99956","25.9349","77.1112","8.2003","322.816","168.091","960.998","322.837","910.024","16.5838","1.82235","69.8862","335.679","322.769","1.04"
"55_TRLGL_RR_V3_an7","55_TRLGL_RR_V3","7.56","30.62","201","832","0.03655","7","True","27.3","27.61","30.29","30.55","741","750","823","830","55","STABLE","TRLGL","L","R","0.45011","0.244424","1.54098","1.03877","0.636029","2.86744","0.154982","0.108187","0.684646","0.225786","0.145398","0.940311","15.1857","9.91021","55.9953","16.6581","70.2435","0.449936","0.291874","5.1143","17.1334","16.8427","70.1323","0.383406","0.318286","-0.170225","0.142494","0.426761","0.767372","0.00122096","0.000659023","0.00266726","0.00000192505","0.0173507","0.0126904","0.077002","90827.6","3874.92","19825.2","92.1657","2.89194","2230.53","1723.98","8520.77","52.3835","-23.0102","13.2242","31.602","72.2141","10.7062","319.563","174.024","1064.43","319.624","909.871","16.1078","1.77034","110.17","856.48","319.582","2.68"
"55_TRLGL_RR_V4_an1","55_TRLGL_RR_V4","7.64","30.05","202","815","0.03656","1","False","10.17","10.62","17.19","17.49","271","284","463","471","55","STABLE","TRLGL","L","R","0.264825","0.207756","1.18751","0.412371","0.370758","1.86691","0.119784","0.0851291","0.601687","0.1242","0.0919049","0.693704","10.1533","5.78848","39.9149","22.4088","42.2532","0.257452","0.19295","6.25143","7.51032","24.5453","32.7693","0.192824","0.12815","-0.0522232","0.173107","0.459119","0.789418","0.000966402","0.000585789","0.00286949","0.00000127708","0.016538","0.0127617","0.069509","94256.3","6363.41","33797","93.9022","5.91315","2922.01","2901.22","20413.6","48.557","-39.8237","10.505","36.425","71.6865","8.35463","310.444","168.515","1234.48","310.465","910.281","11.9478","1.31254","87.8916","2039.8","310.472","6.57"
"55_TRLGL_RR_V4_an2","55_TRLGL_RR_V4","7.64","30.05","202","815","0.03656","2","False","17.94","18.24","22.65","22.97","483","492","613","621","55","STABLE","TRLGL","L","R","0.223171","0.159774","1.07302","0.441351","0.448265","2.20649","0.118805","0.0876168","0.540585","0.131668","0.109896","0.799293","12.0978","4.10854","20.2302","28.5953","27.4173","0.243994","0.109617","11.0211","6.09253","32.37","26.5353","0.205932","0.0907956","-0.185265","0.0930276","0.482847","0.59718","0.00117817","0.000539171","0.0030178","0.0000016788","0.0178532","0.0148475","0.0687287","90542.7","2862.17","16465.2","93.7498","3.47272","2145.92","1598.05","6051","31.9193","-33.417","8.82956","25.6793","73.8617","7.90829","301.321","162.345","973.066","301.339","910.339","8.25392","0.906686","48.2187","1328.91","301.341","4.41"
"55_TRLGL_RR_V4_an3","55_TRLGL_RR_V4","7.64","30.05","202","815","0.03656","3","False","23.34","23.58","26.95","27.23","631","638","730","737","55","STABLE","TRLGL","L","R","0.303099","0.201448","1.29264","0.426533","0.250242","1.46451","0.12636","0.0841813","0.728957","0.131869","0.0835053","0.721225","11.8498","6.45959","35.1834","16.5161","45.2844","0.275367","0.139143","4.78743","12.1485","13.925","47.121","0.233558","0.13798","-0.193493","0.226276","0.71867","1.1776","0.00155788","0.00101761","0.00449168","0.00000346252","0.0230349","0.0166481","0.0991948","92748.6","5661.91","21281.2","92.0271","2.84639","2603.16","2100.81","11167.7","40.426","-26.3407","10.7513","33.3796","68.02","10.4402","317.756","175.654","1218.26","317.76","909.361","14.07","1.54724","95.8261","1070.85","317.76","3.37"
"55_TRLGL_RR_V4_an4","55_TRLGL_RR_V4","7.64","30.05","202","815","0.03656","4","True","27.73","28.05",NULL,"30.05","751","760",NULL,"814","55","STABLE","TRLGL","L","R","0.293723","0.169762","0.922519","0.896192","0.621979","2.58166","0.125551","0.0849551","0.56688","0.176653","0.132154","0.722963","11.343","7.02323","29.5434","9.67194","49.5273","0.296484","0.121591","4.50086","17.9183","11.9627","62.535","0.328637","0.11873","-0.190452","0.0940104","0.368888","0.397004","0.00119671","0.000574438","0.00230555","0.0000017621","0.0183507","0.013741","0.055372","89365.6","2435.02","12798.5","93.2391","3.75749","1797.5","1379.08","5853.46","26.5878","-28.4839","4.97753","32.3522","74.4742","9.40466","307.801","166.969","1049.07","307.927","910.18","8.3705","0.919653","55.2378","615.795","307.897","2"
"55_TRLGR_RR_V1_an1","55_TRLGR_RR_V1","7.97","29.46","211","802","0.03638","1","False","9.73","10.14","19.28","19.61","259","271","522","531","55","STABLE","TRLGR","R","L","0.222326","0.195693","1.61595","0.308219","0.241015","1.5989","0.134508","0.147573","1.08714","0.119952","0.0801043","0.550324","14.685","6.90381","32.5489","36.6264","41.5981","0.213647","0.159601","5.16461","9.08933","22.6107","39.7303","0.12863","0.08456","-0.0704409","0.180511","0.497271","0.877513","0.00102551","0.000644183","0.00310794","0.00000146665","0.0167014","0.0124974","0.0714142","95767.5","8310.56","38592.7","95.357","9.34459","3118.28","3341.04","20568.1","37.0702","-13.2379","7.01553","34.2323","-65.6092","8.88975","293.782","159.992","1326.17","293.79","919.819","6.71745","0.730301","59.8154","2685.22","293.788","9.14"
"55_TRLGR_RR_V1_an2","55_TRLGR_RR_V1","7.97","29.46","211","802","0.03638","2","False","20.07","20.47","23.55","23.86","543","555","639","647","55","STABLE","TRLGR","R","L","0.418776","0.329065","2.48058","1.26411","0.830514","3.32488","0.175242","0.180258","1.82042","0.257664","0.171708","1.07477","9.74249","3.15173","17.6608","23.1703","29.8642","0.323756","0.168646","6.98768","9.6476","20.006","29.8493","0.277245","0.144133","-0.186058","0.085712","0.396682","0.415569","0.00116564","0.000529629","0.00247926","0.00000163923","0.0168395","0.0119485","0.0549957","88907.4","2148.65","10822.1","91.4377","3.1757","2155.36","1726.87","7089.39","39.345","6.58771","11.4157","36.3534","-70.5988","10.5088","301.085","166.817","994.185","301.051","918.877","14.5238","1.5806","95.2158","927.306","301.073","3.08"
"55_TRLGR_RR_V1_an3","55_TRLGR_RR_V1","7.97","29.46","211","802","0.03638","3","True","24.16","24.53","30.46","30.82","656","666","829","839","55","STABLE","TRLGR","R","L","0.2585","0.203707","1.24295","0.442708","0.523442","2.80193","0.148989","0.212241","1.48312","0.145446","0.128587","0.9643","8.85467","4.72048","35.6078","24.4247","44.5831","0.240002","0.147507","4.66638","9.11601","23.869","48.0153","0.179123","0.142079","-0.15975","0.14654","0.528857","0.876951","0.00118707","0.000653114","0.00330536","0.0000018357","0.019819","0.014235","0.0610125","91173.3","4773.7","29056.9","91.4025","3.96115","2443.1","1944.89","11322.8","22.5487","-2.52183","5.95022","26.6395","-70.6912","7.79256","295.349","160.159","1103.2","295.318","919.735","6.93528","0.754052","55.5429","1751.25","295.321","5.93"
"55_TRLGR_RR_V2_an1","55_TRLGR_RR_V2","7.55","29.66","201","809","0.03639","1","False","9.96",NULL,NULL,"10.45","267",NULL,NULL,"280","55","UNSTABLE","TRLGR","R","L","0.568003","0.220925","1.1446","3.3202","0.598632","4.29232","0.292295","0.308168","1.36608","0.49022","0.215501","0.957959","10.8482","5.79878","26.2614","8.23594","39.1726","0.908071","0.389568","5.41688","12.6474","17.6213","44.352","0.979179","0.481374","-0.0681748","0.16223","0.355767","0.501357","0.000865209","0.000678996","0.00222354","0.00000120962","0.0202487","0.0152728","0.0505428","104060","7555.86","27417.3","108.957","4.34487","8739.17","5759.46","21298.6","25.1722","-28.1511","6.32288","10.9894","-68.8313","2.55665","297.39","171.889","951.74","297.543","915.503","31.1288","3.40019","112.916","145.8","297.552","0.49"
"55_TRLGR_RR_V2_an2","55_TRLGR_RR_V2","7.55","29.66","201","809","0.03639","2","False","10.53","10.93","19.26","19.6","282","294","523","532","55","STABLE","TRLGR","R","L","0.270183","0.26079","2.55854","0.489009","0.541994","3.0674","0.143079","0.165684","1.45881","0.155882","0.139906","1.30104","11.0502","4.49799","19.5585","29.7218","29.3937","0.21589","0.117037","6.34945","6.20061","24.057","25.2673","0.160264","0.0907189","-0.0636573","0.189444","0.504714","0.891651","0.00105889","0.00066253","0.00315446","0.0000015602","0.0170866","0.0118483","0.0546821","94625.6","5639.99","29023.7","94.7685","6.69304","2465.86","2110.04","14116.6","52.9773","-10.5721","9.65673","34.4387","-65.2413","8.71577","300.333","163.114","1132.86","300.317","919.89","9.3401","1.01535","99.1831","2501.63","300.316","8.33"
"55_TRLGR_RR_V2_an3","55_TRLGR_RR_V2","7.55","29.66","201","809","0.03639","3","False","19.75","20.08","25.32","25.64","536","545","689","698","55","STABLE","TRLGR","R","L","0.288024","0.225845","1.49855","0.540552","0.487699","2.94094","0.148677","0.167199","1.35232","0.160535","0.113745","0.861133","6.68871","3.15459","16.0454","10.8491","28.3034","0.193872","0.0989149","3.86872","4.98346","11.5663","26.0157","0.138147","0.079906","-0.198493","0.0995629","0.431821","0.539885","0.00125703","0.000588341","0.00269888","0.00000192626","0.0195748","0.0132971","0.0580839","88089.6","2582.04","15098.1","90.4138","3.38121","2071.53","1533","7106.58","24.2249","-0.27018","4.99364","28.8387","-68.7921","7.22501","292.84","158.157","1030.26","292.873","919.405","9.18187","0.998676","58.5947","1534.62","292.866","5.24"
"55_TRLGR_RR_V2_an4","55_TRLGR_RR_V2","7.55","29.66","201","809","0.03639","4","True","25.99","26.38",NULL,"29.66","707","718",NULL,"808","55","STABLE","TRLGR","R","L","0.393672","0.273107","1.48713","1.75376","1.22539","5.64362","0.158156","0.135764","0.79263","0.301541","0.183087","1.07185","9.00976","5.34738","22.7039","33.7245","26.9629","0.392622","0.219446","9.62809","12.4583","34.6463","39.878","0.368305","0.168032","-0.190456","0.137605","0.502363","0.715055","0.00131188","0.000659961","0.00313977","0.00000215658","0.0193289","0.0156437","0.0853222","90585.4","4446.38","24922.3","92.0608","3.69379","2357.41","1844.39","9459.06","45.0607","13.5978","9.69283","27.5883","-73.8918","8.24811","295.395","160.976","1014.11","295.397","919.212","12.6127","1.37212","67.75","968.947","295.411","3.28"
"55_TRLGR_RR_V3_an1","55_TRLGR_RR_V3","7.62","29.58","205","807","0.03647","1","False","9.71","10.09","27.34","27.65","262","273","746","754","55","STABLE","TRLGR","R","L","0.240385","0.209232","1.71719","0.444054","0.37791","2.56901","0.127503","0.130139","1.14761","0.153948","0.122421","1.46866","13.1927","6.9405","39.3756","44.2821","49.8941","0.199313","0.112134","9.86287","7.88597","43.6463","53.149","0.179072","0.0962332","-0.124489","0.160871","0.486473","0.859029","0.00112033","0.00060095","0.00304046","0.00000161629","0.0168964","0.013228","0.0778613","91290.5","6301.32","33030.2","93.1341","5.59799","2419.26","2106.23","15936.2","52.4917","-4.72487","9.90016","40.4359","-51.6739","8.05176","292.652","159.286","1115.72","292.668","920.558","6.70244","0.728085","66.2241","5048.27","292.653","17.25"
"55_TRLGR_RR_V3_an2","55_TRLGR_RR_V3","7.62","29.58","205","807","0.03647","2","True","28.36","28.77","29.13","29.58","773","785","795","807","55","STABLE","TRLGR","R","L","0.320826","0.116518","0.588415","2.2165","0.552389","3.47709","0.151368","0.111107","0.611492","0.39277","0.214985","0.988388","6.87975","3.88503","15.6875","20.6097","16.4587","0.792299","0.260067","4.77331","6.55048","15.293","22.07","0.766786","0.0728192","-0.204073","0.0829192","0.385667","0.282364","0.00127546","0.000518245","0.00241042","0.00000189537","0.0148695","0.0107732","0.0365032","90929","1690.93","5977.72","96.7246","0.869142","1661.49","753.791","2592.12","11.307","2.64774","3.64008","5.09048","-42.0698","1.42123","301.862","175.462","993.589","302.328","916.234","16.0503","1.75176","60.7309","108.838","302.329","0.36"
"55_TRLGR_RR_V4_an1","55_TRLGR_RR_V4","7.68","30.05","204","818","0.03643","1","False","9.64","10.1","20.37","20.65","257","270","552","559","55","STABLE","TRLGR","R","L","0.253435","0.248738","2.08883","0.571867","0.646773","3.08429","0.176339","0.210207","1.57785","0.156999","0.130302","0.790274","11.5809","5.98287","39.6601","31.4561","49.0067","0.196437","0.149362","8.94234","9.58679","29.2903","54.5717","0.189452","0.138594","-0.086121","0.175139","0.606238","1.01755","0.000972692","0.000736055","0.00378898","0.00000148791","0.0180465","0.0135755","0.0719112","95386.1","7716.33","41697","95.9748","6.44224","2785.42","2713.31","23704.4","57.3967","-0.00715892","11.5283","36.0123","-65.9825","8.47043","299.465","165.204","1089.13","299.465","920.213","7.06872","0.768161","72.6328","3075.32","299.447","10.27"
"55_TRLGR_RR_V4_an2","55_TRLGR_RR_V4","7.68","30.05","204","818","0.03643","2","False","21.34","21.73","24.32","24.61","579","590","661","668","55","STABLE","TRLGR","R","L","0.297302","0.269504","1.52208","0.802576","0.714233","3.02158","0.166559","0.182722","1.10756","0.236555","0.198298","1.12184","6.96651","2.69485","18.5497","13.0479","24.6959","0.231762","0.12404","2.79848","5.24027","9.02633","21.506","0.135761","0.0815601","-0.194463","0.113191","0.450217","0.79138","0.00129144","0.000556619","0.00281385","0.00000197765","0.0174086","0.0140167","0.0704281","86649.3","4639.83","23124.8","88.9697","3.92239","2175.41","1918.17","9023.68","17.7507","-2.66553","4.66181","26.0425","-74.7144","6.59961","297.68","164.365","1009.57","297.608","919.197","8.87409","0.965418","46.3877","770.738","297.582","2.59"
"55_TRLGR_RR_V4_an3","55_TRLGR_RR_V4","7.68","30.05","204","818","0.03643","3","False","25.04","25.4","26.99","27.23","680","690","734","740","55","STABLE","TRLGR","R","L","0.271657","0.150322","0.820786","0.735526","0.342599","1.65197","0.128428","0.106637","0.715051","0.183719","0.100982","0.479067","9.60802","4.98475","25.2877","16.4036","34.3597","0.344238","0.121723","4.29811","8.54912","16.3943","29.785","0.293708","0.152751","-0.184466","0.106146","0.463045","0.50807","0.00116769","0.000637036","0.00289403","0.00000176931","0.0182677","0.013002","0.0608629","91577.1","1941.23","8525.5","97.2924","2.43735","1978.68","1399.61","6026.39","24.1843","12.2999","7.56059","24.8561","-75.5318","8.32377","303.715","168.273","1388.35","303.546","917.716","9.16895","0.999106","44.8618","482.645","303.55","1.59"
"55_TRLGR_RR_V4_an4","55_TRLGR_RR_V4","7.68","30.05","204","818","0.03643","4","True","27.72","28.07","30.36","30.73","754","764","827","836","55","STABLE","TRLGR","R","L","0.287664","0.213364","1.37211","0.514819","0.397419","1.89943","0.13881","0.149064","0.787084","0.14228","0.0909723","0.529124","9.70692","7.21439","40.9056","18.3035","48.286","0.331842","0.282182","5.53563","12.9326","22.3947","51.862","0.31932","0.279606","-0.213386","0.10938","0.463117","0.591166","0.00135867","0.000632462","0.00289448","0.00000224599","0.0201817","0.015013","0.0567065","89217.1","3722","15948.8","91.2932","3.5839","2441.27","1978.88","8883.04","22.3203","2.975","5.33923","26.9088","-71.403","7.49175","297.014","160.08","1231.33","297.092","918.771","7.82591","0.851781","43.6411","680.269","297.061","2.29"
"56_MNTRL_RR_V1_an1","56_MNTRL_RR_V1","7.83","30.05","202","810","0.03659","1","False","10.49","10.78","14.58","14.96","274","283","386","396","56","STABLE","MNTRL","L","R","0.685428","0.624316","3.55267","1.29599","1.06651","4.69784","0.25478","0.230218","1.40617","0.277306","0.249861","1.81389","22.2615","7.18473","35.2843","59.4165","38.0892","0.482043","0.341544","14.7104","10.432","49.811","37.0327","0.439755","0.383144","0.0432461","0.141411","0.365093","0.680345","0.000722726","0.000576076","0.00228183","0.000000854196","0.0170177","0.0132263","0.0622934","99237.8","5630.57","28757.7","97.9656","7.92658","2754.49","2815.53","14187","168.399","-6.05421","38.9713","73.171","78.1591","16.8617","461.513","356.298","3213.91","461.69","768.751","46.5405","6.05404","402.228","1753.91","461.556","3.8"
"56_MNTRL_RR_V1_an2","56_MNTRL_RR_V1","7.83","30.05","202","810","0.03659","2","False","18.39","18.7","22.15","22.28","490","499","593","597","56","STABLE","MNTRL","L","R","0.437763","0.383823","2.11174","0.965273","0.982422","5.91855","0.164546","0.11534","0.694079","0.194003","0.149788","1.2073","23.934","21.6226","125.62","54.1801","146.044","0.632362","0.685138","12.6805","34.6516","52.4073","169.888","0.678488","0.76462","-0.117764","0.175337","0.475233","0.883467","0.00113864","0.000667925","0.0029702","0.00000174263","0.0195136","0.0133559","0.0669534","91934.5","5540.64","26509.8","91.7668","3.08187","2567.43","2061.35","8674.5","61.037","-37.7595","15.2416","41.044","55.4934","9.88469","370.433","205.916","1281.09","370.449","768.499","18.6424","2.42582","125.429","1277.98","370.429","3.45"
"56_MNTRL_RR_V1_an3","56_MNTRL_RR_V1","7.83","30.05","202","810","0.03659","3","True","26.39","26.61",NULL,"30.05","709","715",NULL,"809","56","STABLE","MNTRL","L","R","0.29718","0.248555","1.47186","0.640715","0.952313","5.77479","0.16309","0.153429","1.10815","0.163246","0.141658","1.15904","9.56049","7.63286","45.1701","23.0159","53.8695","0.267054","0.28698","4.53614","11.1555","14.5407","54.829","0.239618","0.218227","-0.106855","0.147404","0.474416","0.888267","0.000967926","0.000598228","0.0029651","0.00000129476","0.0175648","0.0141222","0.0596601","91807.7","6977.22","35309.6","92.2341","3.54619","2759.07","2616.05","15253.9","37.9696","-38.6372","9.04028","24.9437","54.1524","6.58165","362.082","200.024","1305.31","362.207","770.307","11.5587","1.50053","66.8344","1245.83","362.159","3.44"
"56_MNTRL_RR_V2_an1","56_MNTRL_RR_V2","7.6","30.25","204","828","0.0363","1","False","10.27","10.57","14.29","14.65","277","286","388","398","56","STABLE","MNTRL","L","R","0.350675","0.241754","1.7071","0.609801","0.732703","4.70294","0.193277","0.194921","1.83434","0.207421","0.240887","1.93333","10.9729","7.61201","39.4625","7.89733","57.3937","0.275548","0.212567","6.41807","14.5628","25.2577","61.2657","0.279684","0.167371","0.0515425","0.144739","0.395617","0.731299","0.000737163","0.000615388","0.0024726","0.000000922111","0.0159513","0.0134503","0.0724672","100316","5319.62","26354.1","99.6435","9.82315","2755.82","3126.68","22656.4","41.5243","-42.8421","7.46049","43.1412","42.8437","12.8535","367.049","199.216","1316.9","367.138","768.93","16.3423","2.12533","93.6909","1365.67","367.115","3.72"
"56_MNTRL_RR_V2_an2","56_MNTRL_RR_V2","7.6","30.25","204","828","0.0363","2","False","18.23","18.54","22.5","22.75","496","505","614","621","56","STABLE","MNTRL","L","R","0.298695","0.238144","1.82546","0.493806","0.60693","4.27134","0.153287","0.162741","1.39122","0.140139","0.115368","0.85873","8.88373","5.6759","35.2429","16.4121","47.1498","0.290897","0.307069","6.42684","9.67774","19.562","49.0627","0.290071","0.265371","-0.138078","0.157762","0.427599","0.804235","0.00115501","0.00061881","0.00267249","0.00000171697","0.0173289","0.0130613","0.0553401","89497.4","4566.8","21364.9","90.4783","3.39589","2513.94","1860.34","9057.03","37.4244","-27.9411","8.34963","33.7686","41.7691","10.3292","365.911","199.326","1218.41","365.927","769.667","11.8369","1.53793","74.769","1448.95","365.897","3.96"
"56_MNTRL_RR_V2_an3","56_MNTRL_RR_V2","7.6","30.25","204","828","0.0363","3","True","26.2","26.47",NULL,"30.25","716","724",NULL,"827","56","STABLE","MNTRL","L","R","0.49792","0.463369","2.46236","0.969286","1.01487","5.06914","0.222631","0.212793","1.39041","0.229876","0.257891","1.85779","11.5111","6.28222","44.1519","25.1266","53.9533","0.428497","0.337263","10.3853","12.3555","36.4857","63.5227","0.375579","0.301615","-0.141245","0.180495","0.590096","1.02181","0.00127732","0.000648338","0.0036881","0.00000205189","0.0182273","0.012154","0.0508342","90969","5603.11","31386.1","91.5455","3.03325","2319.98","2178.84","11747.2","120.672","-24.1195","21.5209","41.0539","44.2472","9.36427","386.651","253.163","3493.31","386.671","770.767","42.9191","5.56836","463.264","1461.39","386.611","3.78"
"56_MNTRL_RR_V3_an1","56_MNTRL_RR_V3","7.58","29.93","203","815","0.03649","1","False","10.17","10.44","12.84","13.01","273","281","347","351","56","STABLE","MNTRL","L","R","0.768436","0.463685","2.58533","1.64909","1.04899","4.71302","0.252162","0.174127","1.34999","0.332741","0.220131","1.60741","33.1278","19.2796","114.974","55.7366","139.597","0.939938","0.714662","16.2076","37.6828","48.1673","163.346","0.995414","0.781831","0.0574976","0.161437","0.486627","0.658789","0.000832077","0.000674408","0.00304142","0.00000114718","0.0150014","0.0130213","0.0531674","100391","5217.57","20781.1","99.492","5.55906","3198.41","3311.09","18898.2","163.224","-0.998353","44.5902","37.4209","29.8827","11.6619","456.659","321.255","2681.74","456.897","768.008","36.3217","4.72934","252.079","1096.12","456.715","2.4"
"56_MNTRL_RR_V3_an2","56_MNTRL_RR_V3","7.58","29.93","203","815","0.03649","2","False","13.88","14.15","14.69","15","375","383","398","406","56","STABLE","MNTRL","L","R","0.662726","0.390985","2.58152","1.80826","0.998391","4.48353","0.237917","0.207686","1.37917","0.361242","0.164728","0.731105","17.6181","10.4428","43.4348","13.5002","68.6208","1.37175","0.525247","6.37688","21.3791","21.719","74.1953","1.43682","0.503194","-0.208296","0.0869967","0.353317","0.381229","0.00132365","0.000488253","0.00220823","0.00000199045","0.0191581","0.0133677","0.0485216","88228.5","3020.11","9231.46","91.8068","5.21001","2336.92","1513.59","5319.55","23.6535","-32.8129","6.1602","23.2147","6.73738","7.24469","393.398","219.275","1271.42","393.82","755.679","29.5375","3.90873","116.884","212.668","393.829","0.54"
"56_MNTRL_RR_V3_an3","56_MNTRL_RR_V3","7.58","29.93","203","815","0.03649","3","False","18.22","18.49","22.51","22.85","494","502","612","621","56","STABLE","MNTRL","L","R","0.38918","0.310106","1.84622","0.651241","0.760856","4.98791","0.211144","0.193379","1.10972","0.236179","0.263672","1.73252","9.65432","8.01836","45.1502","30.3173","56.8849","0.33107","0.311398","8.22795","10.2766","28.111","56.1863","0.317249","0.270997","-0.158512","0.251954","0.909571","1.35098","0.00145266","0.00116232","0.00568482","0.00000346121","0.0194575","0.0173918","0.117166","95743.3","7983.07","39895.4","92.6146","3.57777","3299.16","3056.46","19232.9","54.0031","-34.1725","12.7829","36.5455","12.922","9.91127","370.549","203.449","1540.92","370.67","769.169","14.259","1.85382","80.8725","1489.88","370.617","4.02"
"56_MNTRL_RR_V3_an4","56_MNTRL_RR_V3","7.58","29.93","203","815","0.03649","4","True","26.16","26.44",NULL,"29.93","712","720",NULL,"815","56","STABLE","MNTRL","L","R","0.377446","0.262904","1.57965","0.692204","0.90678","5.82381","0.186965","0.158167","1.00665","0.178194","0.202658","1.3277","7.32044","6.04087","42.3766","17.2218","47.2172","0.293879","0.32797","3.2101","9.11616","11.257","53.169","0.248172","0.286629","-0.160445","0.146397","0.448497","0.877455","0.00121482","0.000605774","0.00280311","0.00000184276","0.019613","0.0140983","0.054812","89720.8","4637.78","26907.5","91.2128","2.65375","2262.36","1749.26","8771.47","54.739","-14.808","9.96373","32.5796","20.8368","8.69656","367.76","198.197","1228.17","367.806","769.889","13.6336","1.77085","76.2949","1283.45","367.749","3.49"
"56_MNTRL_RR_V4_an1","56_MNTRL_RR_V4","7.73","30.65","200","827","0.03655","1","False","10.52","10.79","14.56","14.75","276","284","387","392","56","STABLE","MNTRL","L","R","0.394226","0.264827","1.82363","0.668472","0.821823","5.14967","0.196963","0.211346","1.87166","0.155787","0.137039","0.856262","14.9916","12.015","71.6986","19.9564","88.5789","0.417046","0.413732","5.62072","20.4059","23.2087","98.5633","0.396879","0.416478","0.00464675","0.16415","0.392455","0.728441","0.000851527","0.000572972","0.00245284","0.0000010534","0.0159057","0.0114527","0.0502726","97541.5","6467.1","29442.9","95.9458","7.15432","2890.47","2951.38","18888.3","64.8184","-39.0278","10.4241","38.8189","21.5933","9.39639","359.011","198.395","1321.43","359.052","768.97","19.5143","2.53772","116.579","1353.52","359.024","3.77"
"56_MNTRL_RR_V4_an2","56_MNTRL_RR_V4","7.73","30.65","200","827","0.03655","2","False","18.43","18.71","22.66","23.05","492","500","608","619","56","STABLE","MNTRL","L","R","0.385758","0.329249","1.88393","0.620161","0.760569","4.28858","0.206949","0.245546","1.73417","0.176729","0.151621","0.803017","9.17177","7.40731","47.2855","18.8312","57.7961","0.311786","0.309301","4.37153","12.0512","19.2323","61.3337","0.293025","0.262739","-0.14148","0.179145","0.534199","0.91637","0.00126665","0.0006566","0.00333874","0.00000203553","0.0216061","0.0141886","0.0546199","90397.5","5368.66","27182.7","90.5554","2.7203","2188.19","1908.42","10978.4","30.3381","-37.2602","6.96182","29.8664","14.7899","8.2849","358.722","195.24","1311.07","358.736","769.444","11.3458","1.47454","72.3276","1416.97","358.726","3.95"
"56_MNTRL_RR_V4_an3","56_MNTRL_RR_V4","7.73","30.65","200","827","0.03655","3","True","26.43","26.74","30.23","30.46","711","720","810","821","56","STABLE","MNTRL","L","R","0.594962","0.658455","3.56488","1.30916","1.50402","7.61452","0.250957","0.399511","3.06717","0.250299","0.227234","1.32385","31.7422","33.2343","198.57","15.0608","228.482","0.86097","1.25874","7.02602","51.8116","29.4853","258.189","0.927106","1.35611","-0.144965","0.148687","0.489224","0.823206","0.00117698","0.000546996","0.00305765","0.00000168448","0.0193237","0.0132978","0.064943","90095.2","3968.75","18935.6","92.6001","3.35969","1706.86","1341.19","6336.58","65.7326","-30.9171","11.169","30.779","22.3304","6.70178","364.128","205.184","1613.35","364.251","766.078","34.3263","4.48079","315.862","1271.05","364.197","3.49"
"56_MNTRR_RR_V1_an1","56_MNTRR_RR_V1","8.03","28.9","212","785","0.03644","1","False","10.4","10.65","14.48","14.71","277","284","389","395","56","STABLE","MNTRR","R","L","0.650749","0.555205","2.8213","1.35546","1.1172","6.00152","0.25558","0.209629","1.52529","0.270557","0.203538","2.19846","21.2319","14.522","82.275","26.0793","103.988","0.584962","0.425774","12.4181","24.3687","45.1073","104.672","0.511927","0.36689","0.0203114","0.154193","0.366101","0.67962","0.000794343","0.000560231","0.00228813","0.00000094484","0.0161285","0.013291","0.0622199","99536.1","4171.28","20258.1","98.9135","7.09541","3726.28","3618.32","19528","161.441","-79.5982","30.3789","88.209","-64.972","23.9465","429.915","293.958","2429.53","429.935","773.486","40.2653","5.20569","290.532","1646.45","429.882","3.83"
"56_MNTRR_RR_V1_an2","56_MNTRR_RR_V1","8.03","28.9","212","785","0.03644","2","False","18.24","18.54","22.66","22.94","492","500","613","621","56","STABLE","MNTRR","R","L","0.434871","0.484865","3.16703","1.51087","1.60805","7.02","0.197728","0.252959","1.95056","0.255976","0.234951","1.90494","12.7344","7.94985","41.4669","41.1504","39.6795","0.405085","0.366046","10.0936","11.0072","34.5963","55.9727","0.366202","0.320226","-0.152693","0.120208","0.480433","0.683988","0.00106141","0.000590429","0.00300271","0.0000014752","0.0200866","0.0143336","0.0653089","90399","5398.86","26324.4","90.8716","3.627","2527.07","1793.72","9900.33","112.671","-78.1622","22.0266","48.3655","-82.8874","11.7141","388.895","244.054","2382.1","388.962","773.534","28.4671","3.68013","306.705","1602.29","388.905","4.12"
"56_MNTRR_RR_V1_an3","56_MNTRR_RR_V1","8.03","28.9","212","785","0.03644","3","True","26.3","26.58","28.77","28.9","713","721","781","784","56","STABLE","MNTRR","R","L","1.15531","0.719355","3.29979","2.42785","1.39375","5.95723","0.426835","0.296242","1.85854","0.482186","0.338293","2.08813","34.4624","20.2272","115.689","102.795","110.189","1.1099","0.798262","50.446","29.0372","157.555","131.036","1.21909","0.892859","-0.170674","0.122201","0.506277","0.575944","0.00111117","0.000697501","0.00316423","0.00000172121","0.0205376","0.0150999","0.0651644","89522.4","3198.17","18806.3","90.0924","3.6963","2563.27","2152.29","11176.4","173.179","-121.273","47.4033","90.2664","-87.0816","21.9713","485.657","354.054","2775.33","485.74","772.713","53.6625","6.94468","329.9","1063.66","485.688","2.19"
"56_MNTRR_RR_V2_an1","56_MNTRR_RR_V2","8.14","29.7","217","809","0.03642","1","False","9.97","10.22","14.39","14.71","267","274","389","397","56","STABLE","MNTRR","R","L","0.387465","0.24288","1.24772","1.10169","1.00893","5.98985","0.166816","0.10392","0.635377","0.269116","0.232533","1.54114","9.13625","5.9906","39.4123","19.1688","53.6178","0.341789","0.360682","7.31936","8.94605","29.598","55.6623","0.352033","0.309908","-0.0093731","0.185232","0.470409","0.838081","0.000960375","0.000649143","0.00294006","0.00000134371","0.016952","0.0130401","0.0547086","103670","5197.79","23453.2","104.204","8.17569","4745","4329.56","19235.1","84.9907","-69.2664","15.1686","60.4826","-36.9554","13.4153","373.222","210.19","1842.37","373.239","774.815","13.2102","1.70495","93.9951","1556.43","373.244","4.17"
"56_MNTRR_RR_V2_an2","56_MNTRR_RR_V2","8.14","29.7","217","809","0.03642","2","False","18.45","18.65","21.85","22.02","500","506","593","597","56","STABLE","MNTRR","R","L","1.37267","0.9686","4.61761","2.08106","1.08828","5.2007","0.385188","0.311213","1.80763","0.414879","0.263704","1.8333","45.3292","29.5638","156.478","106.832","182.341","1.05655","0.722777","48.9829","51.5839","159.321","215.051","1.0313","0.766006","-0.181879","0.0997573","0.385883","0.439792","0.00114546","0.000607327","0.00241177","0.00000168092","0.0179751","0.0127177","0.0549103","87090.3","2933.39","15559.5","88.9851","3.8283","2394.03","1890.14","8636.96","196.076","-105.209","53.3249","122.138","-65.6153","39.2015","534.289","410.821","3064.61","534.117","775.447","80.0199","10.3192","419.622","1709.65","534.266","3.2"
"56_MNTRR_RR_V2_an3","56_MNTRR_RR_V2","8.14","29.7","217","809","0.03642","3","True","26.1","26.33",NULL,"29.7","710","716",NULL,"808","56","STABLE","MNTRR","R","L","0.668146","0.694167","3.96769","1.41391","1.37812","6.83637","0.235542","0.237778","1.87318","0.337247","0.350872","2.17877","18.8927","13.1617","75.3024","42.1484","96.6709","0.540604","0.430237","16.6097","24.3533","53.404","116.438","0.566086","0.446523","-0.236822","0.142983","0.6394","0.760175","0.0015201","0.000823839","0.00399625","0.0000029894","0.0207217","0.015007","0.0667699","91687.9","6439.59","37782.2","90.7127","4.56219","3815.64","3060.2","15253.3","145.208","-125.051","28.0773","87.5616","-97.4731","21.9464","429.111","273.744","2190.97","429.069","774.699","24.3207","3.13937","177.31","1446.23","429.15","3.37"
"56_MNTRR_RR_V3_an1","56_MNTRR_RR_V3","7.9","29.47","210","800","0.03661","1","False","10.36","10.67","14.47","14.74","277","286","389","396","56","STABLE","MNTRR","R","L","0.456634","0.41242","2.75709","1.32568","1.29225","6.45714","0.18853","0.203265","1.72644","0.234776","0.17558","0.998469","18.6746","8.72516","59.1951","29.4024","83.0769","0.52008","0.387487","7.03787","18.6302","23.531","87.894","0.490185","0.326043","0.0195593","0.137038","0.423624","0.825876","0.000674563","0.000541742","0.00264765","0.000000748519","0.0152584","0.0118889","0.0462427","100160","5647.6","26731.9","99.7129","8.57008","3817.31","3583.54","16471.5","150.554","-36.0571","25.1409","78.6756","-48.6609","18.9174","393.095","242.101","2239.35","393.054","773.942","29.3248","3.78901","230.412","1493.84","393.117","3.8"
"56_MNTRR_RR_V3_an2","56_MNTRR_RR_V3","7.9","29.47","210","800","0.03661","2","False","18.18","18.44","21.87","21.99","490","498","592","594","56","STABLE","MNTRR","R","L","0.787235","0.735545","4.48961","1.62822","1.19593","6.38236","0.25165","0.197198","1.21273","0.31148","0.222182","1.35593","24.0242","19.106","120.347","33.8419","140.432","0.843532","0.728215","13.9115","35.106","59.9047","165.165","0.80159","0.769344","-0.179925","0.120958","0.725334","0.809343","0.00116101","0.000698677","0.00453334","0.00000183609","0.0202162","0.0153212","0.0758459","87593.3","3338.34","22683.2","89.5422","3.06721","2079.15","1826.56","8554.29","167.002","-29.2826","31.4351","50.9897","-71.2138","15.4759","432.494","295.85","2398.6","432.463","772.54","63.4787","8.21687","515.144","1483.5","432.508","3.43"
"56_MNTRR_RR_V3_an3","56_MNTRR_RR_V3","7.9","29.47","210","800","0.03661","3","True","26.79","26.94",NULL,"29.47","726","730",NULL,"799","56","STABLE","MNTRR","R","L","1.39869","1.18361","4.66015","2.38376","1.24965","7.04648","0.415426","0.30366","1.93643","0.455454","0.281501","2.21215","30.1291","14.2428","73.9896","34.9957","105.444","0.763201","0.454904","6.10211","34.6256","25.3603","116.17","0.637364","0.427828","-0.193709","0.132323","0.410327","0.774166","0.00133731","0.000601103","0.00256454","0.00000214971","0.0191222","0.0168436","0.0894309","89056.9","4057.32","23583.2","88.9287","3.52701","2621.01","1950.88","8953.56","170.824","-35.0781","47.9837","140.012","-84.1336","41.0626","589.987","450.488","3601.79","589.898","773.376","77.5853","10.032","531.625","1493.01","590.124","2.53"
"56_MNTRR_RR_V4_an1","56_MNTRR_RR_V4","7.54","29.47","203","803","0.03647","1","False","10.08","10.3","14.09","14.71","272","279","383","399","56","STABLE","MNTRR","R","L","0.542561","0.489307","3.03201","1.13948","1.31796","6.62629","0.192851","0.153742","1.0213","0.214255","0.155537","0.885301","16.2688","10.2806","58.3649","46.0628","76.8193","0.501488","0.453257","13.157","18.2342","43.9117","85.8293","0.470979","0.335168","0.00158644","0.113849","0.348525","0.642778","0.000566102","0.00043121","0.00217828","0.000000506414","0.0147385","0.00986327","0.0387433","98538.5","5020.19","22994.4","99.9357","6.29728","3412","3201.78","18625.7","115.756","-67.1041","22.8693","67.1572","-26.319","13.8884","383.427","226.191","1693.48","383.42","773.552","31.1948","4.03266","235.905","1453","383.376","3.79"
"56_MNTRR_RR_V4_an2","56_MNTRR_RR_V4","7.54","29.47","203","803","0.03647","2","False","18.21",NULL,NULL,"18.78","495",NULL,NULL,"511","56","UNSTABLE","MNTRR","R","L","0.70429","0.39579","1.53628","5.36966","1.09616","6.83557","0.174125","0.0901522","0.44519","0.436609","0.184082","0.96892","18.6891","10.4518","47.9811","3.17689","66.0877","1.46323","0.63342","4.00348","21.222","14.34","71.5633","1.34279","0.950349","-0.188941","0.101875","0.404636","0.370976","0.00118088","0.000636719","0.00252897","0.00000179989","0.0194522","0.0106502","0.0379448","85990.7","2468.63","8224.33","87.1303","3.95262","2158.78","1281.16","5873.04","24.0697","-40.9556","6.92915","13.6799","-43.9814","3.79404","346.149","199.764","1180.42","345.724","763.894","32.9869","4.31826","117.8","197.054","345.708","0.57"
"56_MNTRR_RR_V4_an3","56_MNTRR_RR_V4","7.54","29.47","203","803","0.03647","3","False","19.12",NULL,NULL,"19.32","520",NULL,NULL,"526","56","UNSTABLE","MNTRR","R","L","0.419489","0.156746","0.677492","3.53668","1.24565","6.47309","0.223787","0.10022","0.3895","0.702981","0.237582","1.17473","2.88628","1.41345","5.40923","4.11917","8.70089","0.607386","0.0840151","0.711046","3.56148","2.151","11.3463","0.580326","0.272911","-0.136709","0.0484302","0.24554","0.152786","0.000854432","0.000302689","0.00153462","0.000000821674","0.00555498","0.00536179","0.0164753","87540.1","2049.87","6040.92","91.1648","2.26525","3674.7","649.932","4545.58","11.2806","-61.9722","3.90249","3.60294","-36.8516","0.987427","346.274","205.444","1021.44","346.816","740.376","19.7468","2.66713","61.9516","69.3753","346.877","0.2"
"56_MNTRR_RR_V4_an4","56_MNTRR_RR_V4","7.54","29.47","203","803","0.03647","4","False","19.51","19.71","22.73","22.94","531","537","620","625","56","STABLE","MNTRR","R","L","0.727895","0.77651","4.74109","1.53782","1.43255","7.1356","0.253904","0.20106","1.33109","0.303789","0.237473","1.74918","26.6995","12.1822","77.1442","39.3891","99.4254","0.578965","0.500448","10.4258","27.4634","49.211","102.738","0.495104","0.372044","-0.154042","0.141836","0.557309","0.967844","0.00115649","0.000612599","0.00348318","0.00000171275","0.0184335","0.0154849","0.0706742","91176.7","6211.84","32361.3","90.8781","4.45705","2541.35","2086.62","8683.34","135.385","-63.2439","24.9722","119.851","-47.834","31.3768","418.903","330.791","4735.24","418.958","772.072","58.0603","7.52006","536.508","1265.18","418.934","3.02"
"56_MNTRR_RR_V4_an5","56_MNTRR_RR_V4","7.54","29.47","203","803","0.03647","5","True","26.07","26.3","29.29","29.45","711","717","799","803","56","STABLE","MNTRR","R","L","0.858983","0.707254","3.85277","1.88958","1.75993","10.4509","0.268433","0.25947","2.2121","0.352204","0.304506","1.73015","36.4641","34.0481","197.966","58.1057","234.889","1.13288","1.23287","13.5745","58.586","66.5973","266.248","1.16442","1.28626","-0.211126","0.183541","0.786188","1.12676","0.00140436","0.00104157","0.00491367","0.00000305709","0.0193701","0.0165909","0.0807116","91681.3","6890.21","36420.2","89.71","4.15026","3278.76","2585.01","10415.5","148.974","-103.808","30.1931","72.0129","-53.717","19.6741","432.782","277.148","2313.05","432.862","771.327","39.8137","5.16171","273.746","1294.18","432.836","2.99"
"56_TRLGL_RR_V1_an1","56_TRLGL_RR_V1","7.82","15.64","206","420","0.03649","1","True","9.98","10.55",NULL,"15.64","265","281",NULL,"420","56","STABLE","TRLGL","L","R","0.774656","0.807047","4.89044","1.60869","1.36244","6.29676","0.330151","0.33342","2.25804","0.339511","0.275616","2.0558","26.2639","15.1604","79.6719","46.6108","108.377","0.516834","0.394699","10.698","26.6996","50.4967","93.6047","0.44372","0.277029","0.0125067","0.150988","0.398747","0.697962","0.000769528","0.000551781","0.00249217","0.000000896636","0.0166754","0.0136934","0.0578144","97768.5","6117.75","28198.4","96.9712","7.37865","3053.45","3549.71","22090.8","183.138","-8.70989","37.6878","100.85","41.3084","27.8296","451.469","345.292","5100.15","451.596","767.821","77.2766","10.0644","707.409","2298.16","451.505","5.09"
"56_TRLGL_RR_V2_an1","56_TRLGL_RR_V2","7.62","30.36","204","826","0.03656","1","False","10.04","10.6","16.2","16.56","270","286","439","448","56","STABLE","TRLGL","L","R","0.596204","0.528752","2.96964","1.03551","1.05413","4.80935","0.290061","0.297379","1.95622","0.254963","0.241232","1.71471","13.792","6.07674","33.578","33.0606","47.2938","0.348609","0.274518","11.923","12.1707","47.718","41.4533","0.252579","0.152102","-0.0130046","0.187276","0.524146","0.966274","0.000991379","0.000627527","0.00327592","0.00000137662","0.0177234","0.0149828","0.0710944","95052.6","6275.78","30696.2","94.2948","7.33661","2462.99","2455.29","12492.9","172.011","-17.6382","28.0389","48.6706","31.9503","12.318","411.04","273.598","2181.82","410.981","770.755","39.5101","5.12615","337.224","2301.78","411.031","5.6"
"56_TRLGL_RR_V2_an2","56_TRLGL_RR_V2","7.62","30.36","204","826","0.03656","2","False","16.93","17.39","20.73","21.03","458","471","563","570","56","STABLE","TRLGL","L","R","0.503924","0.441083","2.47566","1.33052","1.05082","4.00432","0.202964","0.183804","2.21977","0.296244","0.250705","1.41433","11.4342","4.82197","21.373","36.3725","21.7006","0.340726","0.243272","8.966","4.85669","29.1683","20.747","0.276864","0.163873","-0.231307","0.125353","0.624159","0.648984","0.001449","0.000777265","0.00390099","0.00000270376","0.0188563","0.0118842","0.0566961","89119.8","4261.74","19570","89.8109","3.49586","2245.49","1708.3","7190.75","118.638","1.22218","25.5626","29.9175","63.4992","6.95111","394.07","229.346","2271.55","394.023","769.255","33.4525","4.34868","298.467","1316.14","394.054","3.34"
"56_TRLGL_RR_V2_an3","56_TRLGL_RR_V2","7.62","30.36","204","826","0.03656","3","False","21.43","21.82","23.51","23.82","581","592","639","647","56","STABLE","TRLGL","L","R","0.759578","0.837454","3.78724","1.36161","1.15871","5.34706","0.265889","0.220734","1.26413","0.378589","0.284236","2.0444","13.1409","2.56235","20.7648","28.9133","26.4923","0.537983","0.337042","8.55896","9.39498","23.6523","45.4137","0.527544","0.454947","-0.184312","0.0957828","0.405923","0.440396","0.00117335","0.000555531","0.00253702","0.00000168536","0.0161033","0.00970902","0.0433604","90431.1","2865.88","14016.3","90.7745","2.34173","2431.3","1926.74","7917.51","158.183","20.9014","35.7644","26.3136","67.3058","6.03582","458.04","301.496","2394.42","458.036","771.391","54.0645","7.0087","317.693","774.199","458.106","1.69"
"56_TRLGL_RR_V2_an4","56_TRLGL_RR_V2","7.62","30.36","204","826","0.03656","4","False","24.44",NULL,NULL,"24.81","664",NULL,NULL,"674","56","UNSTABLE","TRLGL","L","R","0.543403","0.383811","1.51138","5.42946","2.38063","9.13304","0.217266","0.130918","0.522774","0.598777","0.241385","1.18689","5.26855","2.00421","9.54462","7.59544","10.9893","0.865043","0.222305","2.17122","3.83467","5.91667","12.6","0.410884","0.327947","-0.299903","0.0852815","0.441763","0.27895","0.00187439","0.000533009","0.00276102","0.00000379745","0.0135207","0.00899089","0.0341398","95171.4","1471.68","5089.26","91.998","2.59064","1430.27","1390.69","4300.98","35.2824","9.07049","9.05013","6.95463","74.7312","2.23544","391.497","224.99","1654.92","391.755","749.519","60.6617","8.09341","208.439","144.941","391.732","0.37"
"56_TRLGL_RR_V2_an5","56_TRLGL_RR_V2","7.62","30.36","204","826","0.03656","5","False","25.04",NULL,NULL,"25.38","680",NULL,NULL,"689","56","UNSTABLE","TRLGL","L","R","0.431524","0.30218","1.23379","5.41405","2.21098","9.11863","0.194275","0.11561","0.41114","0.623147","0.221913","1.11246","4.41067","1.75973","8.89402","8.15","5.60644","0.770318","0.248384","1.58914","1.76243","5.03733","5.96033","0.347874","0.0992987","-0.133469","0.0704483","0.26214","0.21707","0.000834182","0.000440302","0.00163838","0.000000889725","0.0125597","0.00826684","0.0303028","91533.4","1324.53","3745.06","94.9041","2.38486","918.007","920.852","2992.34","28.6704","17.7558","9.95215","8.85724","77.7744","2.13388","392.518","229.386","1291.16","392.93","750.949","52.998","7.05746","162.05","133.616","392.987","0.34"
"56_TRLGL_RR_V2_an6","56_TRLGL_RR_V2","7.62","30.36","204","826","0.03656","6","True","25.7","26.01",NULL,"30.36","698","707",NULL,"825","56","STABLE","TRLGL","L","R","0.413981","0.559889","3.20383","0.881305","1.1037","4.70046","0.181888","0.196835","1.49929","0.241105","0.282509","1.82093","14.6875","6.52691","41.4551","34.1294","52.5518","0.342315","0.26983","11.8636","8.76612","50.9077","37.8087","0.279392","0.203098","-0.176665","0.174204","0.593464","0.954922","0.00132921","0.000798607","0.00370915","0.00000240459","0.0187613","0.0135985","0.0602","91892.9","5716.77","34977","91.3985","3.48164","2821.49","2399.76","11672.7","177.767","4.24223","29.7755","73.0413","79.2951","13.704","418.792","328.106","4239.62","418.732","768.868","38.6262","5.02378","406.805","1821.71","418.784","4.35"
"56_TRLGL_RR_V3_an1","56_TRLGL_RR_V3","7.63","29.12","204","796","0.03661","1","False","10.14","10.82","22.1","22.42","272","291","599","607","56","STABLE","TRLGL","L","R","0.605735","0.509467","3.48973","1.31009","1.22612","6.58611","0.252336","0.239552","1.92788","0.276612","0.237655","2.36144","28.8597","10.4308","59.6459","49.1212","97.4079","0.419183","0.297026","9.12068","24.5172","41.506","86.7137","0.322692","0.23","-0.130813","0.165127","0.534776","0.924851","0.00112809","0.00067895","0.00334235","0.00000173355","0.0176253","0.0126612","0.0567961","92229.1","6178.71","30753.5","92.9155","5.85906","2566.57","1961.58","12466","172.258","-11.2074","28.756","91.0937","51.6845","27.3501","409.092","256.659","2296.34","409.13","770.343","41.2549","5.35539","394.293","4614.65","409.1","11.28"
"56_TRLGL_RR_V3_an2","56_TRLGL_RR_V3","7.63","29.12","204","796","0.03661","2","False","22.94",NULL,NULL,"23.42","622",NULL,NULL,"635","56","UNSTABLE","TRLGL","L","R","0.421885","0.278245","1.16828","6.57092","2.09992","9.44478","0.191161","0.152447","0.799638","0.569087","0.232716","1.11604","8.80902","3.97645","21.0507","10.7026","22.9849","0.944489","0.338012","3.86112","6.03181","12.9477","20.8227","0.590768","0.477088","-0.217648","0.135937","0.465296","0.490383","0.0013827","0.000812641","0.0029081","0.00000257225","0.0201076","0.00913422","0.0346984","89654.3","1798.37","6866.21","90.1181","3.02119","2428.76","1142.38","4043.38","26.5958","5.69699","8.33262","10.4562","82.4399","3.14716","386.698","224.723","1330.67","386.889","757.125","40.8952","5.40138","132.448","185.731","386.94","0.48"
"56_TRLGL_RR_V3_an3","56_TRLGL_RR_V3","7.63","29.12","204","796","0.03661","3","False","23.7",NULL,NULL,"24.78","642",NULL,NULL,"672","56","UNSTABLE","TRLGL","L","R","0.290107","0.229767","1.55439","4.33916","1.9106","7.38225","0.160769","0.216881","1.86461","0.515346","0.233873","1.3594","9.9973","5.23033","23.8999","27.206","9.89972","0.67621","0.242124","6.73391","2.33659","22.5087","10.5457","0.273167","0.131557","-0.18162","0.096887","0.402973","0.408392","0.00113731","0.00060143","0.00251858","0.0000016552","0.0202028","0.0142235","0.0697199","88757.5","2407.77","11171.2","90.4703","2.95825","2216.62","1618.86","5625.43","74.0228","-7.86022","17.6597","8.78519","86.8837","1.83127","387.236","213.508","1302.5","387.033","763.952","34.1033","4.46406","152.59","417.966","387.005","1.08"
"56_TRLGL_RR_V3_an4","56_TRLGL_RR_V3","7.63","29.12","204","796","0.03661","4","True","24.96",NULL,NULL,"29.12","677",NULL,NULL,"790","56","UNSTABLE","TRLGL","L","R","0.827124","0.702427","3.7149","1.88686","1.70139","8.82041","0.308959","0.274066","2.04563","0.365426","0.277008","1.75514","22.2269","10.9014","52.6642","30.5619","80.7134","0.560993","0.321907","9.70136","26.6813","37.055","88.043","0.477739","0.284958","-0.160206","0.113128","0.497932","0.621363","0.00103916","0.000650115","0.00311207","0.0000015025","0.0206223","0.0155091","0.0718399","88593.7","3476.95","14977","90.717","3.20225","2469.13","1885.3","10636.5","174.215","7.4191","41.0777","88.5256","90.2515","23.7442","469.223","315.253","2205.08","469.253","768.917","53.5818","6.96847","363.165","1951.84","469.192","4.16"
"56_TRLGL_RR_V4_an1","56_TRLGL_RR_V4","7.63","28.82","202","780","0.03665","1","False","10.33","10.73","12.29","12.61","275","287","329","337","56","STABLE","TRLGL","L","R","1.20893","1.30105","5.70914","1.04761","0.672997","2.63344","0.317491","0.241184","1.3674","0.278647","0.195265","0.975591","10.3513","6.02492","26.7206","14.1089","48.8753","0.635628","0.451281","8.31467","8.89979","30.981","33.2107","0.427581","0.205134","-0.0160472","0.124255","0.316059","0.559279","0.000643343","0.000446398","0.00197537","0.000000613162","0.0184168","0.0120718","0.0495895","101877","4264.73","17689.1","108.055","6.16184","3342.8","2889.3","13319.7","45.6693","-57.5421","9.67942","31.868","-11.5195","8.4043","384.377","222.959","2087.68","384.242","765.772","86.4228","11.2857","519.418","599.339","384.191","1.56"
"56_TRLGL_RR_V4_an3","56_TRLGL_RR_V4","7.63","28.82","202","780","0.03665","3","False","14.07","14.36","20.68","21.02","377","386","558","567","56","STABLE","TRLGL","L","R","0.601683","0.436682","2.4864","0.653322","0.708189","4.17583","0.243438","0.220859","1.88672","0.187399","0.150262","1.19165","13.0657","8.43369","51.1316","56.6105","51.572","0.303719","0.235882","13.6411","10.6805","66.937","49.1963","0.235107","0.180483","-0.200748","0.158258","0.619688","1.03344","0.00136606","0.000828524","0.00387305","0.00000255256","0.0222462","0.0155661","0.0734246","91431.9","5900.59","30316.8","91.6679","3.52144","2751.12","2455.88","14341.7","169.374","-20.3839","21.2625","51.5442","-40.8229","12.2508","390.631","254.489","3034.78","390.628","768.821","30.8257","4.00948","228.58","2468.95","390.657","6.32"
"56_TRLGL_RR_V4_an4","56_TRLGL_RR_V4","7.63","28.82","202","780","0.03665","4","False","21.75",NULL,NULL,"21.94","587",NULL,NULL,"592","56","UNSTABLE","TRLGL","L","R","0.253093","0.145849","0.497258","4.39267","1.63368","7.32877","0.110241","0.0509877","0.19182","0.664443","0.192651","1.04869","3.36294","1.62187","6.90794","7.92983","7.99594","0.73669","0.141932","1.24486","2.71273","3.58933","8.37833","0.49745","0.258342","-0.217953","0.0767008","0.317249","0.228822","0.0013622","0.00047938","0.00198281","0.0000020854","0.021669","0.00605385","0.0286654","90577.8","3230.08","9697.44","91.2465","1.24296","3016.62","1932.42","6560.98","5.05195","-13.8925","1.3557","3.47969","-19.9381","0.844242","366.363","190.777","1156.56","366.87","727.603","22.1867","3.04928","66.2241","69.701","366.848","0.19"
"56_TRLGL_RR_V4_an5","56_TRLGL_RR_V4","7.63","28.82","202","780","0.03665","5","False","22.15","22.47","24.42","24.66","598","607","660","666","56","STABLE","TRLGL","L","R","1.30209","1.19088","5.43372","2.15545","1.53387","6.90986","0.418644","0.339364","2.18087","0.441182","0.299937","1.93912","25.1268","11.0492","52.3585","26.0228","79.1692","0.754464","0.436303","3.60036","23.456","15.1483","73.7337","0.502164","0.312538","-0.171198","0.0935773","0.403272","0.415846","0.00107471","0.00057614","0.00252045","0.00000148694","0.0190488","0.0151581","0.0598179","86667.8","2117.96","9699.7","89.2471","2.80725","2223.7","1578.22","7124.56","171.682","-15.4533","42.5953","86.4896","-8.76846","28.1684","486.582","318.565","2134.32","486.461","765.992","75.3493","9.83683","361.334","948.871","486.601","1.95"
"56_TRLGL_RR_V4_an6","56_TRLGL_RR_V4","7.63","28.82","202","780","0.03665","6","True","25.17","25.45","28.61","28.82","680","688","774","780","56","STABLE","TRLGL","L","R","0.398525","0.253751","1.26324","1.16607","0.889395","4.80854","0.155024","0.095484","0.603715","0.278713","0.213724","1.66962","16.4352","11.5189","71.5733","22.3132","87.3073","0.45334","0.382297","7.8326","21.4658","24.923","102.079","0.456197","0.480003","-0.128578","0.161568","0.429703","0.855488","0.00113682","0.000610839","0.00268565","0.00000166549","0.0154361","0.0121901","0.050427","90320.1","5035.24","29548.8","91.2918","3.6422","2631.3","1912.11","9208.8","58.2076","-3.82612","13.1432","32.0107","33.4776","7.3068","359.678","199.323","1263.62","359.795","768.711","19.7983","2.57552","111.391","1136.87","359.768","3.16"
"56_TRLGR_RR_V1_an1","56_TRLGR_RR_V1","7.62","20.5","201","555","0.03643","1","False","9.9",NULL,NULL,"10.17","263",NULL,NULL,"270","56","UNSTABLE","TRLGR","R","L","0.633746","0.205755","1.3216","2.4853","0.931699","4.0502","0.178543","0.0885588","0.442703","0.366131","0.139762","0.639977","11.458","6.66585","24.1371","1.20317","44.0567","1.64078","0.283652","1.99355","16.3323","6.03733","53.864","2.01468","0.512005","-0.285318","0.0791615","0.353015","0.263621","0.00178324","0.00049476","0.00220634","0.00000342472","0.0158492","0.0137939","0.0374108","102745","5267.64","16804.1","109.511","2.96873","7817.32","4529.16","16706.8","16.2753","-37.9384","3.95105","22.5487","-57.132","7.83262","388.097","197.155","1074.46","388.628","769.279","16.688","2.16931","54.0171","104.929","388.625","0.27"
"56_TRLGR_RR_V1_an2","56_TRLGR_RR_V1","7.62","20.5","201","555","0.03643","2","False","10.35",NULL,NULL,"10.51","275",NULL,NULL,"280","56","UNSTABLE","TRLGR","R","L","0.172237","0.06461","0.321504","0.602624","0.136338","0.842617","0.0992144","0.0361973","0.18312","0.124279","0.0441015","0.213153","2.25649","1.27681","4.53111","3.4335","7.55617","0.530822","0.0860289","1.20053","2.70784","3.88167","8.591","0.597917","0.150746","0.0549895","0.0906","0.205547","0.268138","0.000570496","0.000336589","0.00128467","0.000000438758","0.0250803","0.0118794","0.0432038","107106","7276.56","20545","110.544","2.82968","8073.46","4179.22","14167.5","4.01998","-49.67","0.941229","2.54343","-38.3216","0.611573","345.021","177.231","855.46","344.159","763.624","5.92921","0.776457","20.1416","55.0586","344.116","0.16"
"56_TRLGR_RR_V1_an3","56_TRLGR_RR_V1","7.62","20.5","201","555","0.03643","3","True","10.9","11.16",NULL,"20.5","291","298",NULL,"554","56","STABLE","TRLGR","R","L","0.616004","0.669951","4.42218","1.16378","1.03221","4.92629","0.23573","0.2225","2.09467","0.313618","0.316389","1.98286","23.0435","11.2322","71.697","45.7484","97.5306","0.39491","0.383002","14.4166","21.0486","49.7893","92.645","0.292408","0.254514","-0.104966","0.189108","0.545317","1.03473","0.00114848","0.000712967","0.00340823","0.00000182734","0.0161748","0.0129257","0.0577765","92203.4","6580.6","28559.3","92.5074","5.49886","2393.94","1983.4","9821.14","169.186","-74.0434","31.6932","105.762","-85.1264","24.2778","418.463","270.028","2231.49","418.427","776.622","50.8032","6.54155","585.031","3908.59","418.479","9.34"
"56_TRLGR_RR_V2_an1","56_TRLGR_RR_V2","7.56","28.25","202","771","0.0364","1","False","10.12","11.16","19.87","20.24","272","301","540","550","56","STABLE","TRLGR","R","L","0.486855","0.483707","4.65931","1.04445","1.0022","5.90857","0.19275","0.164847","1.48906","0.294647","0.310851","2.25671","17.6248","7.19401","38.0251","56.0386","49.9707","0.356602","0.255732","13.7181","20.5038","55.672","67.4047","0.308335","0.185572","-0.11259","0.184761","0.7516","1.07353","0.00111019","0.000772087","0.0046975","0.00000182863","0.0180478","0.0130065","0.0719078","93190.7","6828.12","45162.4","92.6581","6.21276","2536.35","2608.56","24717.1","161.58","-86.6399","29.7491","75.7169","-88.1046","19.6942","406.492","250.726","2518.43","406.474","775.918","28.1027","3.62186","245.67","3540.55","406.493","8.71"
"56_TRLGR_RR_V2_an2","56_TRLGR_RR_V2","7.56","28.25","202","771","0.0364","2","True","20.56","20.85",NULL,"28.25","559","567",NULL,"770","56","STABLE","TRLGR","R","L","0.458021","0.376755","1.89085","1.15679","1.16696","6.58815","0.168943","0.142082","1.6988","0.280288","0.288573","2.31636","10.341","7.27271","48.6263","37.5489","54.0887","0.290462","0.243729","7.46622","8.41713","27.8027","48.2333","0.238391","0.151709","-0.188515","0.152542","0.623225","1.16489","0.00130515","0.000770544","0.00389516","0.00000229715","0.0189419","0.014858","0.0687442","89172.7","4596.23","23152","90.2778","4.22671","2592.24","2025.17","10410.7","168.392","-84.5126","23.8","55.1541","-110.039","9.16698","410.863","252.42","2352","410.835","775.864","25.3815","3.27138","245.06","3040.38","410.862","7.4"
"56_TRLGR_RR_V3_an1","56_TRLGR_RR_V3","7.63","27.65","204","752","0.03649","1","False","10.62","10.9","19.76","19.98","285","294","536","542","56","STABLE","TRLGR","R","L","0.378514","0.280929","1.78282","0.856432","0.906226","3.97754","0.163667","0.120511","1.01703","0.254438","0.279419","2.19161","7.40051","4.3003","28.3043","19.8679","40.8706","0.228443","0.165118","6.07357","7.31993","27.434","41.5613","0.197481","0.123856","-0.0909508","0.22014","0.644418","1.19724","0.00123023","0.000838272","0.00402761","0.00000221617","0.017597","0.0121918","0.0645951","94652.4","7352.82","37576","93.6507","6.86798","2675.01","2279.09","12455.9","51.2743","-56.4898","9.73944","39.9482","-44.8474","9.06852","360.85","198.9","1287.57","360.879","776.628","23.9748","3.08704","196.231","3197.33","360.873","8.86"
"56_TRLGR_RR_V3_an2","56_TRLGR_RR_V3","7.63","27.65","204","752","0.03649","2","False","20.5","20.76","23.08","23.31","556","564","627","633","56","STABLE","TRLGR","R","L","1.02839","0.88372","4.25329","1.8567","1.26172","5.03269","0.33044","0.288582","2.17133","0.332741","0.232404","1.3975","24.1267","8.96474","51.4987","30.7339","76.0873","0.630255","0.323774","13.1858","23.4845","43.3937","73.6957","0.512998","0.291397","-0.186244","0.0995998","0.360847","0.427021","0.00120098","0.000547819","0.00225529","0.00000174246","0.0199528","0.0156527","0.07087","87596.9","2153.24","10101","89.9898","2.07826","1935.05","1632.01","7331.03","165.797","-67.2432","39.1896","98.6414","-74.9639","30.6504","463.267","318.962","2453.68","463.205","773.878","49.9957","6.46042","297.551","1074.73","463.247","2.32"
"56_TRLGR_RR_V3_an3","56_TRLGR_RR_V3","7.63","27.65","204","752","0.03649","3","False","23.92",NULL,NULL,"24.09","650",NULL,NULL,"655","56","UNSTABLE","TRLGR","R","L","0.393286","0.157509","0.867543","3.56959","0.999002","5.20511","0.16603","0.0921177","0.346222","0.389451","0.112644","0.556456","3.81287","2.24222","7.8372","2.96289","13.8446","0.846982","0.152579","4.30721","5.49684","13.3923","17.6657","1.30747","0.390784","-0.172098","0.0984426","0.243178","0.277305","0.00114671","0.000469627","0.00151986","0.00000153549","0.0254054","0.0181608","0.0474968","89364.4","2082.63","5456.21","91.1654","2.09941","2999.81","1166.29","4209.77","9.23814","-16.7926","3.17294","3.01475","-113.965","0.86157","353.551","208.741","1045.55","352.075","768.764","21.226","2.76106","61.0361","59.8775","352.221","0.17"
"56_TRLGR_RR_V3_an4","56_TRLGR_RR_V3","7.63","27.65","204","752","0.03649","4","False","24.4",NULL,NULL,"24.8","663",NULL,NULL,"674","56","UNSTABLE","TRLGR","R","L","0.316765","0.203941","0.785757","3.35603","1.03118","5.29604","0.149009","0.0583657","0.278489","0.439243","0.209248","0.81208","4.60097","2.06681","9.68055","10.8434","9.96028","0.546323","0.142534","2.33078","1.88784","7.714","7.03467","0.317746","0.157863","-0.193847","0.116232","0.381282","0.344717","0.00121154","0.000726448","0.00238301","0.00000199556","0.0177794","0.012562","0.0363451","85908.3","1945.35","7075.15","88.5178","1.97995","1583.38","719.139","2767.59","38.0988","-48.2436","11.3097","5.80656","-114.008","1.06351","374.109","209.53","1173.12","374.596","761.088","21.6501","2.84463","76.9062","149.837","374.593","0.4"
"56_TRLGR_RR_V3_an5","56_TRLGR_RR_V3","7.63","27.65","204","752","0.03649","5","False","25.08",NULL,NULL,"25.36","682",NULL,NULL,"689","56","UNSTABLE","TRLGR","R","L","0.37762","0.277476","0.93059","4.69215","1.4107","7.59708","0.170419","0.107317","0.447234","0.634097","0.226302","1.11912","3.01124","1.24676","5.86634","4.68144","3.74311","0.636086","0.229863","0.316224","1.30202","0.883333","4.55333","0.243151","0.135644","-0.232989","0.112444","0.35815","0.358478","0.00145669","0.000701714","0.00223844","0.00000261436","0.0177885","0.0163901","0.0560981","84541.3","2007.16","7137.25","86.5062","2.26994","1727.32","1455.28","5116.09","14.1913","-53.6174","4.35634","3.93618","-113.889","1.01781","409.199","214.255","1126.12","407.994","741.805","44.4104","5.98681","137.026","114.231","407.967","0.28"
"56_TRLGR_RR_V3_an6","56_TRLGR_RR_V3","7.63","27.65","204","752","0.03649","6","True","25.7","25.94","27.39","27.65","699","706","746","752","56","STABLE","TRLGR","R","L","0.911324","0.800356","3.85015","3.19509","1.68236","8.65052","0.340788","0.302605","1.99508","0.469798","0.289672","2.02674","19.1647","7.24744","33.6016","54.7928","25.4153","0.682303","0.278057","12.3451","9.1857","40.75","24.202","0.490204","0.161133","-0.0962935","0.176728","0.48626","0.765485","0.0010445","0.000700894","0.00303912","0.00000158224","0.0208001","0.0172987","0.0761438","93217.2","6467.93","22461.2","90.8551","3.04502","2632.18","2625.41","9731.68","94.3945","-65.6358","28.607","30.4392","-107.825","8.13266","409.027","232.562","1550.98","409.16","769.779","52.2515","6.78786","333.562","593.228","409.123","1.45"
"56_TRLGR_RR_V4_an1","56_TRLGR_RR_V4","7.59","29.38","204","802","0.03644","1","False","9.98",NULL,NULL,"10.18","269",NULL,NULL,"275","56","UNSTABLE","TRLGR","R","L","0.646248","0.281952","1.20176","1.42833","0.389822","2.06421","0.146676","0.0895066","0.426072","0.242048","0.0850285","0.447193","8.1987","4.77332","17.3793","3.94306","30.5147","1.54424","0.372385","1.16302","11.3792","4.07867","36.585","1.84601","0.476514","-0.281901","0.0233337","0.318566","0.064548","0.00176188","0.000145835","0.00199104","0.00000312549","0.00503206","0.00294425","0.0110709","101036","4171.42","13185.7","108.949","3.43797","5489.53","3473.01","12722.9","20.8326","-8.82826","7.48202","10.5931","-27.1486","3.75137","362.888","203.993","1128.01","363.203","775.716","23.6062","3.04315","73.5483","72.6332","363.166","0.2"
"56_TRLGR_RR_V4_an2","56_TRLGR_RR_V4","7.59","29.38","204","802","0.03644","2","False","10.83","11.62","13.35","13.58","292","315","362","368","56","STABLE","TRLGR","R","L","0.993967","0.909947","4.05103","1.49012","1.0257","3.6297","0.304956","0.242552","1.34418","0.419774","0.421437","2.63101","15.3931","7.11025","35.5107","25.4927","47.0056","0.56377","0.362915","6.84417","11.7401","21.8333","40.5223","0.385853","0.275703","0.116854","0.168569","0.578526","0.856178","0.00101678","0.000780732","0.00361579","0.00000164338","0.0188767","0.0132296","0.059874","100469","3858.58","16138.7","95.7519","3.00591","1896.97","1305.28","5215.35","164.646","-59.7707","31.9393","93.2467","-26.0576","20.5885","407.381","256.071","2218.17","407.492","772","57.2171","7.41155","278.629","704.822","407.411","1.73"
"56_TRLGR_RR_V4_an3","56_TRLGR_RR_V4","7.59","29.38","204","802","0.03644","3","False","13.88","14.17","17.81","18.1","376","385","484","492","56","STABLE","TRLGR","R","L","0.667857","0.68829","3.79578","1.38522","1.08073","4.58582","0.259137","0.22827","1.60141","0.347925","0.301217","2.18278","15.8732","5.32032","39.8404","59.0959","29.8365","0.455645","0.341164","11.5089","9.59622","56.974","29.677","0.362977","0.236077","-0.172587","0.117298","0.452013","0.600979","0.00114564","0.000623288","0.00282508","0.00000170098","0.0198046","0.0143993","0.0616494","88188.5","3113.16","16186.8","90.5464","3.04808","2750.65","1818.13","6610.6","106.993","-56.6412","25.0729","54.753","-76.5652","12.7312","396.408","230.646","1543.32","396.515","775.252","50.1878","6.47374","373.236","1443.08","396.45","3.64"
"56_TRLGR_RR_V4_an4","56_TRLGR_RR_V4","7.59","29.38","204","802","0.03644","4","False","18.98",NULL,NULL,"19.22","516",NULL,NULL,"523","56","UNSTABLE","TRLGR","R","L","1.10311","0.348598","1.78973","5.43201","2.63264","9.6376","0.33516","0.171661","0.800021","0.54825","0.250774","0.938879","15.3415","8.80035","29.5341","53.2099","23.1216","2.43362","0.0929113","14.9715","2.11882","49.205","7.25167","2.08625","0.153032","-0.376565","0.205226","0.695415","0.649628","0.00235353","0.00128267","0.00434634","0.00000718435","0.027129","0.013921","0.0559864","91508.8","6355.88","19456.4","88.7949","3.59455","4045.06","1339.28","6871.65","62.1707","-49.5005","19.1334","9.55375","-79.6906","3.12471","428.998","249.874","1435.71","430.204","786.143","51.3972","6.53789","150.759","103.208","430.035","0.24"
"56_TRLGR_RR_V4_an5","56_TRLGR_RR_V4","7.59","29.38","204","802","0.03644","5","False","19.75","20.03","23.13","23.4","537","545","630","637","56","STABLE","TRLGR","R","L","0.775977","0.7784","3.98923","1.43466","1.04078","5.22803","0.247855","0.200445","1.06984","0.335121","0.250188","2.31404","15.7496","8.01425","41.7979","62.5611","31.508","0.564618","0.286855","16.2435","9.53617","68.6423","31.84","0.482974","0.26602","-0.19788","0.132835","0.429266","0.686458","0.00133427","0.000662221","0.00268291","0.00000221882","0.0190936","0.0151062","0.0755454","90286.5","6256.64","30609.8","89.6018","3.01885","2943.02","2433.9","13180.7","170.016","-93.9788","35.0522","84.2863","-83.8885","19.9602","434.756","303.617","2066.87","434.884","775.288","38.0651","4.9098","243.838","1347.95","434.822","3.1"
"56_TRLGR_RR_V4_an6","56_TRLGR_RR_V4","7.59","29.38","204","802","0.03644","6","False","24.55",NULL,NULL,"24.84","669",NULL,NULL,"677","56","UNSTABLE","TRLGR","R","L","0.51131","0.311882","1.08248","6.12618","0.740153","7.7436","0.222432","0.175199","0.846759","0.580287","0.254802","1.03657","15.5839","8.7177","29.8284","37.1921","44.4919","2.02738","0.145545","11.9748","7.34374","38.482","24.9077","1.62798","0.458623","-0.195603","0.118763","0.325157","0.36927","0.00128378","0.000630405","0.00203223","0.00000204551","0.0212244","0.0122273","0.0440159","89180.5","3346.25","12691.6","88.214","4.80498","3404.46","2541.03","6908.35","39.4446","-57.3579","10.5039","17.011","-99.2272","4.36369","418.611","204.802","961.306","418.238","767.585","38.4721","5.0121","124.208","121.281","418.211","0.29"
"56_TRLGR_RR_V4_an7","56_TRLGR_RR_V4","7.59","29.38","204","802","0.03644","7","True","25.29","25.53",NULL,"29.38","689","696",NULL,"801","56","STABLE","TRLGR","R","L","0.523023","0.503641","3.40844","1.18207","1.12816","5.0409","0.185516","0.172956","1.36629","0.30618","0.246766","1.46308","12.2919","6.13888","29.8167","23.7689","43.5921","0.360337","0.280352","5.54009","12.555","21.996","50.2617","0.341236","0.204296","-0.257716","0.179495","0.724452","1.0801","0.00170195","0.000977924","0.00452783","0.00000385298","0.0162018","0.0101966","0.0427922","90603.4","5454.03","25623.7","90.4932","3.883","2816.43","2430.09","11775.7","160.762","-60.6666","29.4388","74.8773","-97.5403","17.4765","398.254","238.076","1779.55","398.386","774.867","28.7367","3.7086","268.253","1533.52","398.317","3.85"
